question,expected_answer
"Solve this cryptarithm:

  SISS
+  ISO
------
  NSOT

Each letter stands for a unique digit (0-9). No leading letter can be zero.
Provide a comma separated mapping from letters to digits that satisfies the equation in your final answer. Output format: ""A=1,B=2,C=3"" (without quotes)
","I=7,N=5,O=9,S=4,T=3"
"Solve this cryptarithm:

    JMG
   MMTE
+ GLEGB
-------
  JCVLT

Each letter stands for a unique digit (0-9). No leading letter can be zero.
Provide a comma separated mapping from letters to digits that satisfies the equation in your final answer. Output format: ""A=1,B=2,C=3"" (without quotes)
","B=1,C=0,E=7,G=4,J=5,L=3,M=6,T=2,V=9"
"Solve this cryptarithm:

     FYK
   YSFMF
+  KFIDI
--------
  MIFYSN

Each letter stands for a unique digit (0-9). No leading letter can be zero.
Provide a comma separated mapping from letters to digits that satisfies the equation in your final answer. Output format: ""A=1,B=2,C=3"" (without quotes)
","D=3,F=6,I=2,K=7,M=1,N=5,S=9,Y=4"
"Solve this cryptarithm:

  WFSM
+ TNMM
------
  KSSM

Each letter stands for a unique digit (0-9). No leading letter can be zero.
Provide a comma separated mapping from letters to digits that satisfies the equation in your final answer. Output format: ""A=1,B=2,C=3"" (without quotes)
","F=8,K=9,M=0,N=3,S=1,T=6,W=2"
"Solve this cryptarithm:

   ISQF
   JQOF
+ OWFEB
-------
  EESJI

Each letter stands for a unique digit (0-9). No leading letter can be zero.
Provide a comma separated mapping from letters to digits that satisfies the equation in your final answer. Output format: ""A=1,B=2,C=3"" (without quotes)
","B=0,E=6,F=2,I=4,J=8,O=5,Q=7,S=9,W=3"
"Solve this cryptarithm:

  JVPPC
+ DPPCD
-------
  GJDGF

Each letter stands for a unique digit (0-9). No leading letter can be zero.
Provide a comma separated mapping from letters to digits that satisfies the equation in your final answer. Output format: ""A=1,B=2,C=3"" (without quotes)
","C=5,D=4,F=9,G=7,J=3,P=2,V=1"
"Solve this cryptarithm:

     YLY
   YTJNV
+  JNNWD
--------
  IWWYYW

Each letter stands for a unique digit (0-9). No leading letter can be zero.
Provide a comma separated mapping from letters to digits that satisfies the equation in your final answer. Output format: ""A=1,B=2,C=3"" (without quotes)
","D=7,I=1,J=6,L=9,N=3,T=8,V=0,W=2,Y=5"
"Solve this cryptarithm:

   MQTM
+ RMAJT
-------
  MRYJM

Each letter stands for a unique digit (0-9). No leading letter can be zero.
Provide a comma separated mapping from letters to digits that satisfies the equation in your final answer. Output format: ""A=1,B=2,C=3"" (without quotes)
","A=2,J=3,M=8,Q=9,R=7,T=0,Y=1"
"Solve this cryptarithm:

   DNNA
+ QFFAV
-------
  QHAHA

Each letter stands for a unique digit (0-9). No leading letter can be zero.
Provide a comma separated mapping from letters to digits that satisfies the equation in your final answer. Output format: ""A=1,B=2,C=3"" (without quotes)
","A=1,D=5,F=3,H=9,N=8,Q=7,V=0"
"Solve this cryptarithm:

   SLF
+  OVE
------
  UWCC

Each letter stands for a unique digit (0-9). No leading letter can be zero.
Provide a comma separated mapping from letters to digits that satisfies the equation in your final answer. Output format: ""A=1,B=2,C=3"" (without quotes)
","C=6,E=9,F=7,L=5,O=4,S=8,U=1,V=0,W=2"
"Solve this cryptarithm:

   PHMV
+ NPNMF
-------
  HPJNN

Each letter stands for a unique digit (0-9). No leading letter can be zero.
Provide a comma separated mapping from letters to digits that satisfies the equation in your final answer. Output format: ""A=1,B=2,C=3"" (without quotes)
","F=1,H=5,J=0,M=7,N=4,P=9,V=3"
"Solve this cryptarithm:

   KYKO
+ YXBHU
-------
  BAHFF

Each letter stands for a unique digit (0-9). No leading letter can be zero.
Provide a comma separated mapping from letters to digits that satisfies the equation in your final answer. Output format: ""A=1,B=2,C=3"" (without quotes)
","A=0,B=4,F=8,H=7,K=1,O=6,U=2,X=9,Y=3"
"Solve this cryptarithm:

    ECE
+ WUWUE
-------
  WELKV

Each letter stands for a unique digit (0-9). No leading letter can be zero.
Provide a comma separated mapping from letters to digits that satisfies the equation in your final answer. Output format: ""A=1,B=2,C=3"" (without quotes)
","C=5,E=7,K=2,L=1,U=6,V=4,W=3"
"Solve this cryptarithm:

    CMX
+ HOGZI
-------
  HICCI

Each letter stands for a unique digit (0-9). No leading letter can be zero.
Provide a comma separated mapping from letters to digits that satisfies the equation in your final answer. Output format: ""A=1,B=2,C=3"" (without quotes)
","C=5,G=9,H=1,I=3,M=7,O=2,X=0,Z=8"
"Solve this cryptarithm:

   LGLV
  WMVMM
+   KZO
-------
  WRGOI

Each letter stands for a unique digit (0-9). No leading letter can be zero.
Provide a comma separated mapping from letters to digits that satisfies the equation in your final answer. Output format: ""A=1,B=2,C=3"" (without quotes)
","G=3,I=8,K=9,L=5,M=0,O=7,R=6,V=1,W=4,Z=2"
"Solve this cryptarithm:

    BHB
  XHDHP
+   JDD
-------
  XPPXH

Each letter stands for a unique digit (0-9). No leading letter can be zero.
Provide a comma separated mapping from letters to digits that satisfies the equation in your final answer. Output format: ""A=1,B=2,C=3"" (without quotes)
","B=9,D=0,H=2,J=4,P=3,X=5"
"Solve this cryptarithm:

  OGO
+ XHG
-----
  EER

Each letter stands for a unique digit (0-9). No leading letter can be zero.
Provide a comma separated mapping from letters to digits that satisfies the equation in your final answer. Output format: ""A=1,B=2,C=3"" (without quotes)
","E=9,G=7,H=1,O=5,R=2,X=4"
"Solve this cryptarithm:

   FGMP
   RPRY
+  QMMU
-------
  SFYGU

Each letter stands for a unique digit (0-9). No leading letter can be zero.
Provide a comma separated mapping from letters to digits that satisfies the equation in your final answer. Output format: ""A=1,B=2,C=3"" (without quotes)
","F=8,G=9,M=3,P=4,Q=7,R=2,S=1,U=5,Y=6"
"Solve this cryptarithm:

    HST
  RNLZH
+ SLLNR
-------
  YLYYK

Each letter stands for a unique digit (0-9). No leading letter can be zero.
Provide a comma separated mapping from letters to digits that satisfies the equation in your final answer. Output format: ""A=1,B=2,C=3"" (without quotes)
","H=5,K=6,L=2,N=0,R=8,S=1,T=3,Y=9,Z=7"
"Solve this cryptarithm:

   OYWV
   LHAW
+ AWWSW
-------
  LHSYV

Each letter stands for a unique digit (0-9). No leading letter can be zero.
Provide a comma separated mapping from letters to digits that satisfies the equation in your final answer. Output format: ""A=1,B=2,C=3"" (without quotes)
","A=7,H=2,L=8,O=4,S=9,V=3,W=0,Y=6"
"Solve this cryptarithm:

   VMIH
+  BIMY
-------
  JIIIS

Each letter stands for a unique digit (0-9). No leading letter can be zero.
Provide a comma separated mapping from letters to digits that satisfies the equation in your final answer. Output format: ""A=1,B=2,C=3"" (without quotes)
","B=8,H=4,I=3,J=1,M=0,S=6,V=5,Y=2"
"Solve this cryptarithm:

   LMR
+ MRCN
------
  RQRI

Each letter stands for a unique digit (0-9). No leading letter can be zero.
Provide a comma separated mapping from letters to digits that satisfies the equation in your final answer. Output format: ""A=1,B=2,C=3"" (without quotes)
","C=0,I=2,L=5,M=7,N=4,Q=3,R=8"
"Solve this cryptarithm:

   MZEZK
   HXEMM
+  HEXXM
--------
  MGGGKG

Each letter stands for a unique digit (0-9). No leading letter can be zero.
Provide a comma separated mapping from letters to digits that satisfies the equation in your final answer. Output format: ""A=1,B=2,C=3"" (without quotes)
","E=5,G=0,H=8,K=6,M=2,X=9,Z=4"
"Solve this cryptarithm:

  JIA
+ HJM
-----
  AAH

Each letter stands for a unique digit (0-9). No leading letter can be zero.
Provide a comma separated mapping from letters to digits that satisfies the equation in your final answer. Output format: ""A=1,B=2,C=3"" (without quotes)
","A=8,H=7,I=6,J=1,M=9"
"Solve this cryptarithm:

   TRVJ
+ GTLLS
-------
  JJRDJ

Each letter stands for a unique digit (0-9). No leading letter can be zero.
Provide a comma separated mapping from letters to digits that satisfies the equation in your final answer. Output format: ""A=1,B=2,C=3"" (without quotes)
","D=1,G=6,J=7,L=9,R=5,S=0,T=8,V=2"
"Solve this cryptarithm:

  RRNIX
  CMIHH
+   TRP
-------
  NXTXR

Each letter stands for a unique digit (0-9). No leading letter can be zero.
Provide a comma separated mapping from letters to digits that satisfies the equation in your final answer. Output format: ""A=1,B=2,C=3"" (without quotes)
","C=3,H=8,I=2,M=0,N=7,P=1,R=4,T=9,X=5"
"Solve this cryptarithm:

  QKKYK
+ RRDWN
-------
  WPRDD

Each letter stands for a unique digit (0-9). No leading letter can be zero.
Provide a comma separated mapping from letters to digits that satisfies the equation in your final answer. Output format: ""A=1,B=2,C=3"" (without quotes)
","D=0,K=4,N=6,P=9,Q=3,R=5,W=8,Y=1"
"Solve this cryptarithm:

    QKK
  SMFFM
+  ZBBH
-------
  MSHSS

Each letter stands for a unique digit (0-9). No leading letter can be zero.
Provide a comma separated mapping from letters to digits that satisfies the equation in your final answer. Output format: ""A=1,B=2,C=3"" (without quotes)
","B=5,F=0,H=2,K=7,M=4,Q=6,S=3,Z=8"
"Solve this cryptarithm:

  VSVR
+  WLV
------
  VUMS

Each letter stands for a unique digit (0-9). No leading letter can be zero.
Provide a comma separated mapping from letters to digits that satisfies the equation in your final answer. Output format: ""A=1,B=2,C=3"" (without quotes)
","L=8,M=5,R=4,S=0,U=3,V=6,W=2"
"Solve this cryptarithm:

  SJGJR
   WGHH
+  FRGG
-------
  BBEHB

Each letter stands for a unique digit (0-9). No leading letter can be zero.
Provide a comma separated mapping from letters to digits that satisfies the equation in your final answer. Output format: ""A=1,B=2,C=3"" (without quotes)
","B=3,E=6,F=8,G=4,H=2,J=5,R=7,S=1,W=9"
"Solve this cryptarithm:

  EOPE
  QOPU
+  EWO
------
  OWEY

Each letter stands for a unique digit (0-9). No leading letter can be zero.
Provide a comma separated mapping from letters to digits that satisfies the equation in your final answer. Output format: ""A=1,B=2,C=3"" (without quotes)
","E=5,O=8,P=6,Q=1,U=4,W=2,Y=7"
"Solve this cryptarithm:

  OCSO
   YOV
+  VCL
------
  UJVJ

Each letter stands for a unique digit (0-9). No leading letter can be zero.
Provide a comma separated mapping from letters to digits that satisfies the equation in your final answer. Output format: ""A=1,B=2,C=3"" (without quotes)
","C=1,J=3,L=7,O=4,S=6,U=5,V=2,Y=9"
"Solve this cryptarithm:

   IDG
+ EUBJ
------
  EOOJ

Each letter stands for a unique digit (0-9). No leading letter can be zero.
Provide a comma separated mapping from letters to digits that satisfies the equation in your final answer. Output format: ""A=1,B=2,C=3"" (without quotes)
","B=1,D=8,E=5,G=0,I=7,J=6,O=9,U=2"
"Solve this cryptarithm:

  KYYT
+ ITIQ
------
  XYVY

Each letter stands for a unique digit (0-9). No leading letter can be zero.
Provide a comma separated mapping from letters to digits that satisfies the equation in your final answer. Output format: ""A=1,B=2,C=3"" (without quotes)
","I=4,K=3,Q=7,T=9,V=1,X=8,Y=6"
"Solve this cryptarithm:

    NIZP
   GIUNG
+  GNIGZ
--------
  LBPLBI

Each letter stands for a unique digit (0-9). No leading letter can be zero.
Provide a comma separated mapping from letters to digits that satisfies the equation in your final answer. Output format: ""A=1,B=2,C=3"" (without quotes)
","B=2,G=5,I=8,L=1,N=7,P=4,U=3,Z=9"
"Solve this cryptarithm:

   AKZN
  AKAAU
+ MKKAB
-------
  ZKUBK

Each letter stands for a unique digit (0-9). No leading letter can be zero.
Provide a comma separated mapping from letters to digits that satisfies the equation in your final answer. Output format: ""A=1,B=2,C=3"" (without quotes)
","A=7,B=4,K=2,M=1,N=5,U=3,Z=9"
"Solve this cryptarithm:

   SIZN
+ MMSXO
-------
  MBMYN

Each letter stands for a unique digit (0-9). No leading letter can be zero.
Provide a comma separated mapping from letters to digits that satisfies the equation in your final answer. Output format: ""A=1,B=2,C=3"" (without quotes)
","B=9,I=7,M=3,N=6,O=0,S=5,X=4,Y=2,Z=8"
"Solve this cryptarithm:

  KZII
   DYS
+  DSI
------
  KNQS

Each letter stands for a unique digit (0-9). No leading letter can be zero.
Provide a comma separated mapping from letters to digits that satisfies the equation in your final answer. Output format: ""A=1,B=2,C=3"" (without quotes)
","D=1,I=0,K=7,N=4,Q=8,S=5,Y=3,Z=2"
"Solve this cryptarithm:

   NVX
  NFDS
+  JGV
------
  LSYG

Each letter stands for a unique digit (0-9). No leading letter can be zero.
Provide a comma separated mapping from letters to digits that satisfies the equation in your final answer. Output format: ""A=1,B=2,C=3"" (without quotes)
","D=1,F=2,G=5,J=9,L=7,N=6,S=8,V=3,X=4,Y=0"
"Solve this cryptarithm:

  FYCLM
+ QFCQE
-------
  EPCMP

Each letter stands for a unique digit (0-9). No leading letter can be zero.
Provide a comma separated mapping from letters to digits that satisfies the equation in your final answer. Output format: ""A=1,B=2,C=3"" (without quotes)
","C=0,E=7,F=2,L=3,M=9,P=6,Q=5,Y=4"
"Solve this cryptarithm:

  KKDPD
+  XKRK
-------
  KIPKT

Each letter stands for a unique digit (0-9). No leading letter can be zero.
Provide a comma separated mapping from letters to digits that satisfies the equation in your final answer. Output format: ""A=1,B=2,C=3"" (without quotes)
","D=5,I=3,K=1,P=7,R=4,T=6,X=2"
"Solve this cryptarithm:

  DJDWJ
+   UJH
-------
  DKJWH

Each letter stands for a unique digit (0-9). No leading letter can be zero.
Provide a comma separated mapping from letters to digits that satisfies the equation in your final answer. Output format: ""A=1,B=2,C=3"" (without quotes)
","D=8,H=4,J=0,K=1,U=2,W=5"
"Solve this cryptarithm:

   BMH
  LIGZ
+  ZGV
------
  IZLS

Each letter stands for a unique digit (0-9). No leading letter can be zero.
Provide a comma separated mapping from letters to digits that satisfies the equation in your final answer. Output format: ""A=1,B=2,C=3"" (without quotes)
","B=7,G=3,H=0,I=2,L=1,M=4,S=5,V=9,Z=6"
"Solve this cryptarithm:

  UPXLG
+ LDULN
-------
  YLPUY

Each letter stands for a unique digit (0-9). No leading letter can be zero.
Provide a comma separated mapping from letters to digits that satisfies the equation in your final answer. Output format: ""A=1,B=2,C=3"" (without quotes)
","D=8,G=1,L=2,N=6,P=3,U=4,X=9,Y=7"
"Solve this cryptarithm:

  PSFHG
+   PPJ
-------
  PSNQH

Each letter stands for a unique digit (0-9). No leading letter can be zero.
Provide a comma separated mapping from letters to digits that satisfies the equation in your final answer. Output format: ""A=1,B=2,C=3"" (without quotes)
","F=0,G=9,H=4,J=5,N=8,P=7,Q=2,S=3"
"Solve this cryptarithm:

   BBDSZ
+    VBJ
--------
  AQQJSS

Each letter stands for a unique digit (0-9). No leading letter can be zero.
Provide a comma separated mapping from letters to digits that satisfies the equation in your final answer. Output format: ""A=1,B=2,C=3"" (without quotes)
","A=1,B=9,D=6,J=4,Q=0,S=2,V=7,Z=8"
"Solve this cryptarithm:

   QJZOE
   QIZQZ
+  MMQOI
--------
  GZOZDM

Each letter stands for a unique digit (0-9). No leading letter can be zero.
Provide a comma separated mapping from letters to digits that satisfies the equation in your final answer. Output format: ""A=1,B=2,C=3"" (without quotes)
","D=9,E=6,G=2,I=7,J=3,M=4,O=5,Q=8,Z=1"
"Solve this cryptarithm:

  ZIWRS
  ZZAYY
+  BWZZ
-------
  XYKIB

Each letter stands for a unique digit (0-9). No leading letter can be zero.
Provide a comma separated mapping from letters to digits that satisfies the equation in your final answer. Output format: ""A=1,B=2,C=3"" (without quotes)
","A=0,B=6,I=4,K=7,R=9,S=1,W=8,X=5,Y=3,Z=2"
"Solve this cryptarithm:

   YFZ
+ BFDX
------
  BYXD

Each letter stands for a unique digit (0-9). No leading letter can be zero.
Provide a comma separated mapping from letters to digits that satisfies the equation in your final answer. Output format: ""A=1,B=2,C=3"" (without quotes)
","B=8,D=5,F=0,X=6,Y=4,Z=9"
"Solve this cryptarithm:

  VKBX
+  OKX
------
  AKHP

Each letter stands for a unique digit (0-9). No leading letter can be zero.
Provide a comma separated mapping from letters to digits that satisfies the equation in your final answer. Output format: ""A=1,B=2,C=3"" (without quotes)
","A=4,B=8,H=1,K=2,O=9,P=0,V=3,X=5"
"Solve this cryptarithm:

   UNJZ
  HHZBN
+  GZBU
-------
  NNZUH

Each letter stands for a unique digit (0-9). No leading letter can be zero.
Provide a comma separated mapping from letters to digits that satisfies the equation in your final answer. Output format: ""A=1,B=2,C=3"" (without quotes)
","B=8,G=6,H=2,J=7,N=3,U=4,Z=5"
"Solve this cryptarithm:

  XRNS
+ XNAQ
------
  NXES

Each letter stands for a unique digit (0-9). No leading letter can be zero.
Provide a comma separated mapping from letters to digits that satisfies the equation in your final answer. Output format: ""A=1,B=2,C=3"" (without quotes)
","A=6,E=9,N=3,Q=0,R=8,S=4,X=1"
"Solve this cryptarithm:

  TSXOH
    OTH
+  XRLL
-------
  RURQL

Each letter stands for a unique digit (0-9). No leading letter can be zero.
Provide a comma separated mapping from letters to digits that satisfies the equation in your final answer. Output format: ""A=1,B=2,C=3"" (without quotes)
","H=0,L=5,O=1,Q=2,R=7,S=4,T=6,U=3,X=8"
"Solve this cryptarithm:

   DWRW
    DDA
+ QRAOR
-------
  QOYRO

Each letter stands for a unique digit (0-9). No leading letter can be zero.
Provide a comma separated mapping from letters to digits that satisfies the equation in your final answer. Output format: ""A=1,B=2,C=3"" (without quotes)
","A=5,D=3,O=6,Q=4,R=2,W=9,Y=8"
"Solve this cryptarithm:

   MSLM
+  TPMY
-------
  AAMCZ

Each letter stands for a unique digit (0-9). No leading letter can be zero.
Provide a comma separated mapping from letters to digits that satisfies the equation in your final answer. Output format: ""A=1,B=2,C=3"" (without quotes)
","A=1,C=0,L=6,M=3,P=4,S=8,T=7,Y=9,Z=2"
"Solve this cryptarithm:

  BSNNW
+  SBTA
-------
  BQENN

Each letter stands for a unique digit (0-9). No leading letter can be zero.
Provide a comma separated mapping from letters to digits that satisfies the equation in your final answer. Output format: ""A=1,B=2,C=3"" (without quotes)
","A=4,B=7,E=0,N=2,Q=3,S=1,T=9,W=8"
"Solve this cryptarithm:

  GIPGG
+ DNNUK
-------
  SPKPI

Each letter stands for a unique digit (0-9). No leading letter can be zero.
Provide a comma separated mapping from letters to digits that satisfies the equation in your final answer. Output format: ""A=1,B=2,C=3"" (without quotes)
","D=3,G=5,I=6,K=1,N=2,P=9,S=8,U=4"
"Solve this cryptarithm:

   XTUVI
   CWCCT
+  TMWWC
--------
  UYIXMI

Each letter stands for a unique digit (0-9). No leading letter can be zero.
Provide a comma separated mapping from letters to digits that satisfies the equation in your final answer. Output format: ""A=1,B=2,C=3"" (without quotes)
","C=2,I=7,M=9,T=8,U=1,V=6,W=0,X=3,Y=4"
"Solve this cryptarithm:

    NNO
+ TONTX
-------
  XSQPT

Each letter stands for a unique digit (0-9). No leading letter can be zero.
Provide a comma separated mapping from letters to digits that satisfies the equation in your final answer. Output format: ""A=1,B=2,C=3"" (without quotes)
","N=8,O=9,P=2,Q=7,S=0,T=3,X=4"
"Solve this cryptarithm:

  XCDQG
    SGS
+   UUS
-------
  XQKKX

Each letter stands for a unique digit (0-9). No leading letter can be zero.
Provide a comma separated mapping from letters to digits that satisfies the equation in your final answer. Output format: ""A=1,B=2,C=3"" (without quotes)
","C=0,D=9,G=3,K=4,Q=2,S=6,U=8,X=5"
"Solve this cryptarithm:

    GVM
  CKVMA
+ DCVKG
-------
  GMCCK

Each letter stands for a unique digit (0-9). No leading letter can be zero.
Provide a comma separated mapping from letters to digits that satisfies the equation in your final answer. Output format: ""A=1,B=2,C=3"" (without quotes)
","A=3,C=7,D=1,G=9,K=2,M=0,V=4"
"Solve this cryptarithm:

   UPRJH
+  PONXR
--------
  JPJUPA

Each letter stands for a unique digit (0-9). No leading letter can be zero.
Provide a comma separated mapping from letters to digits that satisfies the equation in your final answer. Output format: ""A=1,B=2,C=3"" (without quotes)
","A=0,H=8,J=1,N=7,O=5,P=6,R=2,U=9,X=4"
"Solve this cryptarithm:

  EMOQL
+   QEQ
-------
  EOBRQ

Each letter stands for a unique digit (0-9). No leading letter can be zero.
Provide a comma separated mapping from letters to digits that satisfies the equation in your final answer. Output format: ""A=1,B=2,C=3"" (without quotes)
","B=2,E=9,L=0,M=6,O=7,Q=4,R=3"
"Solve this cryptarithm:

   HHY
  GOSH
+ BHHB
------
  EBHX

Each letter stands for a unique digit (0-9). No leading letter can be zero.
Provide a comma separated mapping from letters to digits that satisfies the equation in your final answer. Output format: ""A=1,B=2,C=3"" (without quotes)
","B=2,E=5,G=1,H=6,O=9,S=4,X=8,Y=0"
"Solve this cryptarithm:

  ZVSKM
    KVJ
+  XMKV
-------
  ZTMTZ

Each letter stands for a unique digit (0-9). No leading letter can be zero.
Provide a comma separated mapping from letters to digits that satisfies the equation in your final answer. Output format: ""A=1,B=2,C=3"" (without quotes)
","J=0,K=8,M=4,S=1,T=9,V=3,X=5,Z=7"
"Solve this cryptarithm:

   ECSC
+  JBCE
-------
  CCUPB

Each letter stands for a unique digit (0-9). No leading letter can be zero.
Provide a comma separated mapping from letters to digits that satisfies the equation in your final answer. Output format: ""A=1,B=2,C=3"" (without quotes)
","B=5,C=1,E=4,J=7,P=9,S=8,U=6"
"Solve this cryptarithm:

   KWCSC
   SPWKK
+  DTCSK
--------
  CMTNMW

Each letter stands for a unique digit (0-9). No leading letter can be zero.
Provide a comma separated mapping from letters to digits that satisfies the equation in your final answer. Output format: ""A=1,B=2,C=3"" (without quotes)
","C=1,D=6,K=4,M=8,N=2,P=0,S=7,T=5,W=9"
"Solve this cryptarithm:

  QXCCR
+ SBOQB
-------
  XROQD

Each letter stands for a unique digit (0-9). No leading letter can be zero.
Provide a comma separated mapping from letters to digits that satisfies the equation in your final answer. Output format: ""A=1,B=2,C=3"" (without quotes)
","B=2,C=9,D=0,O=3,Q=4,R=8,S=1,X=5"
"Solve this cryptarithm:

  PATEB
+   NEX
-------
  PAEBN

Each letter stands for a unique digit (0-9). No leading letter can be zero.
Provide a comma separated mapping from letters to digits that satisfies the equation in your final answer. Output format: ""A=1,B=2,C=3"" (without quotes)
","A=4,B=6,E=8,N=7,P=5,T=0,X=1"
"Solve this cryptarithm:

    WSM
    MMW
+ KSUMM
-------
  KWVYY

Each letter stands for a unique digit (0-9). No leading letter can be zero.
Provide a comma separated mapping from letters to digits that satisfies the equation in your final answer. Output format: ""A=1,B=2,C=3"" (without quotes)
","K=8,M=4,S=1,U=9,V=6,W=2,Y=0"
"Solve this cryptarithm:

    MXX
  REARX
+   XJR
-------
  RMEER

Each letter stands for a unique digit (0-9). No leading letter can be zero.
Provide a comma separated mapping from letters to digits that satisfies the equation in your final answer. Output format: ""A=1,B=2,C=3"" (without quotes)
","A=3,E=7,J=9,M=8,R=2,X=5"
"Solve this cryptarithm:

  WPS
+ IDK
-----
  XHW

Each letter stands for a unique digit (0-9). No leading letter can be zero.
Provide a comma separated mapping from letters to digits that satisfies the equation in your final answer. Output format: ""A=1,B=2,C=3"" (without quotes)
","D=0,H=2,I=5,K=9,P=1,S=4,W=3,X=8"
"Solve this cryptarithm:

  HCXO
+  DLL
------
  IXXO

Each letter stands for a unique digit (0-9). No leading letter can be zero.
Provide a comma separated mapping from letters to digits that satisfies the equation in your final answer. Output format: ""A=1,B=2,C=3"" (without quotes)
","C=9,D=4,H=6,I=7,L=0,O=5,X=3"
"Solve this cryptarithm:

     YFQ
   FCDQT
+  JJYQD
--------
  QDRRRX

Each letter stands for a unique digit (0-9). No leading letter can be zero.
Provide a comma separated mapping from letters to digits that satisfies the equation in your final answer. Output format: ""A=1,B=2,C=3"" (without quotes)
","C=2,D=5,F=8,J=6,Q=1,R=0,T=3,X=9,Y=7"
"Solve this cryptarithm:

    PVA
+ PHCPP
-------
  PPAOT

Each letter stands for a unique digit (0-9). No leading letter can be zero.
Provide a comma separated mapping from letters to digits that satisfies the equation in your final answer. Output format: ""A=1,B=2,C=3"" (without quotes)
","A=1,C=2,H=7,O=3,P=8,T=9,V=5"
"Solve this cryptarithm:

    IIS
+ RKLGS
-------
  RGLKW

Each letter stands for a unique digit (0-9). No leading letter can be zero.
Provide a comma separated mapping from letters to digits that satisfies the equation in your final answer. Output format: ""A=1,B=2,C=3"" (without quotes)
","G=3,I=9,K=2,L=1,R=6,S=4,W=8"
"Solve this cryptarithm:

  ALNFT
+  JFFZ
-------
  DQNFL

Each letter stands for a unique digit (0-9). No leading letter can be zero.
Provide a comma separated mapping from letters to digits that satisfies the equation in your final answer. Output format: ""A=1,B=2,C=3"" (without quotes)
","A=1,D=2,F=0,J=7,L=9,N=3,Q=6,T=4,Z=5"
"Solve this cryptarithm:

  QDQY
+  IQY
------
  VPGG

Each letter stands for a unique digit (0-9). No leading letter can be zero.
Provide a comma separated mapping from letters to digits that satisfies the equation in your final answer. Output format: ""A=1,B=2,C=3"" (without quotes)
","D=6,G=4,I=3,P=0,Q=7,V=8,Y=2"
"Solve this cryptarithm:

  BSSSB
    LIW
+   ZKW
-------
  BKWKZ

Each letter stands for a unique digit (0-9). No leading letter can be zero.
Provide a comma separated mapping from letters to digits that satisfies the equation in your final answer. Output format: ""A=1,B=2,C=3"" (without quotes)
","B=1,I=2,K=8,L=5,S=7,W=6,Z=3"
"Solve this cryptarithm:

    JBS
+ SJGJJ
-------
  SJFZK

Each letter stands for a unique digit (0-9). No leading letter can be zero.
Provide a comma separated mapping from letters to digits that satisfies the equation in your final answer. Output format: ""A=1,B=2,C=3"" (without quotes)
","B=0,F=7,G=3,J=4,K=2,S=8,Z=5"
"Solve this cryptarithm:

   BSFDQ
+  QWQOS
--------
  DDWWXO

Each letter stands for a unique digit (0-9). No leading letter can be zero.
Provide a comma separated mapping from letters to digits that satisfies the equation in your final answer. Output format: ""A=1,B=2,C=3"" (without quotes)
","B=6,D=1,F=8,O=3,Q=4,S=9,W=2,X=5"
"Solve this cryptarithm:

   YNGNO
+  TTYSE
--------
  OFIXYS

Each letter stands for a unique digit (0-9). No leading letter can be zero.
Provide a comma separated mapping from letters to digits that satisfies the equation in your final answer. Output format: ""A=1,B=2,C=3"" (without quotes)
","E=4,F=0,G=9,I=6,N=3,O=1,S=5,T=2,X=7,Y=8"
"Solve this cryptarithm:

   EOEQ
+ XYIEO
-------
  QMIQX

Each letter stands for a unique digit (0-9). No leading letter can be zero.
Provide a comma separated mapping from letters to digits that satisfies the equation in your final answer. Output format: ""A=1,B=2,C=3"" (without quotes)
","E=6,I=5,M=4,O=9,Q=3,X=2,Y=7"
"Solve this cryptarithm:

    KVF
  NJVYW
+  FNJF
-------
  VFYJV

Each letter stands for a unique digit (0-9). No leading letter can be zero.
Provide a comma separated mapping from letters to digits that satisfies the equation in your final answer. Output format: ""A=1,B=2,C=3"" (without quotes)
","F=6,J=9,K=7,N=3,V=4,W=2,Y=5"
"Solve this cryptarithm:

    BOJJ
   QPBIZ
+  CMJPD
--------
  JCIJQO

Each letter stands for a unique digit (0-9). No leading letter can be zero.
Provide a comma separated mapping from letters to digits that satisfies the equation in your final answer. Output format: ""A=1,B=2,C=3"" (without quotes)
","B=8,C=7,D=6,I=3,J=1,M=0,O=2,P=4,Q=9,Z=5"
"Solve this cryptarithm:

   ECIE
  CETNC
+   KKE
-------
  TTKCM

Each letter stands for a unique digit (0-9). No leading letter can be zero.
Provide a comma separated mapping from letters to digits that satisfies the equation in your final answer. Output format: ""A=1,B=2,C=3"" (without quotes)
","C=4,E=7,I=3,K=1,M=8,N=9,T=5"
"Solve this cryptarithm:

   AKC
  UQKW
+  EUE
------
  ANQG

Each letter stands for a unique digit (0-9). No leading letter can be zero.
Provide a comma separated mapping from letters to digits that satisfies the equation in your final answer. Output format: ""A=1,B=2,C=3"" (without quotes)
","A=2,C=5,E=4,G=8,K=7,N=3,Q=6,U=1,W=9"
"Solve this cryptarithm:

   DSHL
   IIGI
+  YSGI
-------
  YLOOD

Each letter stands for a unique digit (0-9). No leading letter can be zero.
Provide a comma separated mapping from letters to digits that satisfies the equation in your final answer. Output format: ""A=1,B=2,C=3"" (without quotes)
","D=6,G=2,H=4,I=9,L=8,O=0,S=5,Y=1"
"Solve this cryptarithm:

   BPMPX
     BPB
+  VPXPB
--------
  ZUUNZF

Each letter stands for a unique digit (0-9). No leading letter can be zero.
Provide a comma separated mapping from letters to digits that satisfies the equation in your final answer. Output format: ""A=1,B=2,C=3"" (without quotes)
","B=8,F=2,M=0,N=5,P=3,U=7,V=9,X=6,Z=1"
"Solve this cryptarithm:

   CDFYH
   POHCH
+  CMQFD
--------
  YDMDHC

Each letter stands for a unique digit (0-9). No leading letter can be zero.
Provide a comma separated mapping from letters to digits that satisfies the equation in your final answer. Output format: ""A=1,B=2,C=3"" (without quotes)
","C=4,D=6,F=2,H=9,M=8,O=3,P=7,Q=5,Y=1"
"Solve this cryptarithm:

  FCKDD
    OOH
+  CJDJ
-------
  ODDOU

Each letter stands for a unique digit (0-9). No leading letter can be zero.
Provide a comma separated mapping from letters to digits that satisfies the equation in your final answer. Output format: ""A=1,B=2,C=3"" (without quotes)
","C=4,D=0,F=7,H=2,J=3,K=9,O=8,U=5"
"Solve this cryptarithm:

   DUU
+ DITB
------
  DTGT

Each letter stands for a unique digit (0-9). No leading letter can be zero.
Provide a comma separated mapping from letters to digits that satisfies the equation in your final answer. Output format: ""A=1,B=2,C=3"" (without quotes)
","B=2,D=4,G=8,I=1,T=5,U=3"
"Solve this cryptarithm:

   ZTQT
+  VVII
-------
  IJQZJ

Each letter stands for a unique digit (0-9). No leading letter can be zero.
Provide a comma separated mapping from letters to digits that satisfies the equation in your final answer. Output format: ""A=1,B=2,C=3"" (without quotes)
","I=1,J=0,Q=3,T=9,V=4,Z=5"
"Solve this cryptarithm:

   UQBLW
+  UNBBW
--------
  DGQLNQ

Each letter stands for a unique digit (0-9). No leading letter can be zero.
Provide a comma separated mapping from letters to digits that satisfies the equation in your final answer. Output format: ""A=1,B=2,C=3"" (without quotes)
","B=6,D=1,G=7,L=2,N=9,Q=0,U=8,W=5"
"Solve this cryptarithm:

   KKQ
+ TCKK
------
  TQXT

Each letter stands for a unique digit (0-9). No leading letter can be zero.
Provide a comma separated mapping from letters to digits that satisfies the equation in your final answer. Output format: ""A=1,B=2,C=3"" (without quotes)
","C=7,K=1,Q=8,T=9,X=2"
"Solve this cryptarithm:

  MMUBA
+  OGAB
-------
  BCOUC

Each letter stands for a unique digit (0-9). No leading letter can be zero.
Provide a comma separated mapping from letters to digits that satisfies the equation in your final answer. Output format: ""A=1,B=2,C=3"" (without quotes)
","A=7,B=4,C=1,G=5,M=3,O=8,U=2"
"Solve this cryptarithm:

    NOT
   JMJT
+  OIBU
-------
  FIJUJ

Each letter stands for a unique digit (0-9). No leading letter can be zero.
Provide a comma separated mapping from letters to digits that satisfies the equation in your final answer. Output format: ""A=1,B=2,C=3"" (without quotes)
","B=9,F=1,I=2,J=6,M=8,N=4,O=5,T=3,U=0"
"Solve this cryptarithm:

  QQT
+ LKX
-----
  XAO

Each letter stands for a unique digit (0-9). No leading letter can be zero.
Provide a comma separated mapping from letters to digits that satisfies the equation in your final answer. Output format: ""A=1,B=2,C=3"" (without quotes)
","A=7,K=4,L=2,O=6,Q=3,T=1,X=5"
"Solve this cryptarithm:

   RTT
  YMFJ
+  RCR
------
  KTMK

Each letter stands for a unique digit (0-9). No leading letter can be zero.
Provide a comma separated mapping from letters to digits that satisfies the equation in your final answer. Output format: ""A=1,B=2,C=3"" (without quotes)
","C=2,F=8,J=0,K=5,M=7,R=9,T=6,Y=3"
"Solve this cryptarithm:

  ENRYD
    DDL
+  GRXG
-------
  RYRQR

Each letter stands for a unique digit (0-9). No leading letter can be zero.
Provide a comma separated mapping from letters to digits that satisfies the equation in your final answer. Output format: ""A=1,B=2,C=3"" (without quotes)
","D=7,E=1,G=6,L=9,N=3,Q=4,R=2,X=5,Y=0"
"Solve this cryptarithm:

    TMU
+ ISFTI
-------
  ISQLL

Each letter stands for a unique digit (0-9). No leading letter can be zero.
Provide a comma separated mapping from letters to digits that satisfies the equation in your final answer. Output format: ""A=1,B=2,C=3"" (without quotes)
","F=5,I=1,L=7,M=3,Q=9,S=8,T=4,U=6"
"Solve this cryptarithm:

   FPZW
+  PJJZ
-------
  UDPZU

Each letter stands for a unique digit (0-9). No leading letter can be zero.
Provide a comma separated mapping from letters to digits that satisfies the equation in your final answer. Output format: ""A=1,B=2,C=3"" (without quotes)
","D=2,F=8,J=9,P=3,U=1,W=7,Z=4"
"Solve this cryptarithm:

   BBOEQ
   GDEBB
+    QUP
--------
  EGHGLE

Each letter stands for a unique digit (0-9). No leading letter can be zero.
Provide a comma separated mapping from letters to digits that satisfies the equation in your final answer. Output format: ""A=1,B=2,C=3"" (without quotes)
","B=9,D=3,E=1,G=6,H=2,L=7,O=0,P=8,Q=4,U=5"
"Solve this cryptarithm:

   WXI
+ OLVL
------
  OVNX

Each letter stands for a unique digit (0-9). No leading letter can be zero.
Provide a comma separated mapping from letters to digits that satisfies the equation in your final answer. Output format: ""A=1,B=2,C=3"" (without quotes)
","I=6,L=2,N=5,O=3,V=7,W=4,X=8"
"Solve this cryptarithm:

  NVIW
   VGQ
+  NWV
------
  IDVW

Each letter stands for a unique digit (0-9). No leading letter can be zero.
Provide a comma separated mapping from letters to digits that satisfies the equation in your final answer. Output format: ""A=1,B=2,C=3"" (without quotes)
","D=4,G=3,I=7,N=5,Q=1,V=9,W=8"
"Solve this cryptarithm:

   HWBNB
   QWNAB
+  AWIIH
--------
  NHIIQI

Each letter stands for a unique digit (0-9). No leading letter can be zero.
Provide a comma separated mapping from letters to digits that satisfies the equation in your final answer. Output format: ""A=1,B=2,C=3"" (without quotes)
","A=4,B=8,H=3,I=9,N=1,Q=5,W=6"
"Solve this cryptarithm:

  WPNWM
    USM
+  NXSP
-------
  WULMA

Each letter stands for a unique digit (0-9). No leading letter can be zero.
Provide a comma separated mapping from letters to digits that satisfies the equation in your final answer. Output format: ""A=1,B=2,C=3"" (without quotes)
","A=0,L=5,M=7,N=2,P=6,S=1,U=9,W=3,X=4"
"Solve this cryptarithm:

   URO
   DXB
+ XXUJ
------
  DJXK

Each letter stands for a unique digit (0-9). No leading letter can be zero.
Provide a comma separated mapping from letters to digits that satisfies the equation in your final answer. Output format: ""A=1,B=2,C=3"" (without quotes)
","B=1,D=9,J=5,K=6,O=0,R=2,U=8,X=7"
"Solve this cryptarithm:

   HHVH
+  GIKU
-------
  LIKDJ

Each letter stands for a unique digit (0-9). No leading letter can be zero.
Provide a comma separated mapping from letters to digits that satisfies the equation in your final answer. Output format: ""A=1,B=2,C=3"" (without quotes)
","D=7,G=8,H=4,I=2,J=3,K=6,L=1,U=9,V=0"
"Solve this cryptarithm:

   EYFJM
    VVOE
+  EGONY
--------
  FVMEPF

Each letter stands for a unique digit (0-9). No leading letter can be zero.
Provide a comma separated mapping from letters to digits that satisfies the equation in your final answer. Output format: ""A=1,B=2,C=3"" (without quotes)
","E=8,F=1,G=5,J=4,M=3,N=2,O=9,P=6,V=7,Y=0"
"Solve this cryptarithm:

   VGIH
  ZHHDG
+   KZG
-------
  KNDPI

Each letter stands for a unique digit (0-9). No leading letter can be zero.
Provide a comma separated mapping from letters to digits that satisfies the equation in your final answer. Output format: ""A=1,B=2,C=3"" (without quotes)
","D=1,G=8,H=9,I=5,K=3,N=7,P=0,V=6,Z=2"
"Solve this cryptarithm:

   EGQ
   OLR
+  OLO
------
  EQOE

Each letter stands for a unique digit (0-9). No leading letter can be zero.
Provide a comma separated mapping from letters to digits that satisfies the equation in your final answer. Output format: ""A=1,B=2,C=3"" (without quotes)
","E=1,G=3,L=5,O=4,Q=0,R=7"
"Solve this cryptarithm:

   MEU
+  FLL
------
  XESM

Each letter stands for a unique digit (0-9). No leading letter can be zero.
Provide a comma separated mapping from letters to digits that satisfies the equation in your final answer. Output format: ""A=1,B=2,C=3"" (without quotes)
","E=2,F=6,L=7,M=5,S=0,U=8,X=1"
"Solve this cryptarithm:

    LCR
  EEEFE
+  OZLR
-------
  BZLOE

Each letter stands for a unique digit (0-9). No leading letter can be zero.
Provide a comma separated mapping from letters to digits that satisfies the equation in your final answer. Output format: ""A=1,B=2,C=3"" (without quotes)
","B=8,C=5,E=7,F=6,L=3,O=4,R=0,Z=2"
"Solve this cryptarithm:

  JGOXS
+  OCXZ
-------
  JJGFJ

Each letter stands for a unique digit (0-9). No leading letter can be zero.
Provide a comma separated mapping from letters to digits that satisfies the equation in your final answer. Output format: ""A=1,B=2,C=3"" (without quotes)
","C=8,F=1,G=2,J=6,O=3,S=9,X=5,Z=7"
"Solve this cryptarithm:

  NJJQF
+   ZUX
-------
  NJQNL

Each letter stands for a unique digit (0-9). No leading letter can be zero.
Provide a comma separated mapping from letters to digits that satisfies the equation in your final answer. Output format: ""A=1,B=2,C=3"" (without quotes)
","F=9,J=0,L=1,N=4,Q=8,U=5,X=2,Z=7"
"Solve this cryptarithm:

   SWEJB
+  QXXWM
--------
  ZZJSEM

Each letter stands for a unique digit (0-9). No leading letter can be zero.
Provide a comma separated mapping from letters to digits that satisfies the equation in your final answer. Output format: ""A=1,B=2,C=3"" (without quotes)
","B=0,E=8,J=2,M=4,Q=7,S=3,W=6,X=5,Z=1"
"Solve this cryptarithm:

  GDPTA
    PTL
+  ADDG
-------
  ZGGTL

Each letter stands for a unique digit (0-9). No leading letter can be zero.
Provide a comma separated mapping from letters to digits that satisfies the equation in your final answer. Output format: ""A=1,B=2,C=3"" (without quotes)
","A=6,D=7,G=4,L=1,P=3,T=2,Z=5"
"Solve this cryptarithm:

  UVUHH
+  BXBX
-------
  XQIPQ

Each letter stands for a unique digit (0-9). No leading letter can be zero.
Provide a comma separated mapping from letters to digits that satisfies the equation in your final answer. Output format: ""A=1,B=2,C=3"" (without quotes)
","B=8,H=7,I=0,P=6,Q=2,U=4,V=3,X=5"
"Solve this cryptarithm:

    AIF
+ JTPWA
-------
  WFWQA

Each letter stands for a unique digit (0-9). No leading letter can be zero.
Provide a comma separated mapping from letters to digits that satisfies the equation in your final answer. Output format: ""A=1,B=2,C=3"" (without quotes)
","A=5,F=0,I=4,J=1,P=7,Q=6,T=9,W=2"
"Solve this cryptarithm:

   EBBUB
+  EERQR
--------
  RTNLUL

Each letter stands for a unique digit (0-9). No leading letter can be zero.
Provide a comma separated mapping from letters to digits that satisfies the equation in your final answer. Output format: ""A=1,B=2,C=3"" (without quotes)
","B=3,E=6,L=4,N=9,Q=0,R=1,T=2,U=5"
"Solve this cryptarithm:

   UYW
+ TSMK
------
  TDYH

Each letter stands for a unique digit (0-9). No leading letter can be zero.
Provide a comma separated mapping from letters to digits that satisfies the equation in your final answer. Output format: ""A=1,B=2,C=3"" (without quotes)
","D=8,H=1,K=7,M=9,S=2,T=6,U=5,W=4,Y=3"
"Solve this cryptarithm:

  PYXPR
+  JOCY
-------
  BZXXX

Each letter stands for a unique digit (0-9). No leading letter can be zero.
Provide a comma separated mapping from letters to digits that satisfies the equation in your final answer. Output format: ""A=1,B=2,C=3"" (without quotes)
","B=6,C=1,J=4,O=0,P=5,R=8,X=7,Y=9,Z=3"
"Solve this cryptarithm:

   LYKLN
   KMQYN
+    YYS
--------
  JSQQNJ

Each letter stands for a unique digit (0-9). No leading letter can be zero.
Provide a comma separated mapping from letters to digits that satisfies the equation in your final answer. Output format: ""A=1,B=2,C=3"" (without quotes)
","J=1,K=7,L=8,M=6,N=3,Q=9,S=5,Y=2"
"Solve this cryptarithm:

  EEXNE
   IGUM
+  UBBG
-------
  BBBNG

Each letter stands for a unique digit (0-9). No leading letter can be zero.
Provide a comma separated mapping from letters to digits that satisfies the equation in your final answer. Output format: ""A=1,B=2,C=3"" (without quotes)
","B=3,E=2,G=9,I=4,M=8,N=7,U=6,X=0"
"Solve this cryptarithm:

   AQOZ
    ONU
+ ZUOMU
-------
  IULUO

Each letter stands for a unique digit (0-9). No leading letter can be zero.
Provide a comma separated mapping from letters to digits that satisfies the equation in your final answer. Output format: ""A=1,B=2,C=3"" (without quotes)
","A=8,I=4,L=1,M=6,N=9,O=7,Q=5,U=2,Z=3"
"Solve this cryptarithm:

   PIR
   KIL
+ YRLY
------
  MCCP

Each letter stands for a unique digit (0-9). No leading letter can be zero.
Provide a comma separated mapping from letters to digits that satisfies the equation in your final answer. Output format: ""A=1,B=2,C=3"" (without quotes)
","C=2,I=6,K=4,L=0,M=3,P=9,R=8,Y=1"
"Solve this cryptarithm:

    QPPJ
   TWQIQ
+  LWQQJ
--------
  RLLKMQ

Each letter stands for a unique digit (0-9). No leading letter can be zero.
Provide a comma separated mapping from letters to digits that satisfies the equation in your final answer. Output format: ""A=1,B=2,C=3"" (without quotes)
","I=4,J=0,K=2,L=5,M=6,P=3,Q=9,R=1,T=8,W=7"
"Solve this cryptarithm:

  MRPN
+  BGX
------
  MGFP

Each letter stands for a unique digit (0-9). No leading letter can be zero.
Provide a comma separated mapping from letters to digits that satisfies the equation in your final answer. Output format: ""A=1,B=2,C=3"" (without quotes)
","B=4,F=0,G=6,M=9,N=5,P=3,R=1,X=8"
"Solve this cryptarithm:

    BGZ
    GAK
+ ZKELL
-------
  ZZUAC

Each letter stands for a unique digit (0-9). No leading letter can be zero.
Provide a comma separated mapping from letters to digits that satisfies the equation in your final answer. Output format: ""A=1,B=2,C=3"" (without quotes)
","A=0,B=6,C=3,E=9,G=8,K=5,L=1,U=4,Z=7"
"Solve this cryptarithm:

   XME
+  FOR
------
  OOBM

Each letter stands for a unique digit (0-9). No leading letter can be zero.
Provide a comma separated mapping from letters to digits that satisfies the equation in your final answer. Output format: ""A=1,B=2,C=3"" (without quotes)
","B=0,E=6,F=2,M=9,O=1,R=3,X=8"
"Solve this cryptarithm:

   QKII
+  TAKF
-------
  KKTAI

Each letter stands for a unique digit (0-9). No leading letter can be zero.
Provide a comma separated mapping from letters to digits that satisfies the equation in your final answer. Output format: ""A=1,B=2,C=3"" (without quotes)
","A=6,F=0,I=5,K=1,Q=4,T=7"
"Solve this cryptarithm:

  GLAJG
+  LGYJ
-------
  GGLYG

Each letter stands for a unique digit (0-9). No leading letter can be zero.
Provide a comma separated mapping from letters to digits that satisfies the equation in your final answer. Output format: ""A=1,B=2,C=3"" (without quotes)
","A=5,G=9,J=0,L=4,Y=6"
"Solve this cryptarithm:

  GMZ
+ WCZ
-----
  XOO

Each letter stands for a unique digit (0-9). No leading letter can be zero.
Provide a comma separated mapping from letters to digits that satisfies the equation in your final answer. Output format: ""A=1,B=2,C=3"" (without quotes)
","C=2,G=1,M=5,O=8,W=6,X=7,Z=9"
"Solve this cryptarithm:

    SSS
+ CSQHT
-------
  CSSIJ

Each letter stands for a unique digit (0-9). No leading letter can be zero.
Provide a comma separated mapping from letters to digits that satisfies the equation in your final answer. Output format: ""A=1,B=2,C=3"" (without quotes)
","C=9,H=6,I=7,J=5,Q=0,S=1,T=4"
"Solve this cryptarithm:

   NNK
+ NSNU
------
  NZPW

Each letter stands for a unique digit (0-9). No leading letter can be zero.
Provide a comma separated mapping from letters to digits that satisfies the equation in your final answer. Output format: ""A=1,B=2,C=3"" (without quotes)
","K=7,N=4,P=9,S=1,U=6,W=3,Z=5"
"Solve this cryptarithm:

  XWOP
   BRX
+  OJN
------
  PNTO

Each letter stands for a unique digit (0-9). No leading letter can be zero.
Provide a comma separated mapping from letters to digits that satisfies the equation in your final answer. Output format: ""A=1,B=2,C=3"" (without quotes)
","B=4,J=9,N=0,O=3,P=7,R=5,T=8,W=2,X=6"
"Solve this cryptarithm:

    KEI
+ DVDEX
-------
  DDDJF

Each letter stands for a unique digit (0-9). No leading letter can be zero.
Provide a comma separated mapping from letters to digits that satisfies the equation in your final answer. Output format: ""A=1,B=2,C=3"" (without quotes)
","D=1,E=7,F=5,I=3,J=4,K=9,V=0,X=2"
"Solve this cryptarithm:

    YTG
    OPU
+ SPGYT
-------
  SOJUJ

Each letter stands for a unique digit (0-9). No leading letter can be zero.
Provide a comma separated mapping from letters to digits that satisfies the equation in your final answer. Output format: ""A=1,B=2,C=3"" (without quotes)
","G=6,J=9,O=4,P=3,S=5,T=1,U=2,Y=8"
"Solve this cryptarithm:

   VED
+  SKB
------
  JOSJ

Each letter stands for a unique digit (0-9). No leading letter can be zero.
Provide a comma separated mapping from letters to digits that satisfies the equation in your final answer. Output format: ""A=1,B=2,C=3"" (without quotes)
","B=6,D=5,E=0,J=1,K=8,O=3,S=9,V=4"
"Solve this cryptarithm:

   JFFJF
    XRRR
+  RUHRG
--------
  UACJXI

Each letter stands for a unique digit (0-9). No leading letter can be zero.
Provide a comma separated mapping from letters to digits that satisfies the equation in your final answer. Output format: ""A=1,B=2,C=3"" (without quotes)
","A=4,C=3,F=8,G=5,H=9,I=0,J=6,R=7,U=1,X=2"
"Solve this cryptarithm:

   BQDF
  MRAFW
+   RRE
-------
  MMBQQ

Each letter stands for a unique digit (0-9). No leading letter can be zero.
Provide a comma separated mapping from letters to digits that satisfies the equation in your final answer. Output format: ""A=1,B=2,C=3"" (without quotes)
","A=0,B=1,D=9,E=2,F=7,M=8,Q=3,R=6,W=4"
"Solve this cryptarithm:

  OKMM
+  BCZ
------
  MBZC

Each letter stands for a unique digit (0-9). No leading letter can be zero.
Provide a comma separated mapping from letters to digits that satisfies the equation in your final answer. Output format: ""A=1,B=2,C=3"" (without quotes)
","B=1,C=7,K=9,M=5,O=4,Z=2"
"Solve this cryptarithm:

  FQQVI
   UIVV
+   QHY
-------
  FFIUU

Each letter stands for a unique digit (0-9). No leading letter can be zero.
Provide a comma separated mapping from letters to digits that satisfies the equation in your final answer. Output format: ""A=1,B=2,C=3"" (without quotes)
","F=8,H=1,I=9,Q=5,U=2,V=0,Y=3"
"Solve this cryptarithm:

   IHZ
+ IIVU
------
  IZZH

Each letter stands for a unique digit (0-9). No leading letter can be zero.
Provide a comma separated mapping from letters to digits that satisfies the equation in your final answer. Output format: ""A=1,B=2,C=3"" (without quotes)
","H=7,I=4,U=9,V=0,Z=8"
"Solve this cryptarithm:

   GGKW
+ WZNZK
-------
  YVIYV

Each letter stands for a unique digit (0-9). No leading letter can be zero.
Provide a comma separated mapping from letters to digits that satisfies the equation in your final answer. Output format: ""A=1,B=2,C=3"" (without quotes)
","G=8,I=3,K=5,N=4,V=6,W=1,Y=2,Z=7"
"Solve this cryptarithm:

   WSBS
    ABN
+  WNHB
-------
  CBSBH

Each letter stands for a unique digit (0-9). No leading letter can be zero.
Provide a comma separated mapping from letters to digits that satisfies the equation in your final answer. Output format: ""A=1,B=2,C=3"" (without quotes)
","A=5,B=3,C=1,H=7,N=4,S=0,W=6"
"Solve this cryptarithm:

    ONN
   PDMA
+ OPDJJ
-------
  SPDJB

Each letter stands for a unique digit (0-9). No leading letter can be zero.
Provide a comma separated mapping from letters to digits that satisfies the equation in your final answer. Output format: ""A=1,B=2,C=3"" (without quotes)
","A=8,B=0,D=6,J=5,M=1,N=7,O=3,P=9,S=4"
"Solve this cryptarithm:

  OYMJM
+   ASY
-------
  OYYQQ

Each letter stands for a unique digit (0-9). No leading letter can be zero.
Provide a comma separated mapping from letters to digits that satisfies the equation in your final answer. Output format: ""A=1,B=2,C=3"" (without quotes)
","A=4,J=8,M=1,O=5,Q=7,S=9,Y=6"
"Solve this cryptarithm:

    TZV
  FTFGV
+   JVT
-------
  FWBUT

Each letter stands for a unique digit (0-9). No leading letter can be zero.
Provide a comma separated mapping from letters to digits that satisfies the equation in your final answer. Output format: ""A=1,B=2,C=3"" (without quotes)
","B=6,F=3,G=2,J=5,T=7,U=1,V=0,W=8,Z=9"
"Solve this cryptarithm:

   HHK
+ MBHW
------
  MFYK

Each letter stands for a unique digit (0-9). No leading letter can be zero.
Provide a comma separated mapping from letters to digits that satisfies the equation in your final answer. Output format: ""A=1,B=2,C=3"" (without quotes)
","B=1,F=9,H=7,K=5,M=6,W=0,Y=4"
"Solve this cryptarithm:

  YAY
+ XWM
-----
  CAX

Each letter stands for a unique digit (0-9). No leading letter can be zero.
Provide a comma separated mapping from letters to digits that satisfies the equation in your final answer. Output format: ""A=1,B=2,C=3"" (without quotes)
","A=2,C=9,M=7,W=0,X=8,Y=1"
"Solve this cryptarithm:

  QWLQQ
+ WCWWX
-------
  LHXLE

Each letter stands for a unique digit (0-9). No leading letter can be zero.
Provide a comma separated mapping from letters to digits that satisfies the equation in your final answer. Output format: ""A=1,B=2,C=3"" (without quotes)
","C=3,E=8,H=6,L=9,Q=7,W=2,X=1"
"Solve this cryptarithm:

   NBTWZ
    OEOZ
+   ZZNZ
--------
  ZETBED

Each letter stands for a unique digit (0-9). No leading letter can be zero.
Provide a comma separated mapping from letters to digits that satisfies the equation in your final answer. Output format: ""A=1,B=2,C=3"" (without quotes)
","B=7,D=3,E=0,N=9,O=6,T=4,W=5,Z=1"
"Solve this cryptarithm:

    FBA
+ TPRSR
-------
  TCFIN

Each letter stands for a unique digit (0-9). No leading letter can be zero.
Provide a comma separated mapping from letters to digits that satisfies the equation in your final answer. Output format: ""A=1,B=2,C=3"" (without quotes)
","A=6,B=2,C=4,F=8,I=0,N=5,P=3,R=9,S=7,T=1"
"Solve this cryptarithm:

  FCJGC
+  KJFJ
-------
  FFKCC

Each letter stands for a unique digit (0-9). No leading letter can be zero.
Provide a comma separated mapping from letters to digits that satisfies the equation in your final answer. Output format: ""A=1,B=2,C=3"" (without quotes)
","C=5,F=6,G=9,J=0,K=1"
"Solve this cryptarithm:

  WFODW
   BVJI
+  CFVI
-------
  BCDOW

Each letter stands for a unique digit (0-9). No leading letter can be zero.
Provide a comma separated mapping from letters to digits that satisfies the equation in your final answer. Output format: ""A=1,B=2,C=3"" (without quotes)
","B=4,C=7,D=6,F=5,I=0,J=1,O=9,V=2,W=3"
"Solve this cryptarithm:

   PQN
+ NNFC
------
  KQAP

Each letter stands for a unique digit (0-9). No leading letter can be zero.
Provide a comma separated mapping from letters to digits that satisfies the equation in your final answer. Output format: ""A=1,B=2,C=3"" (without quotes)
","A=9,C=3,F=8,K=5,N=4,P=7,Q=1"
"Solve this cryptarithm:

    IBP
  KBTFK
+   PTB
-------
  KFAAF

Each letter stands for a unique digit (0-9). No leading letter can be zero.
Provide a comma separated mapping from letters to digits that satisfies the equation in your final answer. Output format: ""A=1,B=2,C=3"" (without quotes)
","A=7,B=3,F=4,I=2,K=6,P=5,T=9"
"Solve this cryptarithm:

   LNCW
  NWRYC
+   WNL
-------
  CWDLY

Each letter stands for a unique digit (0-9). No leading letter can be zero.
Provide a comma separated mapping from letters to digits that satisfies the equation in your final answer. Output format: ""A=1,B=2,C=3"" (without quotes)
","C=8,D=4,L=9,N=7,R=1,W=5,Y=2"
"Solve this cryptarithm:

   RXM
+ LYAC
------
  XXVL

Each letter stands for a unique digit (0-9). No leading letter can be zero.
Provide a comma separated mapping from letters to digits that satisfies the equation in your final answer. Output format: ""A=1,B=2,C=3"" (without quotes)
","A=7,C=1,L=4,M=3,R=8,V=2,X=5,Y=6"
"Solve this cryptarithm:

  UHUXR
+   XTR
-------
  UHRPT

Each letter stands for a unique digit (0-9). No leading letter can be zero.
Provide a comma separated mapping from letters to digits that satisfies the equation in your final answer. Output format: ""A=1,B=2,C=3"" (without quotes)
","H=3,P=6,R=9,T=8,U=1,X=7"
"Solve this cryptarithm:

  AOFNN
    BYU
+   ULU
-------
  AUUYK

Each letter stands for a unique digit (0-9). No leading letter can be zero.
Provide a comma separated mapping from letters to digits that satisfies the equation in your final answer. Output format: ""A=1,B=2,C=3"" (without quotes)
","A=8,B=9,F=0,K=4,L=7,N=2,O=5,U=6,Y=1"
"Solve this cryptarithm:

    LUM
+ MQUIM
-------
  MMLER

Each letter stands for a unique digit (0-9). No leading letter can be zero.
Provide a comma separated mapping from letters to digits that satisfies the equation in your final answer. Output format: ""A=1,B=2,C=3"" (without quotes)
","E=6,I=7,L=3,M=2,Q=1,R=4,U=9"
"Solve this cryptarithm:

    IIP
  GZTZA
+ ZYALG
-------
  IGTHT

Each letter stands for a unique digit (0-9). No leading letter can be zero.
Provide a comma separated mapping from letters to digits that satisfies the equation in your final answer. Output format: ""A=1,B=2,C=3"" (without quotes)
","A=0,G=6,H=7,I=9,L=4,P=5,T=1,Y=2,Z=3"
"Solve this cryptarithm:

  XSSRE
    KIK
+   BBS
-------
  XAXSB

Each letter stands for a unique digit (0-9). No leading letter can be zero.
Provide a comma separated mapping from letters to digits that satisfies the equation in your final answer. Output format: ""A=1,B=2,C=3"" (without quotes)
","A=2,B=6,E=8,I=4,K=7,R=0,S=1,X=5"
"Solve this cryptarithm:

   PGIOK
     TGZ
+  ILOGO
--------
  TOKLKP

Each letter stands for a unique digit (0-9). No leading letter can be zero.
Provide a comma separated mapping from letters to digits that satisfies the equation in your final answer. Output format: ""A=1,B=2,C=3"" (without quotes)
","G=6,I=4,K=5,L=9,O=3,P=8,T=1,Z=0"
"Solve this cryptarithm:

  ISIS
+  CZB
------
  IUUS

Each letter stands for a unique digit (0-9). No leading letter can be zero.
Provide a comma separated mapping from letters to digits that satisfies the equation in your final answer. Output format: ""A=1,B=2,C=3"" (without quotes)
","B=0,C=1,I=5,S=6,U=7,Z=2"
"Solve this cryptarithm:

   ZCXJ
   CWWC
+ QCCOW
-------
  JOZQJ

Each letter stands for a unique digit (0-9). No leading letter can be zero.
Provide a comma separated mapping from letters to digits that satisfies the equation in your final answer. Output format: ""A=1,B=2,C=3"" (without quotes)
","C=8,J=5,O=6,Q=3,W=2,X=4,Z=9"
"Solve this cryptarithm:

  SPBPM
+  MAVM
-------
  SCWPB

Each letter stands for a unique digit (0-9). No leading letter can be zero.
Provide a comma separated mapping from letters to digits that satisfies the equation in your final answer. Output format: ""A=1,B=2,C=3"" (without quotes)
","A=6,B=0,C=8,M=5,P=3,S=2,V=9,W=7"
"Solve this cryptarithm:

  FQUQU
+   CXF
-------
  FQTSF

Each letter stands for a unique digit (0-9). No leading letter can be zero.
Provide a comma separated mapping from letters to digits that satisfies the equation in your final answer. Output format: ""A=1,B=2,C=3"" (without quotes)
","C=5,F=7,Q=3,S=1,T=6,U=0,X=8"
"Solve this cryptarithm:

   EVM
   DOO
+ MQQA
------
  PVOT

Each letter stands for a unique digit (0-9). No leading letter can be zero.
Provide a comma separated mapping from letters to digits that satisfies the equation in your final answer. Output format: ""A=1,B=2,C=3"" (without quotes)
","A=0,D=3,E=8,M=2,O=5,P=4,Q=9,T=7,V=1"
"Solve this cryptarithm:

    JRD
    JIE
+ IEAAB
-------
  IDFFI

Each letter stands for a unique digit (0-9). No leading letter can be zero.
Provide a comma separated mapping from letters to digits that satisfies the equation in your final answer. Output format: ""A=1,B=2,C=3"" (without quotes)
","A=9,B=0,D=7,E=6,F=8,I=3,J=4,R=5"
"Solve this cryptarithm:

  PAODD
    GQQ
+  OJRG
-------
  AQVPA

Each letter stands for a unique digit (0-9). No leading letter can be zero.
Provide a comma separated mapping from letters to digits that satisfies the equation in your final answer. Output format: ""A=1,B=2,C=3"" (without quotes)
","A=3,D=4,G=9,J=6,O=5,P=2,Q=0,R=7,V=1"
"Solve this cryptarithm:

  ZBZQY
+   JND
-------
  ZBBNZ

Each letter stands for a unique digit (0-9). No leading letter can be zero.
Provide a comma separated mapping from letters to digits that satisfies the equation in your final answer. Output format: ""A=1,B=2,C=3"" (without quotes)
","B=9,D=2,J=3,N=8,Q=0,Y=4,Z=6"
"Solve this cryptarithm:

  SOVL
+  DKQ
------
  SGGS

Each letter stands for a unique digit (0-9). No leading letter can be zero.
Provide a comma separated mapping from letters to digits that satisfies the equation in your final answer. Output format: ""A=1,B=2,C=3"" (without quotes)
","D=3,G=4,K=8,L=2,O=0,Q=7,S=9,V=6"
"Solve this cryptarithm:

   XJU
+ JVJR
------
  JSZS

Each letter stands for a unique digit (0-9). No leading letter can be zero.
Provide a comma separated mapping from letters to digits that satisfies the equation in your final answer. Output format: ""A=1,B=2,C=3"" (without quotes)
","J=1,R=6,S=9,U=3,V=5,X=4,Z=2"
"Solve this cryptarithm:

   OHBS
   QOBP
+   OHH
-------
  TOPQB

Each letter stands for a unique digit (0-9). No leading letter can be zero.
Provide a comma separated mapping from letters to digits that satisfies the equation in your final answer. Output format: ""A=1,B=2,C=3"" (without quotes)
","B=2,H=4,O=7,P=8,Q=9,S=0,T=1"
"Solve this cryptarithm:

   VXZ
+ JXFZ
------
  JJUF

Each letter stands for a unique digit (0-9). No leading letter can be zero.
Provide a comma separated mapping from letters to digits that satisfies the equation in your final answer. Output format: ""A=1,B=2,C=3"" (without quotes)
","F=6,J=9,U=4,V=1,X=7,Z=8"
"Solve this cryptarithm:

    XLX
+ XNXKL
-------
  NLUKX

Each letter stands for a unique digit (0-9). No leading letter can be zero.
Provide a comma separated mapping from letters to digits that satisfies the equation in your final answer. Output format: ""A=1,B=2,C=3"" (without quotes)
","K=2,L=0,N=9,U=6,X=8"
"Solve this cryptarithm:

     PJO
   EPEOP
+  ZVSVP
--------
  ZJSJDV

Each letter stands for a unique digit (0-9). No leading letter can be zero.
Provide a comma separated mapping from letters to digits that satisfies the equation in your final answer. Output format: ""A=1,B=2,C=3"" (without quotes)
","D=9,E=8,J=0,O=2,P=7,S=5,V=6,Z=1"
"Solve this cryptarithm:

  MGIIF
   ISMB
+   GMX
-------
  ZIBMN

Each letter stands for a unique digit (0-9). No leading letter can be zero.
Provide a comma separated mapping from letters to digits that satisfies the equation in your final answer. Output format: ""A=1,B=2,C=3"" (without quotes)
","B=2,F=0,G=8,I=4,M=6,N=5,S=9,X=3,Z=7"
"Solve this cryptarithm:

  IHAHO
+   KXH
-------
  IUOAD

Each letter stands for a unique digit (0-9). No leading letter can be zero.
Provide a comma separated mapping from letters to digits that satisfies the equation in your final answer. Output format: ""A=1,B=2,C=3"" (without quotes)
","A=6,D=0,H=8,I=3,K=5,O=2,U=9,X=7"
"Solve this cryptarithm:

    RTZ
+ TTUZM
-------
  TRPTM

Each letter stands for a unique digit (0-9). No leading letter can be zero.
Provide a comma separated mapping from letters to digits that satisfies the equation in your final answer. Output format: ""A=1,B=2,C=3"" (without quotes)
","M=7,P=3,R=5,T=4,U=8,Z=0"
"Solve this cryptarithm:

   WRWF
+ EDEWB
-------
  DEWWE

Each letter stands for a unique digit (0-9). No leading letter can be zero.
Provide a comma separated mapping from letters to digits that satisfies the equation in your final answer. Output format: ""A=1,B=2,C=3"" (without quotes)
","B=3,D=2,E=1,F=8,R=7,W=9"
"Solve this cryptarithm:

   HCG
+ KZRI
------
  BZZI

Each letter stands for a unique digit (0-9). No leading letter can be zero.
Provide a comma separated mapping from letters to digits that satisfies the equation in your final answer. Output format: ""A=1,B=2,C=3"" (without quotes)
","B=7,C=8,G=0,H=9,I=5,K=6,R=4,Z=2"
"Solve this cryptarithm:

   TDZ
   ADZ
+  VDP
------
  TZSP

Each letter stands for a unique digit (0-9). No leading letter can be zero.
Provide a comma separated mapping from letters to digits that satisfies the equation in your final answer. Output format: ""A=1,B=2,C=3"" (without quotes)
","A=9,D=7,P=8,S=2,T=1,V=3,Z=5"
"Solve this cryptarithm:

  GXKMX
+   NNK
-------
  GKLLG

Each letter stands for a unique digit (0-9). No leading letter can be zero.
Provide a comma separated mapping from letters to digits that satisfies the equation in your final answer. Output format: ""A=1,B=2,C=3"" (without quotes)
","G=7,K=4,L=1,M=5,N=6,X=3"
"Solve this cryptarithm:

   YYDC
    HRY
+ YNGCF
-------
  CRDDK

Each letter stands for a unique digit (0-9). No leading letter can be zero.
Provide a comma separated mapping from letters to digits that satisfies the equation in your final answer. Output format: ""A=1,B=2,C=3"" (without quotes)
","C=8,D=3,F=0,G=9,H=6,K=5,N=2,R=1,Y=7"
"Solve this cryptarithm:

  YSZSW
  TAAGX
+   TAX
-------
  ZSGUT

Each letter stands for a unique digit (0-9). No leading letter can be zero.
Provide a comma separated mapping from letters to digits that satisfies the equation in your final answer. Output format: ""A=1,B=2,C=3"" (without quotes)
","A=9,G=8,S=2,T=1,U=0,W=5,X=3,Y=4,Z=6"
"Solve this cryptarithm:

   VAHI
  ICCIW
+  AINN
-------
  JIKKH

Each letter stands for a unique digit (0-9). No leading letter can be zero.
Provide a comma separated mapping from letters to digits that satisfies the equation in your final answer. Output format: ""A=1,B=2,C=3"" (without quotes)
","A=3,C=9,H=0,I=5,J=6,K=7,N=1,V=2,W=4"
"Solve this cryptarithm:

   MBJ
   OME
+ EGYH
------
  HORG

Each letter stands for a unique digit (0-9). No leading letter can be zero.
Provide a comma separated mapping from letters to digits that satisfies the equation in your final answer. Output format: ""A=1,B=2,C=3"" (without quotes)
","B=6,E=3,G=9,H=4,J=2,M=1,O=8,R=7,Y=0"
"Solve this cryptarithm:

    RSU
   OFRL
+ OMSQL
-------
  OQURS

Each letter stands for a unique digit (0-9). No leading letter can be zero.
Provide a comma separated mapping from letters to digits that satisfies the equation in your final answer. Output format: ""A=1,B=2,C=3"" (without quotes)
","F=0,L=6,M=1,O=2,Q=4,R=7,S=5,U=3"
"Solve this cryptarithm:

    POX
+ ULULS
-------
  ULKTT

Each letter stands for a unique digit (0-9). No leading letter can be zero.
Provide a comma separated mapping from letters to digits that satisfies the equation in your final answer. Output format: ""A=1,B=2,C=3"" (without quotes)
","K=9,L=4,O=5,P=2,S=7,T=0,U=6,X=3"
"Solve this cryptarithm:

   VSC
+ XPEX
------
  XCCD

Each letter stands for a unique digit (0-9). No leading letter can be zero.
Provide a comma separated mapping from letters to digits that satisfies the equation in your final answer. Output format: ""A=1,B=2,C=3"" (without quotes)
","C=8,D=7,E=3,P=6,S=4,V=2,X=9"
"Solve this cryptarithm:

   INRP
+ PNSPG
-------
  PENND

Each letter stands for a unique digit (0-9). No leading letter can be zero.
Provide a comma separated mapping from letters to digits that satisfies the equation in your final answer. Output format: ""A=1,B=2,C=3"" (without quotes)
","D=1,E=3,G=7,I=2,N=0,P=4,R=5,S=9"
"Solve this cryptarithm:

    UPG
   LGEJ
+ UUPRU
-------
  LUDRI

Each letter stands for a unique digit (0-9). No leading letter can be zero.
Provide a comma separated mapping from letters to digits that satisfies the equation in your final answer. Output format: ""A=1,B=2,C=3"" (without quotes)
","D=0,E=5,G=9,I=2,J=6,L=8,P=3,R=1,U=7"
"Solve this cryptarithm:

   APZR
    MEP
+  IMGG
-------
  ZZIRE

Each letter stands for a unique digit (0-9). No leading letter can be zero.
Provide a comma separated mapping from letters to digits that satisfies the equation in your final answer. Output format: ""A=1,B=2,C=3"" (without quotes)
","A=6,E=7,G=9,I=5,M=2,P=0,R=8,Z=1"
"Solve this cryptarithm:

   JOSJ
  VEFEZ
+  JEVZ
-------
  ETOUO

Each letter stands for a unique digit (0-9). No leading letter can be zero.
Provide a comma separated mapping from letters to digits that satisfies the equation in your final answer. Output format: ""A=1,B=2,C=3"" (without quotes)
","E=6,F=3,J=2,O=0,S=7,T=1,U=9,V=5,Z=4"
"Solve this cryptarithm:

   YNOS
+  QCXD
-------
  NVHOC

Each letter stands for a unique digit (0-9). No leading letter can be zero.
Provide a comma separated mapping from letters to digits that satisfies the equation in your final answer. Output format: ""A=1,B=2,C=3"" (without quotes)
","C=3,D=7,H=5,N=1,O=4,Q=8,S=6,V=0,X=9,Y=2"
"Solve this cryptarithm:

  SUNKN
+  XMNS
-------
  SRRFX

Each letter stands for a unique digit (0-9). No leading letter can be zero.
Provide a comma separated mapping from letters to digits that satisfies the equation in your final answer. Output format: ""A=1,B=2,C=3"" (without quotes)
","F=1,K=3,M=0,N=7,R=8,S=5,U=6,X=2"
"Solve this cryptarithm:

   PSXU
    KKL
+  LPOM
-------
  LLOKI

Each letter stands for a unique digit (0-9). No leading letter can be zero.
Provide a comma separated mapping from letters to digits that satisfies the equation in your final answer. Output format: ""A=1,B=2,C=3"" (without quotes)
","I=0,K=9,L=1,M=6,O=5,P=8,S=7,U=3,X=4"
"Solve this cryptarithm:

   KCKBV
    LBCL
+  QQCMV
--------
  VGGBQA

Each letter stands for a unique digit (0-9). No leading letter can be zero.
Provide a comma separated mapping from letters to digits that satisfies the equation in your final answer. Output format: ""A=1,B=2,C=3"" (without quotes)
","A=0,B=5,C=6,G=4,K=3,L=8,M=7,Q=9,V=1"
"Solve this cryptarithm:

   UUBKX
   XJXMX
+   XJKJ
--------
  JUXBAX

Each letter stands for a unique digit (0-9). No leading letter can be zero.
Provide a comma separated mapping from letters to digits that satisfies the equation in your final answer. Output format: ""A=1,B=2,C=3"" (without quotes)
","A=6,B=3,J=1,K=0,M=5,U=8,X=9"
"Solve this cryptarithm:

   LBBX
    XLA
+ BCBLX
-------
  BXAZZ

Each letter stands for a unique digit (0-9). No leading letter can be zero.
Provide a comma separated mapping from letters to digits that satisfies the equation in your final answer. Output format: ""A=1,B=2,C=3"" (without quotes)
","A=0,B=1,C=5,L=2,X=8,Z=6"
"Solve this cryptarithm:

   GCKCX
    GRGK
+  RPVKP
--------
  NVXXNC

Each letter stands for a unique digit (0-9). No leading letter can be zero.
Provide a comma separated mapping from letters to digits that satisfies the equation in your final answer. Output format: ""A=1,B=2,C=3"" (without quotes)
","C=5,G=8,K=7,N=1,P=2,R=4,V=3,X=6"
"Solve this cryptarithm:

  HQHGH
+  NNHH
-------
  HOFOV

Each letter stands for a unique digit (0-9). No leading letter can be zero.
Provide a comma separated mapping from letters to digits that satisfies the equation in your final answer. Output format: ""A=1,B=2,C=3"" (without quotes)
","F=2,G=5,H=8,N=3,O=4,Q=0,V=6"
"Solve this cryptarithm:

   FAVS
    WXF
+ XJFXW
-------
  ASSFJ

Each letter stands for a unique digit (0-9). No leading letter can be zero.
Provide a comma separated mapping from letters to digits that satisfies the equation in your final answer. Output format: ""A=1,B=2,C=3"" (without quotes)
","A=7,F=4,J=8,S=3,V=2,W=1,X=6"
"Solve this cryptarithm:

   SXQXS
    XRXS
+   IRXL
--------
  VLQZSZ

Each letter stands for a unique digit (0-9). No leading letter can be zero.
Provide a comma separated mapping from letters to digits that satisfies the equation in your final answer. Output format: ""A=1,B=2,C=3"" (without quotes)
","I=4,L=0,Q=7,R=5,S=9,V=1,X=6,Z=8"
"Solve this cryptarithm:

   GPZU
+ ZBPVB
-------
  UAZZK

Each letter stands for a unique digit (0-9). No leading letter can be zero.
Provide a comma separated mapping from letters to digits that satisfies the equation in your final answer. Output format: ""A=1,B=2,C=3"" (without quotes)
","A=0,B=8,G=1,K=4,P=7,U=6,V=9,Z=5"
"Solve this cryptarithm:

   TPNN
   PEHS
+  VNQW
-------
  PTDVT

Each letter stands for a unique digit (0-9). No leading letter can be zero.
Provide a comma separated mapping from letters to digits that satisfies the equation in your final answer. Output format: ""A=1,B=2,C=3"" (without quotes)
","D=2,E=6,H=5,N=4,P=1,Q=9,S=3,T=7,V=8,W=0"
"Solve this cryptarithm:

   EINJ
    LDJ
+  EJIS
-------
  UEEKS

Each letter stands for a unique digit (0-9). No leading letter can be zero.
Provide a comma separated mapping from letters to digits that satisfies the equation in your final answer. Output format: ""A=1,B=2,C=3"" (without quotes)
","D=4,E=9,I=7,J=5,K=2,L=6,N=0,S=8,U=1"
"Solve this cryptarithm:

    APL
+ QAMAH
-------
  QKPMH

Each letter stands for a unique digit (0-9). No leading letter can be zero.
Provide a comma separated mapping from letters to digits that satisfies the equation in your final answer. Output format: ""A=1,B=2,C=3"" (without quotes)
","A=5,H=8,K=6,L=0,M=9,P=4,Q=3"
"Solve this cryptarithm:

  NAUAN
+   ARU
-------
  NAAYN

Each letter stands for a unique digit (0-9). No leading letter can be zero.
Provide a comma separated mapping from letters to digits that satisfies the equation in your final answer. Output format: ""A=1,B=2,C=3"" (without quotes)
","A=7,N=6,R=1,U=0,Y=8"
"Solve this cryptarithm:

   REQ
+ EUQQ
------
  USEQ

Each letter stands for a unique digit (0-9). No leading letter can be zero.
Provide a comma separated mapping from letters to digits that satisfies the equation in your final answer. Output format: ""A=1,B=2,C=3"" (without quotes)
","E=8,Q=0,R=6,S=5,U=9"
"Solve this cryptarithm:

   KWB
   BTW
+  QST
------
  ETSQ

Each letter stands for a unique digit (0-9). No leading letter can be zero.
Provide a comma separated mapping from letters to digits that satisfies the equation in your final answer. Output format: ""A=1,B=2,C=3"" (without quotes)
","B=9,E=2,K=6,Q=8,S=0,T=4,W=5"
"Solve this cryptarithm:

  OFMDC
   JMPO
+  JFDC
-------
  JIPDD

Each letter stands for a unique digit (0-9). No leading letter can be zero.
Provide a comma separated mapping from letters to digits that satisfies the equation in your final answer. Output format: ""A=1,B=2,C=3"" (without quotes)
","C=1,D=7,F=4,I=8,J=6,M=9,O=5,P=3"
"Solve this cryptarithm:

   BTPP
  LRFBQ
+  XFAB
-------
  QTPIL

Each letter stands for a unique digit (0-9). No leading letter can be zero.
Provide a comma separated mapping from letters to digits that satisfies the equation in your final answer. Output format: ""A=1,B=2,C=3"" (without quotes)
","A=0,B=5,F=6,I=9,L=2,P=3,Q=4,R=7,T=1,X=8"
"Solve this cryptarithm:

  QVJQH
    WXJ
+ QJKVI
-------
  HVVHP

Each letter stands for a unique digit (0-9). No leading letter can be zero.
Provide a comma separated mapping from letters to digits that satisfies the equation in your final answer. Output format: ""A=1,B=2,C=3"" (without quotes)
","H=7,I=0,J=8,K=9,P=5,Q=3,V=1,W=4,X=2"
"Solve this cryptarithm:

   FMLR
   LEBR
+  ZBRB
-------
  KYYRR

Each letter stands for a unique digit (0-9). No leading letter can be zero.
Provide a comma separated mapping from letters to digits that satisfies the equation in your final answer. Output format: ""A=1,B=2,C=3"" (without quotes)
","B=3,E=1,F=9,K=2,L=6,M=5,R=7,Y=0,Z=4"
"Solve this cryptarithm:

   XDUPY
+  MORUX
--------
  RMRYLN

Each letter stands for a unique digit (0-9). No leading letter can be zero.
Provide a comma separated mapping from letters to digits that satisfies the equation in your final answer. Output format: ""A=1,B=2,C=3"" (without quotes)
","D=8,L=0,M=2,N=6,O=3,P=4,R=1,U=5,X=9,Y=7"
"Solve this cryptarithm:

   VDH
+ CUNG
------
  JHJN

Each letter stands for a unique digit (0-9). No leading letter can be zero.
Provide a comma separated mapping from letters to digits that satisfies the equation in your final answer. Output format: ""A=1,B=2,C=3"" (without quotes)
","C=2,D=5,G=7,H=1,J=3,N=8,U=6,V=4"
"Solve this cryptarithm:

   UNJ
  JUTH
+  HPN
------
  TOPO

Each letter stands for a unique digit (0-9). No leading letter can be zero.
Provide a comma separated mapping from letters to digits that satisfies the equation in your final answer. Output format: ""A=1,B=2,C=3"" (without quotes)
","H=9,J=3,N=4,O=6,P=1,T=5,U=8"
"Solve this cryptarithm:

   IGI
+  JZG
------
  HIVC

Each letter stands for a unique digit (0-9). No leading letter can be zero.
Provide a comma separated mapping from letters to digits that satisfies the equation in your final answer. Output format: ""A=1,B=2,C=3"" (without quotes)
","C=4,G=6,H=1,I=8,J=9,V=2,Z=5"
"Solve this cryptarithm:

  ZDGG
+  CCD
------
  HGCD

Each letter stands for a unique digit (0-9). No leading letter can be zero.
Provide a comma separated mapping from letters to digits that satisfies the equation in your final answer. Output format: ""A=1,B=2,C=3"" (without quotes)
","C=1,D=9,G=0,H=6,Z=5"
"Solve this cryptarithm:

   ZGTSF
    WGQS
+   TYMQ
--------
  YMZTYF

Each letter stands for a unique digit (0-9). No leading letter can be zero.
Provide a comma separated mapping from letters to digits that satisfies the equation in your final answer. Output format: ""A=1,B=2,C=3"" (without quotes)
","F=2,G=8,M=0,Q=6,S=4,T=7,W=3,Y=1,Z=9"
"Solve this cryptarithm:

   FYSY
    IIK
+ CKMOA
-------
  SAKIS

Each letter stands for a unique digit (0-9). No leading letter can be zero.
Provide a comma separated mapping from letters to digits that satisfies the equation in your final answer. Output format: ""A=1,B=2,C=3"" (without quotes)
","A=7,C=5,F=9,I=4,K=8,M=2,O=3,S=6,Y=1"
"Solve this cryptarithm:

   OTOFT
+  RFATH
--------
  FXBFOT

Each letter stands for a unique digit (0-9). No leading letter can be zero.
Provide a comma separated mapping from letters to digits that satisfies the equation in your final answer. Output format: ""A=1,B=2,C=3"" (without quotes)
","A=3,B=9,F=1,H=0,O=8,R=4,T=7,X=2"
"Solve this cryptarithm:

  VWNO
+ QVUR
------
  ONWN

Each letter stands for a unique digit (0-9). No leading letter can be zero.
Provide a comma separated mapping from letters to digits that satisfies the equation in your final answer. Output format: ""A=1,B=2,C=3"" (without quotes)
","N=5,O=9,Q=1,R=6,U=2,V=7,W=8"
"Solve this cryptarithm:

   WEIIW
+  ETJAE
--------
  MAMQMT

Each letter stands for a unique digit (0-9). No leading letter can be zero.
Provide a comma separated mapping from letters to digits that satisfies the equation in your final answer. Output format: ""A=1,B=2,C=3"" (without quotes)
","A=4,E=8,I=6,J=0,M=1,Q=7,T=3,W=5"
"Solve this cryptarithm:

   SQI
   SIX
+ ZDVR
------
  ZILQ

Each letter stands for a unique digit (0-9). No leading letter can be zero.
Provide a comma separated mapping from letters to digits that satisfies the equation in your final answer. Output format: ""A=1,B=2,C=3"" (without quotes)
","D=0,I=8,L=2,Q=7,R=4,S=3,V=6,X=5,Z=1"
"Solve this cryptarithm:

  EEU
+ RIF
-----
  KRU

Each letter stands for a unique digit (0-9). No leading letter can be zero.
Provide a comma separated mapping from letters to digits that satisfies the equation in your final answer. Output format: ""A=1,B=2,C=3"" (without quotes)
","E=7,F=0,I=4,K=9,R=1,U=8"
"Solve this cryptarithm:

   JDUU
   JXFU
+   FVD
-------
  GJGFO

Each letter stands for a unique digit (0-9). No leading letter can be zero.
Provide a comma separated mapping from letters to digits that satisfies the equation in your final answer. Output format: ""A=1,B=2,C=3"" (without quotes)
","D=9,F=4,G=1,J=8,O=5,U=3,V=6,X=7"
"Solve this cryptarithm:

   HRDO
    VGX
+  DOGD
-------
  BRXHR

Each letter stands for a unique digit (0-9). No leading letter can be zero.
Provide a comma separated mapping from letters to digits that satisfies the equation in your final answer. Output format: ""A=1,B=2,C=3"" (without quotes)
","B=1,D=6,G=8,H=4,O=5,R=0,V=2,X=9"
"Solve this cryptarithm:

    GDUC
   KCKSJ
+  BBGBG
--------
  CDJUSC

Each letter stands for a unique digit (0-9). No leading letter can be zero.
Provide a comma separated mapping from letters to digits that satisfies the equation in your final answer. Output format: ""A=1,B=2,C=3"" (without quotes)
","B=4,C=1,D=3,G=2,J=8,K=9,S=7,U=5"
"Solve this cryptarithm:

   SBZJ
+  JYMM
-------
  ZZSZJ

Each letter stands for a unique digit (0-9). No leading letter can be zero.
Provide a comma separated mapping from letters to digits that satisfies the equation in your final answer. Output format: ""A=1,B=2,C=3"" (without quotes)
","B=9,J=8,M=0,S=2,Y=3,Z=1"
"Solve this cryptarithm:

   AATAA
+   RDRR
--------
  DXHHRH

Each letter stands for a unique digit (0-9). No leading letter can be zero.
Provide a comma separated mapping from letters to digits that satisfies the equation in your final answer. Output format: ""A=1,B=2,C=3"" (without quotes)
","A=9,D=1,H=6,R=7,T=4,X=0"
"Solve this cryptarithm:

    LLK
+ KKKWZ
-------
  KEKXK

Each letter stands for a unique digit (0-9). No leading letter can be zero.
Provide a comma separated mapping from letters to digits that satisfies the equation in your final answer. Output format: ""A=1,B=2,C=3"" (without quotes)
","E=5,K=4,L=9,W=7,X=6,Z=0"
"Solve this cryptarithm:

   PWIP
+  IVLD
-------
  DDDRR

Each letter stands for a unique digit (0-9). No leading letter can be zero.
Provide a comma separated mapping from letters to digits that satisfies the equation in your final answer. Output format: ""A=1,B=2,C=3"" (without quotes)
","D=1,I=8,L=5,P=2,R=3,V=4,W=6"
"Solve this cryptarithm:

   JPCY
  YYYVJ
+ VRGBG
-------
  BRJRG

Each letter stands for a unique digit (0-9). No leading letter can be zero.
Provide a comma separated mapping from letters to digits that satisfies the equation in your final answer. Output format: ""A=1,B=2,C=3"" (without quotes)
","B=7,C=1,G=0,J=8,P=5,R=3,V=4,Y=2"
"Solve this cryptarithm:

    WTW
   NNFN
+ UIGBF
-------
  UUNTN

Each letter stands for a unique digit (0-9). No leading letter can be zero.
Provide a comma separated mapping from letters to digits that satisfies the equation in your final answer. Output format: ""A=1,B=2,C=3"" (without quotes)
","B=0,F=9,G=8,I=3,N=2,T=7,U=6,W=1"
"Solve this cryptarithm:

  AYLE
+ VEAH
------
  XXEU

Each letter stands for a unique digit (0-9). No leading letter can be zero.
Provide a comma separated mapping from letters to digits that satisfies the equation in your final answer. Output format: ""A=1,B=2,C=3"" (without quotes)
","A=2,E=7,H=8,L=4,U=5,V=3,X=6,Y=9"
"Solve this cryptarithm:

   JORN
  RIBXA
+  QTXT
-------
  TATRO

Each letter stands for a unique digit (0-9). No leading letter can be zero.
Provide a comma separated mapping from letters to digits that satisfies the equation in your final answer. Output format: ""A=1,B=2,C=3"" (without quotes)
","A=4,B=2,I=6,J=8,N=0,O=7,Q=9,R=1,T=3,X=5"
"Solve this cryptarithm:

  VSGOZ
    EGO
+   KGE
-------
  VKGVG

Each letter stands for a unique digit (0-9). No leading letter can be zero.
Provide a comma separated mapping from letters to digits that satisfies the equation in your final answer. Output format: ""A=1,B=2,C=3"" (without quotes)
","E=1,G=0,K=9,O=5,S=8,V=6,Z=4"
"Solve this cryptarithm:

   TZML
  BLTDO
+   ZBL
-------
  BGDOL

Each letter stands for a unique digit (0-9). No leading letter can be zero.
Provide a comma separated mapping from letters to digits that satisfies the equation in your final answer. Output format: ""A=1,B=2,C=3"" (without quotes)
","B=4,D=6,G=5,L=2,M=7,O=8,T=3,Z=1"
"Solve this cryptarithm:

   AMWWO
   PMMCU
+  WAPOC
--------
  MJCJJR

Each letter stands for a unique digit (0-9). No leading letter can be zero.
Provide a comma separated mapping from letters to digits that satisfies the equation in your final answer. Output format: ""A=1,B=2,C=3"" (without quotes)
","A=2,C=5,J=7,M=1,O=3,P=6,R=8,U=0,W=9"
"Solve this cryptarithm:

  QGEE
+  EMQ
------
  QQLY

Each letter stands for a unique digit (0-9). No leading letter can be zero.
Provide a comma separated mapping from letters to digits that satisfies the equation in your final answer. Output format: ""A=1,B=2,C=3"" (without quotes)
","E=2,G=3,L=1,M=9,Q=6,Y=8"
"Solve this cryptarithm:

   ICII
    KLO
+   AZH
-------
  CHLAL

Each letter stands for a unique digit (0-9). No leading letter can be zero.
Provide a comma separated mapping from letters to digits that satisfies the equation in your final answer. Output format: ""A=1,B=2,C=3"" (without quotes)
","A=5,C=1,H=0,I=9,K=6,L=3,O=4,Z=2"
"Solve this cryptarithm:

   APA
+ MGNK
------
  MBKM

Each letter stands for a unique digit (0-9). No leading letter can be zero.
Provide a comma separated mapping from letters to digits that satisfies the equation in your final answer. Output format: ""A=1,B=2,C=3"" (without quotes)
","A=3,B=7,G=4,K=9,M=2,N=8,P=0"
"Solve this cryptarithm:

  RNVGG
   RRQT
+  LLOG
-------
  JRQVT

Each letter stands for a unique digit (0-9). No leading letter can be zero.
Provide a comma separated mapping from letters to digits that satisfies the equation in your final answer. Output format: ""A=1,B=2,C=3"" (without quotes)
","G=5,J=9,L=2,N=7,O=3,Q=1,R=8,T=4,V=0"
"Solve this cryptarithm:

   MOWT
+  WTBZ
-------
  WCMTU

Each letter stands for a unique digit (0-9). No leading letter can be zero.
Provide a comma separated mapping from letters to digits that satisfies the equation in your final answer. Output format: ""A=1,B=2,C=3"" (without quotes)
","B=5,C=0,M=9,O=2,T=7,U=3,W=1,Z=6"
"Solve this cryptarithm:

  STASV
   TVAS
+   AFV
-------
  SSAUA

Each letter stands for a unique digit (0-9). No leading letter can be zero.
Provide a comma separated mapping from letters to digits that satisfies the equation in your final answer. Output format: ""A=1,B=2,C=3"" (without quotes)
","A=1,F=9,S=5,T=2,U=7,V=8"
"Solve this cryptarithm:

   VZFFD
+  FFBBF
--------
  DDMGGH

Each letter stands for a unique digit (0-9). No leading letter can be zero.
Provide a comma separated mapping from letters to digits that satisfies the equation in your final answer. Output format: ""A=1,B=2,C=3"" (without quotes)
","B=5,D=1,F=3,G=8,H=4,M=2,V=7,Z=9"
"Solve this cryptarithm:

  YYIIA
  IAAJJ
+   IEE
-------
  LWWJI

Each letter stands for a unique digit (0-9). No leading letter can be zero.
Provide a comma separated mapping from letters to digits that satisfies the equation in your final answer. Output format: ""A=1,B=2,C=3"" (without quotes)
","A=9,E=3,I=6,J=4,L=8,W=2,Y=1"
"Solve this cryptarithm:

   LLNL
    LPY
+  NKXN
-------
  YOGOP

Each letter stands for a unique digit (0-9). No leading letter can be zero.
Provide a comma separated mapping from letters to digits that satisfies the equation in your final answer. Output format: ""A=1,B=2,C=3"" (without quotes)
","G=2,K=9,L=6,N=7,O=5,P=4,X=3,Y=1"
"Solve this cryptarithm:

   INCLI
    WGLI
+  TILNQ
--------
  CIQLXL

Each letter stands for a unique digit (0-9). No leading letter can be zero.
Provide a comma separated mapping from letters to digits that satisfies the equation in your final answer. Output format: ""A=1,B=2,C=3"" (without quotes)
","C=1,G=8,I=7,L=6,N=0,Q=2,T=9,W=4,X=3"
"Solve this cryptarithm:

  WFTD
   OUW
+  NUA
------
  XUUN

Each letter stands for a unique digit (0-9). No leading letter can be zero.
Provide a comma separated mapping from letters to digits that satisfies the equation in your final answer. Output format: ""A=1,B=2,C=3"" (without quotes)
","A=2,D=4,F=1,N=3,O=5,T=9,U=0,W=7,X=8"
"Solve this cryptarithm:

    ZOO
+ ZZTKZ
-------
  ZZYKU

Each letter stands for a unique digit (0-9). No leading letter can be zero.
Provide a comma separated mapping from letters to digits that satisfies the equation in your final answer. Output format: ""A=1,B=2,C=3"" (without quotes)
","K=4,O=9,T=0,U=1,Y=3,Z=2"
"Solve this cryptarithm:

   XAG
+ LUVK
------
  VPPV

Each letter stands for a unique digit (0-9). No leading letter can be zero.
Provide a comma separated mapping from letters to digits that satisfies the equation in your final answer. Output format: ""A=1,B=2,C=3"" (without quotes)
","A=1,G=4,K=5,L=8,P=0,U=3,V=9,X=6"
"Solve this cryptarithm:

   VMTTQ
+  UTWNV
--------
  MQNUVM

Each letter stands for a unique digit (0-9). No leading letter can be zero.
Provide a comma separated mapping from letters to digits that satisfies the equation in your final answer. Output format: ""A=1,B=2,C=3"" (without quotes)
","M=1,N=3,Q=5,T=2,U=9,V=6,W=7"
"Solve this cryptarithm:

  ZHFZD
    BHB
+  FFYD
-------
  ZZXYB

Each letter stands for a unique digit (0-9). No leading letter can be zero.
Provide a comma separated mapping from letters to digits that satisfies the equation in your final answer. Output format: ""A=1,B=2,C=3"" (without quotes)
","B=3,D=0,F=7,H=1,X=8,Y=4,Z=9"
"Solve this cryptarithm:

   DYPAL
    DZSY
+  OQDLQ
--------
  TADDQO

Each letter stands for a unique digit (0-9). No leading letter can be zero.
Provide a comma separated mapping from letters to digits that satisfies the equation in your final answer. Output format: ""A=1,B=2,C=3"" (without quotes)
","A=2,D=7,L=5,O=4,P=0,Q=6,S=8,T=1,Y=3,Z=9"
"Solve this cryptarithm:

   TXL
+ SZUU
------
  SWNW

Each letter stands for a unique digit (0-9). No leading letter can be zero.
Provide a comma separated mapping from letters to digits that satisfies the equation in your final answer. Output format: ""A=1,B=2,C=3"" (without quotes)
","L=3,N=8,S=7,T=4,U=2,W=5,X=6,Z=1"
"Solve this cryptarithm:

  BZMG
+  BOW
------
  BLMF

Each letter stands for a unique digit (0-9). No leading letter can be zero.
Provide a comma separated mapping from letters to digits that satisfies the equation in your final answer. Output format: ""A=1,B=2,C=3"" (without quotes)
","B=3,F=8,G=6,L=4,M=7,O=0,W=2,Z=1"
"Solve this cryptarithm:

    ZCC
+ ZMZAI
-------
  ZMDCH

Each letter stands for a unique digit (0-9). No leading letter can be zero.
Provide a comma separated mapping from letters to digits that satisfies the equation in your final answer. Output format: ""A=1,B=2,C=3"" (without quotes)
","A=9,C=6,D=7,H=0,I=4,M=1,Z=3"
"Solve this cryptarithm:

   KFQF
  URFDN
+   RGK
-------
  KPGDR

Each letter stands for a unique digit (0-9). No leading letter can be zero.
Provide a comma separated mapping from letters to digits that satisfies the equation in your final answer. Output format: ""A=1,B=2,C=3"" (without quotes)
","D=9,F=1,G=5,K=8,N=3,P=0,Q=4,R=2,U=7"
"Solve this cryptarithm:

  HGTGO
+  PGTL
-------
  HLOLP

Each letter stands for a unique digit (0-9). No leading letter can be zero.
Provide a comma separated mapping from letters to digits that satisfies the equation in your final answer. Output format: ""A=1,B=2,C=3"" (without quotes)
","G=4,H=1,L=7,O=6,P=3,T=2"
"Solve this cryptarithm:

  WQVWW
+  RQBW
-------
  WTBYJ

Each letter stands for a unique digit (0-9). No leading letter can be zero.
Provide a comma separated mapping from letters to digits that satisfies the equation in your final answer. Output format: ""A=1,B=2,C=3"" (without quotes)
","B=8,J=4,Q=2,R=1,T=3,V=5,W=7,Y=6"
"Solve this cryptarithm:

  QGLN
+  WKZ
------
  QNGW

Each letter stands for a unique digit (0-9). No leading letter can be zero.
Provide a comma separated mapping from letters to digits that satisfies the equation in your final answer. Output format: ""A=1,B=2,C=3"" (without quotes)
","G=8,K=0,L=7,N=9,Q=3,W=1,Z=2"
"Solve this cryptarithm:

  PINNN
   OPIR
+  PEPE
-------
  INSWW

Each letter stands for a unique digit (0-9). No leading letter can be zero.
Provide a comma separated mapping from letters to digits that satisfies the equation in your final answer. Output format: ""A=1,B=2,C=3"" (without quotes)
","E=8,I=2,N=0,O=7,P=1,R=6,S=9,W=4"
"Solve this cryptarithm:

   ADY
+ JJSR
------
  DJRY

Each letter stands for a unique digit (0-9). No leading letter can be zero.
Provide a comma separated mapping from letters to digits that satisfies the equation in your final answer. Output format: ""A=1,B=2,C=3"" (without quotes)
","A=9,D=2,J=1,R=0,S=8,Y=4"
"Solve this cryptarithm:

    TTB
  FKIHT
+  YGYR
-------
  STSSR

Each letter stands for a unique digit (0-9). No leading letter can be zero.
Provide a comma separated mapping from letters to digits that satisfies the equation in your final answer. Output format: ""A=1,B=2,C=3"" (without quotes)
","B=9,F=3,G=0,H=7,I=2,K=6,R=8,S=4,T=1,Y=5"
"Solve this cryptarithm:

   USUS
+  MUTJ
-------
  EEVSQ

Each letter stands for a unique digit (0-9). No leading letter can be zero.
Provide a comma separated mapping from letters to digits that satisfies the equation in your final answer. Output format: ""A=1,B=2,C=3"" (without quotes)
","E=1,J=6,M=3,Q=4,S=8,T=0,U=7,V=5"
"Solve this cryptarithm:

    MZC
+ BCPQB
-------
  BCEEB

Each letter stands for a unique digit (0-9). No leading letter can be zero.
Provide a comma separated mapping from letters to digits that satisfies the equation in your final answer. Output format: ""A=1,B=2,C=3"" (without quotes)
","B=9,C=0,E=7,M=6,P=1,Q=2,Z=5"
"Solve this cryptarithm:

   TIQWM
   ZBTTZ
+    QWM
--------
  BQMJWT

Each letter stands for a unique digit (0-9). No leading letter can be zero.
Provide a comma separated mapping from letters to digits that satisfies the equation in your final answer. Output format: ""A=1,B=2,C=3"" (without quotes)
","B=1,I=7,J=5,M=9,Q=4,T=6,W=2,Z=8"
"Solve this cryptarithm:

   WJTJ
    TTZ
+  OEUE
-------
  AUVJA

Each letter stands for a unique digit (0-9). No leading letter can be zero.
Provide a comma separated mapping from letters to digits that satisfies the equation in your final answer. Output format: ""A=1,B=2,C=3"" (without quotes)
","A=1,E=0,J=2,O=5,T=4,U=3,V=7,W=8,Z=9"
"Solve this cryptarithm:

   NQI
   ZGX
+  XQN
------
  FZIQ

Each letter stands for a unique digit (0-9). No leading letter can be zero.
Provide a comma separated mapping from letters to digits that satisfies the equation in your final answer. Output format: ""A=1,B=2,C=3"" (without quotes)
","F=1,G=2,I=9,N=3,Q=8,X=6,Z=4"
"Solve this cryptarithm:

    SZV
+ ZFGZM
-------
  ZOMWK

Each letter stands for a unique digit (0-9). No leading letter can be zero.
Provide a comma separated mapping from letters to digits that satisfies the equation in your final answer. Output format: ""A=1,B=2,C=3"" (without quotes)
","F=6,G=9,K=8,M=3,O=7,S=4,V=5,W=2,Z=1"
"Solve this cryptarithm:

  QBQNI
+ KKTBI
-------
  FNQIV

Each letter stands for a unique digit (0-9). No leading letter can be zero.
Provide a comma separated mapping from letters to digits that satisfies the equation in your final answer. Output format: ""A=1,B=2,C=3"" (without quotes)
","B=1,F=9,I=4,K=2,N=3,Q=7,T=0,V=8"
"Solve this cryptarithm:

  MWUJN
+   LYF
-------
  MWNMM

Each letter stands for a unique digit (0-9). No leading letter can be zero.
Provide a comma separated mapping from letters to digits that satisfies the equation in your final answer. Output format: ""A=1,B=2,C=3"" (without quotes)
","F=5,J=2,L=1,M=9,N=4,U=3,W=6,Y=7"
"Solve this cryptarithm:

   VWNR
+  IWFF
-------
  VQXSX

Each letter stands for a unique digit (0-9). No leading letter can be zero.
Provide a comma separated mapping from letters to digits that satisfies the equation in your final answer. Output format: ""A=1,B=2,C=3"" (without quotes)
","F=4,I=8,N=7,Q=0,R=9,S=2,V=1,W=6,X=3"
"Solve this cryptarithm:

  QYRCM
+  NPRY
-------
  QQCEU

Each letter stands for a unique digit (0-9). No leading letter can be zero.
Provide a comma separated mapping from letters to digits that satisfies the equation in your final answer. Output format: ""A=1,B=2,C=3"" (without quotes)
","C=9,E=7,M=4,N=3,P=0,Q=5,R=8,U=6,Y=2"
"Solve this cryptarithm:

   ZOCS
   ZEJZ
+   OSU
-------
  HZHHC

Each letter stands for a unique digit (0-9). No leading letter can be zero.
Provide a comma separated mapping from letters to digits that satisfies the equation in your final answer. Output format: ""A=1,B=2,C=3"" (without quotes)
","C=7,E=2,H=1,J=0,O=9,S=3,U=6,Z=8"
"Solve this cryptarithm:

   FUEU
  UNKEA
+  LFZL
-------
  XNEUZ

Each letter stands for a unique digit (0-9). No leading letter can be zero.
Provide a comma separated mapping from letters to digits that satisfies the equation in your final answer. Output format: ""A=1,B=2,C=3"" (without quotes)
","A=8,E=3,F=4,K=2,L=5,N=1,U=6,X=7,Z=9"
"Solve this cryptarithm:

   FPJ
+ WYFF
------
  WKJO

Each letter stands for a unique digit (0-9). No leading letter can be zero.
Provide a comma separated mapping from letters to digits that satisfies the equation in your final answer. Output format: ""A=1,B=2,C=3"" (without quotes)
","F=6,J=4,K=9,O=0,P=7,W=1,Y=2"
"Solve this cryptarithm:

    AHS
    LEO
+ LAOSG
-------
  LOOAE

Each letter stands for a unique digit (0-9). No leading letter can be zero.
Provide a comma separated mapping from letters to digits that satisfies the equation in your final answer. Output format: ""A=1,B=2,C=3"" (without quotes)
","A=2,E=6,G=8,H=0,L=7,O=3,S=5"
"Solve this cryptarithm:

   AJYJJ
+  IDYON
--------
  UJNACJ

Each letter stands for a unique digit (0-9). No leading letter can be zero.
Provide a comma separated mapping from letters to digits that satisfies the equation in your final answer. Output format: ""A=1,B=2,C=3"" (without quotes)
","A=8,C=7,D=4,I=6,J=5,N=0,O=2,U=1,Y=9"
"Solve this cryptarithm:

   UQDD
    QLX
+  XLJX
-------
  FURDU

Each letter stands for a unique digit (0-9). No leading letter can be zero.
Provide a comma separated mapping from letters to digits that satisfies the equation in your final answer. Output format: ""A=1,B=2,C=3"" (without quotes)
","D=4,F=1,J=0,L=8,Q=3,R=5,U=2,X=9"
"Solve this cryptarithm:

  BHZMF
+  SXLM
-------
  BWKMX

Each letter stands for a unique digit (0-9). No leading letter can be zero.
Provide a comma separated mapping from letters to digits that satisfies the equation in your final answer. Output format: ""A=1,B=2,C=3"" (without quotes)
","B=6,F=4,H=5,K=2,L=9,M=7,S=3,W=8,X=1,Z=0"
"Solve this cryptarithm:

   JBD
+ DJDG
------
  ZVFD

Each letter stands for a unique digit (0-9). No leading letter can be zero.
Provide a comma separated mapping from letters to digits that satisfies the equation in your final answer. Output format: ""A=1,B=2,C=3"" (without quotes)
","B=4,D=7,F=1,G=0,J=6,V=3,Z=8"
"Solve this cryptarithm:

  AOOAG
+ UTTHX
-------
  XHATA

Each letter stands for a unique digit (0-9). No leading letter can be zero.
Provide a comma separated mapping from letters to digits that satisfies the equation in your final answer. Output format: ""A=1,B=2,C=3"" (without quotes)
","A=3,G=7,H=4,O=5,T=8,U=2,X=6"
"Solve this cryptarithm:

   BMRS
+ XXKMG
-------
  XGKRR

Each letter stands for a unique digit (0-9). No leading letter can be zero.
Provide a comma separated mapping from letters to digits that satisfies the equation in your final answer. Output format: ""A=1,B=2,C=3"" (without quotes)
","B=6,G=8,K=5,M=9,R=0,S=2,X=1"
"Solve this cryptarithm:

   PSFA
+  QAIZ
-------
  AZZZP

Each letter stands for a unique digit (0-9). No leading letter can be zero.
Provide a comma separated mapping from letters to digits that satisfies the equation in your final answer. Output format: ""A=1,B=2,C=3"" (without quotes)
","A=1,F=5,I=2,P=8,Q=9,S=6,Z=7"
"Solve this cryptarithm:

  JGWJB
+   NOB
-------
  JWNUU

Each letter stands for a unique digit (0-9). No leading letter can be zero.
Provide a comma separated mapping from letters to digits that satisfies the equation in your final answer. Output format: ""A=1,B=2,C=3"" (without quotes)
","B=5,G=8,J=6,N=1,O=3,U=0,W=9"
"Solve this cryptarithm:

   KQGTW
     MMQ
+  KLMWL
--------
  QTWWLG

Each letter stands for a unique digit (0-9). No leading letter can be zero.
Provide a comma separated mapping from letters to digits that satisfies the equation in your final answer. Output format: ""A=1,B=2,C=3"" (without quotes)
","G=0,K=8,L=4,M=2,Q=1,T=6,W=5"
"Solve this cryptarithm:

  FRLJP
    HLN
+   LDR
-------
  FLPHR

Each letter stands for a unique digit (0-9). No leading letter can be zero.
Provide a comma separated mapping from letters to digits that satisfies the equation in your final answer. Output format: ""A=1,B=2,C=3"" (without quotes)
","D=7,F=1,H=9,J=5,L=6,N=8,P=2,R=4"
"Solve this cryptarithm:

    IZX
+ IWITW
-------
  IWCON

Each letter stands for a unique digit (0-9). No leading letter can be zero.
Provide a comma separated mapping from letters to digits that satisfies the equation in your final answer. Output format: ""A=1,B=2,C=3"" (without quotes)
","C=3,I=1,N=4,O=6,T=8,W=9,X=5,Z=7"
"Solve this cryptarithm:

  TXVA
+  LTD
------
  OBBY

Each letter stands for a unique digit (0-9). No leading letter can be zero.
Provide a comma separated mapping from letters to digits that satisfies the equation in your final answer. Output format: ""A=1,B=2,C=3"" (without quotes)
","A=2,B=1,D=5,L=6,O=9,T=8,V=3,X=4,Y=7"
"Solve this cryptarithm:

   RTRC
    YRP
+  PCYC
-------
  GPYPK

Each letter stands for a unique digit (0-9). No leading letter can be zero.
Provide a comma separated mapping from letters to digits that satisfies the equation in your final answer. Output format: ""A=1,B=2,C=3"" (without quotes)
","C=3,G=1,K=2,P=6,R=9,T=5,Y=7"
"Solve this cryptarithm:

   SFM
   SZG
+ DFSP
------
  DPSS

Each letter stands for a unique digit (0-9). No leading letter can be zero.
Provide a comma separated mapping from letters to digits that satisfies the equation in your final answer. Output format: ""A=1,B=2,C=3"" (without quotes)
","D=7,F=0,G=3,M=4,P=5,S=2,Z=9"
"Solve this cryptarithm:

   XHUHO
+  TULHA
--------
  LATHAO

Each letter stands for a unique digit (0-9). No leading letter can be zero.
Provide a comma separated mapping from letters to digits that satisfies the equation in your final answer. Output format: ""A=1,B=2,C=3"" (without quotes)
","A=0,H=5,L=1,O=7,T=8,U=3,X=2"
"Solve this cryptarithm:

  JTDBD
   FCCC
+ UJDJD
-------
  FMDCY

Each letter stands for a unique digit (0-9). No leading letter can be zero.
Provide a comma separated mapping from letters to digits that satisfies the equation in your final answer. Output format: ""A=1,B=2,C=3"" (without quotes)
","B=5,C=1,D=8,F=9,J=4,M=0,T=6,U=3,Y=7"
"Solve this cryptarithm:

   EII
   JIQ
+  BQK
------
  VYYB

Each letter stands for a unique digit (0-9). No leading letter can be zero.
Provide a comma separated mapping from letters to digits that satisfies the equation in your final answer. Output format: ""A=1,B=2,C=3"" (without quotes)
","B=4,E=5,I=6,J=9,K=1,Q=7,V=2,Y=0"
"Solve this cryptarithm:

  GUKUF
   CPCM
+  CFOK
-------
  FKKFE

Each letter stands for a unique digit (0-9). No leading letter can be zero.
Provide a comma separated mapping from letters to digits that satisfies the equation in your final answer. Output format: ""A=1,B=2,C=3"" (without quotes)
","C=5,E=8,F=7,G=6,K=2,M=9,O=0,P=3,U=1"
"Solve this cryptarithm:

    ZRJ
   HADY
+ ZFCFC
-------
  YJVCR

Each letter stands for a unique digit (0-9). No leading letter can be zero.
Provide a comma separated mapping from letters to digits that satisfies the equation in your final answer. Output format: ""A=1,B=2,C=3"" (without quotes)
","A=8,C=7,D=1,F=3,H=6,J=0,R=2,V=9,Y=5,Z=4"
"Solve this cryptarithm:

   AFFW
  NWZMF
+  WNWM
-------
  AJNAM

Each letter stands for a unique digit (0-9). No leading letter can be zero.
Provide a comma separated mapping from letters to digits that satisfies the equation in your final answer. Output format: ""A=1,B=2,C=3"" (without quotes)
","A=6,F=2,J=3,M=5,N=4,W=8,Z=7"
"Solve this cryptarithm:

    TTL
  PMMPS
+   RPR
-------
  PQMQS

Each letter stands for a unique digit (0-9). No leading letter can be zero.
Provide a comma separated mapping from letters to digits that satisfies the equation in your final answer. Output format: ""A=1,B=2,C=3"" (without quotes)
","L=8,M=5,P=4,Q=6,R=2,S=0,T=7"
"Solve this cryptarithm:

   TET
+ BINI
------
  OODO

Each letter stands for a unique digit (0-9). No leading letter can be zero.
Provide a comma separated mapping from letters to digits that satisfies the equation in your final answer. Output format: ""A=1,B=2,C=3"" (without quotes)
","B=2,D=7,E=1,I=4,N=5,O=3,T=9"
"Solve this cryptarithm:

  KAI
+ OQA
-----
  QAL

Each letter stands for a unique digit (0-9). No leading letter can be zero.
Provide a comma separated mapping from letters to digits that satisfies the equation in your final answer. Output format: ""A=1,B=2,C=3"" (without quotes)
","A=8,I=5,K=7,L=3,O=1,Q=9"
"Solve this cryptarithm:

    YNN
+ DYIDO
-------
  DYJRN

Each letter stands for a unique digit (0-9). No leading letter can be zero.
Provide a comma separated mapping from letters to digits that satisfies the equation in your final answer. Output format: ""A=1,B=2,C=3"" (without quotes)
","D=5,I=2,J=7,N=8,O=0,R=3,Y=4"
"Solve this cryptarithm:

   FFSF
+  DSIF
-------
  SRDGI

Each letter stands for a unique digit (0-9). No leading letter can be zero.
Provide a comma separated mapping from letters to digits that satisfies the equation in your final answer. Output format: ""A=1,B=2,C=3"" (without quotes)
","D=8,F=7,G=6,I=4,R=5,S=1"
"Solve this cryptarithm:

   RIRH
+ EIQCR
-------
  ERYIY

Each letter stands for a unique digit (0-9). No leading letter can be zero.
Provide a comma separated mapping from letters to digits that satisfies the equation in your final answer. Output format: ""A=1,B=2,C=3"" (without quotes)
","C=8,E=3,H=5,I=0,Q=6,R=2,Y=7"
"Solve this cryptarithm:

   MUP
+ UPSS
------
  USIS

Each letter stands for a unique digit (0-9). No leading letter can be zero.
Provide a comma separated mapping from letters to digits that satisfies the equation in your final answer. Output format: ""A=1,B=2,C=3"" (without quotes)
","I=5,M=8,P=0,S=9,U=6"
"Solve this cryptarithm:

  NHPFH
+  TALC
-------
  TFPNS

Each letter stands for a unique digit (0-9). No leading letter can be zero.
Provide a comma separated mapping from letters to digits that satisfies the equation in your final answer. Output format: ""A=1,B=2,C=3"" (without quotes)
","A=0,C=1,F=5,H=6,L=3,N=8,P=4,S=7,T=9"
"Solve this cryptarithm:

  LQXJ
+  QGL
------
  LACS

Each letter stands for a unique digit (0-9). No leading letter can be zero.
Provide a comma separated mapping from letters to digits that satisfies the equation in your final answer. Output format: ""A=1,B=2,C=3"" (without quotes)
","A=7,C=0,G=1,J=6,L=2,Q=3,S=8,X=9"
"Solve this cryptarithm:

  DKKFY
+  YPIF
-------
  IELPP

Each letter stands for a unique digit (0-9). No leading letter can be zero.
Provide a comma separated mapping from letters to digits that satisfies the equation in your final answer. Output format: ""A=1,B=2,C=3"" (without quotes)
","D=6,E=0,F=3,I=7,K=2,L=4,P=1,Y=8"
"Solve this cryptarithm:

     MJQ
   LNJZC
+  QQNIO
--------
  TJQNNC

Each letter stands for a unique digit (0-9). No leading letter can be zero.
Provide a comma separated mapping from letters to digits that satisfies the equation in your final answer. Output format: ""A=1,B=2,C=3"" (without quotes)
","C=5,I=0,J=6,L=8,M=4,N=9,O=3,Q=7,T=1,Z=2"
"Solve this cryptarithm:

    NUT
+ PYTAJ
-------
  PYAYT

Each letter stands for a unique digit (0-9). No leading letter can be zero.
Provide a comma separated mapping from letters to digits that satisfies the equation in your final answer. Output format: ""A=1,B=2,C=3"" (without quotes)
","A=3,J=0,N=2,P=4,T=1,U=6,Y=9"
"Solve this cryptarithm:

   ORS
+ OMMQ
------
  OKKK

Each letter stands for a unique digit (0-9). No leading letter can be zero.
Provide a comma separated mapping from letters to digits that satisfies the equation in your final answer. Output format: ""A=1,B=2,C=3"" (without quotes)
","K=5,M=4,O=1,Q=7,R=0,S=8"
"Solve this cryptarithm:

  FHGHV
    PHF
+  HIPI
-------
  HHWCG

Each letter stands for a unique digit (0-9). No leading letter can be zero.
Provide a comma separated mapping from letters to digits that satisfies the equation in your final answer. Output format: ""A=1,B=2,C=3"" (without quotes)
","C=1,F=8,G=7,H=9,I=3,P=2,V=6,W=4"
"Solve this cryptarithm:

   VAPA
+ VAXVR
-------
  RVXNV

Each letter stands for a unique digit (0-9). No leading letter can be zero.
Provide a comma separated mapping from letters to digits that satisfies the equation in your final answer. Output format: ""A=1,B=2,C=3"" (without quotes)
","A=9,N=0,P=7,R=3,V=2,X=1"
"Solve this cryptarithm:

  NXFNY
+ SKDPP
-------
  DYDXS

Each letter stands for a unique digit (0-9). No leading letter can be zero.
Provide a comma separated mapping from letters to digits that satisfies the equation in your final answer. Output format: ""A=1,B=2,C=3"" (without quotes)
","D=8,F=9,K=2,N=7,P=5,S=1,X=3,Y=6"
"Solve this cryptarithm:

  JTBFL
    GLJ
+   EIF
-------
  JLEJF

Each letter stands for a unique digit (0-9). No leading letter can be zero.
Provide a comma separated mapping from letters to digits that satisfies the equation in your final answer. Output format: ""A=1,B=2,C=3"" (without quotes)
","B=1,E=2,F=5,G=8,I=0,J=3,L=7,T=6"
"Solve this cryptarithm:

   WYZW
  WWGGW
+   YUW
-------
  WSEUS

Each letter stands for a unique digit (0-9). No leading letter can be zero.
Provide a comma separated mapping from letters to digits that satisfies the equation in your final answer. Output format: ""A=1,B=2,C=3"" (without quotes)
","E=9,G=8,S=3,U=4,W=1,Y=5,Z=2"
"Solve this cryptarithm:

  CONYY
+  MNMY
-------
  MORWC

Each letter stands for a unique digit (0-9). No leading letter can be zero.
Provide a comma separated mapping from letters to digits that satisfies the equation in your final answer. Output format: ""A=1,B=2,C=3"" (without quotes)
","C=8,M=9,N=5,O=7,R=1,W=3,Y=4"
"Solve this cryptarithm:

  VIIVC
   CMJJ
+  YVWO
-------
  VJOIM

Each letter stands for a unique digit (0-9). No leading letter can be zero.
Provide a comma separated mapping from letters to digits that satisfies the equation in your final answer. Output format: ""A=1,B=2,C=3"" (without quotes)
","C=2,I=0,J=7,M=5,O=6,V=9,W=3,Y=4"
"Solve this cryptarithm:

   MVAQA
+  IDOQW
--------
  DWWDXA

Each letter stands for a unique digit (0-9). No leading letter can be zero.
Provide a comma separated mapping from letters to digits that satisfies the equation in your final answer. Output format: ""A=1,B=2,C=3"" (without quotes)
","A=3,D=1,I=4,M=5,O=7,Q=6,V=8,W=0,X=2"
"Solve this cryptarithm:

    EZF
+ QHZPS
-------
  QZFEG

Each letter stands for a unique digit (0-9). No leading letter can be zero.
Provide a comma separated mapping from letters to digits that satisfies the equation in your final answer. Output format: ""A=1,B=2,C=3"" (without quotes)
","E=8,F=4,G=3,H=5,P=1,Q=2,S=9,Z=6"
"Solve this cryptarithm:

    ABB
  COCKK
+ CADMA
-------
  MDOMO

Each letter stands for a unique digit (0-9). No leading letter can be zero.
Provide a comma separated mapping from letters to digits that satisfies the equation in your final answer. Output format: ""A=1,B=2,C=3"" (without quotes)
","A=8,B=9,C=2,D=6,K=0,M=5,O=7"
"Solve this cryptarithm:

  GTJI
+  RGR
------
  GYYU

Each letter stands for a unique digit (0-9). No leading letter can be zero.
Provide a comma separated mapping from letters to digits that satisfies the equation in your final answer. Output format: ""A=1,B=2,C=3"" (without quotes)
","G=8,I=7,J=6,R=2,T=1,U=9,Y=4"
"Solve this cryptarithm:

   NGDN
   IKGK
+   GDG
-------
  YIRDE

Each letter stands for a unique digit (0-9). No leading letter can be zero.
Provide a comma separated mapping from letters to digits that satisfies the equation in your final answer. Output format: ""A=1,B=2,C=3"" (without quotes)
","D=3,E=0,G=5,I=2,K=6,N=9,R=7,Y=1"
"Solve this cryptarithm:

  MLPTT
+   LPN
-------
  MNGPL

Each letter stands for a unique digit (0-9). No leading letter can be zero.
Provide a comma separated mapping from letters to digits that satisfies the equation in your final answer. Output format: ""A=1,B=2,C=3"" (without quotes)
","G=0,L=1,M=4,N=2,P=8,T=9"
"Solve this cryptarithm:

   GJNR
+ JWBNE
-------
  GGERE

Each letter stands for a unique digit (0-9). No leading letter can be zero.
Provide a comma separated mapping from letters to digits that satisfies the equation in your final answer. Output format: ""A=1,B=2,C=3"" (without quotes)
","B=4,E=1,G=7,J=6,N=5,R=0,W=9"
"Solve this cryptarithm:

    CSV
+ HVASS
-------
  HVYZH

Each letter stands for a unique digit (0-9). No leading letter can be zero.
Provide a comma separated mapping from letters to digits that satisfies the equation in your final answer. Output format: ""A=1,B=2,C=3"" (without quotes)
","A=1,C=6,H=5,S=2,V=3,Y=7,Z=4"
"Solve this cryptarithm:

   AWWA
+ ZJAAL
-------
  ZSLLJ

Each letter stands for a unique digit (0-9). No leading letter can be zero.
Provide a comma separated mapping from letters to digits that satisfies the equation in your final answer. Output format: ""A=1,B=2,C=3"" (without quotes)
","A=7,J=1,L=4,S=9,W=6,Z=8"
"Solve this cryptarithm:

   SBZQ
  ZBRQJ
+   BJE
-------
  ZRDRD

Each letter stands for a unique digit (0-9). No leading letter can be zero.
Provide a comma separated mapping from letters to digits that satisfies the equation in your final answer. Output format: ""A=1,B=2,C=3"" (without quotes)
","B=3,D=5,E=0,J=9,Q=6,R=8,S=4,Z=2"
"Solve this cryptarithm:

  AHHH
+  EEI
------
  AMMA

Each letter stands for a unique digit (0-9). No leading letter can be zero.
Provide a comma separated mapping from letters to digits that satisfies the equation in your final answer. Output format: ""A=1,B=2,C=3"" (without quotes)
","A=6,E=3,H=5,I=1,M=8"
"Solve this cryptarithm:

   WFF
   EIF
+ QICD
------
  PFMM

Each letter stands for a unique digit (0-9). No leading letter can be zero.
Provide a comma separated mapping from letters to digits that satisfies the equation in your final answer. Output format: ""A=1,B=2,C=3"" (without quotes)
","C=4,D=3,E=9,F=1,I=0,M=5,P=8,Q=7,W=2"
"Solve this cryptarithm:

     ZZV
   CIWVA
+  DICVY
--------
  CKAWDZ

Each letter stands for a unique digit (0-9). No leading letter can be zero.
Provide a comma separated mapping from letters to digits that satisfies the equation in your final answer. Output format: ""A=1,B=2,C=3"" (without quotes)
","A=7,C=1,D=9,I=3,K=0,V=5,W=2,Y=6,Z=8"
"Solve this cryptarithm:

   KJSZ
+  DOJS
-------
  ZJJXP

Each letter stands for a unique digit (0-9). No leading letter can be zero.
Provide a comma separated mapping from letters to digits that satisfies the equation in your final answer. Output format: ""A=1,B=2,C=3"" (without quotes)
","D=6,J=5,K=9,O=0,P=4,S=3,X=8,Z=1"
"Solve this cryptarithm:

  SRHBY
   RGMR
+ OSBYM
-------
  HIOGY

Each letter stands for a unique digit (0-9). No leading letter can be zero.
Provide a comma separated mapping from letters to digits that satisfies the equation in your final answer. Output format: ""A=1,B=2,C=3"" (without quotes)
","B=4,G=8,H=9,I=2,M=3,O=1,R=7,S=6,Y=0"
"Solve this cryptarithm:

   RFO
   OFR
+  VRL
------
  FKVG

Each letter stands for a unique digit (0-9). No leading letter can be zero.
Provide a comma separated mapping from letters to digits that satisfies the equation in your final answer. Output format: ""A=1,B=2,C=3"" (without quotes)
","F=1,G=8,K=5,L=6,O=3,R=9,V=2"
"Solve this cryptarithm:

   YVXV
   UYHY
+ SRPNU
-------
  NXYNX

Each letter stands for a unique digit (0-9). No leading letter can be zero.
Provide a comma separated mapping from letters to digits that satisfies the equation in your final answer. Output format: ""A=1,B=2,C=3"" (without quotes)
","H=5,N=7,P=0,R=8,S=6,U=2,V=9,X=4,Y=3"
"Solve this cryptarithm:

   IRFRQ
    ZKRR
+  GPRPG
--------
  PPCZRC

Each letter stands for a unique digit (0-9). No leading letter can be zero.
Provide a comma separated mapping from letters to digits that satisfies the equation in your final answer. Output format: ""A=1,B=2,C=3"" (without quotes)
","C=5,F=6,G=7,I=3,K=9,P=1,Q=0,R=8,Z=4"
"Solve this cryptarithm:

   QMENZ
+  EEZZX
--------
  MSXQSR

Each letter stands for a unique digit (0-9). No leading letter can be zero.
Provide a comma separated mapping from letters to digits that satisfies the equation in your final answer. Output format: ""A=1,B=2,C=3"" (without quotes)
","E=7,M=1,N=3,Q=9,R=0,S=6,X=8,Z=2"
"Solve this cryptarithm:

     CRJ
   SJCVB
+  VSVJQ
--------
  YVFSRA

Each letter stands for a unique digit (0-9). No leading letter can be zero.
Provide a comma separated mapping from letters to digits that satisfies the equation in your final answer. Output format: ""A=1,B=2,C=3"" (without quotes)
","A=5,B=0,C=3,F=6,J=7,Q=8,R=4,S=9,V=2,Y=1"
"Solve this cryptarithm:

    XIPH
   RXMXH
+  IRRXX
--------
  GGHGXH

Each letter stands for a unique digit (0-9). No leading letter can be zero.
Provide a comma separated mapping from letters to digits that satisfies the equation in your final answer. Output format: ""A=1,B=2,C=3"" (without quotes)
","G=1,H=6,I=3,M=0,P=5,R=7,X=4"
"Solve this cryptarithm:

  MKWN
   IPB
+  PMK
------
  BEIB

Each letter stands for a unique digit (0-9). No leading letter can be zero.
Provide a comma separated mapping from letters to digits that satisfies the equation in your final answer. Output format: ""A=1,B=2,C=3"" (without quotes)
","B=9,E=0,I=5,K=8,M=7,N=2,P=6,W=1"
"Solve this cryptarithm:

   ZIY
+ QHFQ
------
  HKYK

Each letter stands for a unique digit (0-9). No leading letter can be zero.
Provide a comma separated mapping from letters to digits that satisfies the equation in your final answer. Output format: ""A=1,B=2,C=3"" (without quotes)
","F=7,H=5,I=1,K=3,Q=4,Y=9,Z=8"
"Solve this cryptarithm:

  GSYQ
   LQY
+  BUK
------
  YKSA

Each letter stands for a unique digit (0-9). No leading letter can be zero.
Provide a comma separated mapping from letters to digits that satisfies the equation in your final answer. Output format: ""A=1,B=2,C=3"" (without quotes)
","A=6,B=1,G=2,K=5,L=4,Q=8,S=9,U=7,Y=3"
"Solve this cryptarithm:

   ZRDZ
+ HRXGB
-------
  HHYDX

Each letter stands for a unique digit (0-9). No leading letter can be zero.
Provide a comma separated mapping from letters to digits that satisfies the equation in your final answer. Output format: ""A=1,B=2,C=3"" (without quotes)
","B=4,D=7,G=0,H=8,R=2,X=9,Y=1,Z=5"
"Solve this cryptarithm:

   TEZ
+ ZGIG
------
  ZTYZ

Each letter stands for a unique digit (0-9). No leading letter can be zero.
Provide a comma separated mapping from letters to digits that satisfies the equation in your final answer. Output format: ""A=1,B=2,C=3"" (without quotes)
","E=7,G=0,I=2,T=5,Y=9,Z=1"
"Solve this cryptarithm:

   XQFF
    FXU
+ BUQYV
-------
  BYLHY

Each letter stands for a unique digit (0-9). No leading letter can be zero.
Provide a comma separated mapping from letters to digits that satisfies the equation in your final answer. Output format: ""A=1,B=2,C=3"" (without quotes)
","B=7,F=4,H=1,L=2,Q=3,U=0,V=5,X=8,Y=9"
"Solve this cryptarithm:

    GJG
+ EJEEE
-------
  EJTQT

Each letter stands for a unique digit (0-9). No leading letter can be zero.
Provide a comma separated mapping from letters to digits that satisfies the equation in your final answer. Output format: ""A=1,B=2,C=3"" (without quotes)
","E=1,G=7,J=2,Q=3,T=8"
"Solve this cryptarithm:

  URLSU
   QCLI
+   UQU
-------
  QRCUU

Each letter stands for a unique digit (0-9). No leading letter can be zero.
Provide a comma separated mapping from letters to digits that satisfies the equation in your final answer. Output format: ""A=1,B=2,C=3"" (without quotes)
","C=0,I=2,L=1,Q=9,R=4,S=7,U=8"
"Solve this cryptarithm:

    LNM
   HFRO
+  OOLH
-------
  NHRMO

Each letter stands for a unique digit (0-9). No leading letter can be zero.
Provide a comma separated mapping from letters to digits that satisfies the equation in your final answer. Output format: ""A=1,B=2,C=3"" (without quotes)
","F=4,H=7,L=9,M=3,N=1,O=8,R=2"
"Solve this cryptarithm:

     JOQ
   SGLSQ
+  NBSSQ
--------
  LLGGSL

Each letter stands for a unique digit (0-9). No leading letter can be zero.
Provide a comma separated mapping from letters to digits that satisfies the equation in your final answer. Output format: ""A=1,B=2,C=3"" (without quotes)
","B=9,G=3,J=5,L=1,N=4,O=2,Q=7,S=6"
"Solve this cryptarithm:

  FANNB
+  QNQN
-------
  FKPTN

Each letter stands for a unique digit (0-9). No leading letter can be zero.
Provide a comma separated mapping from letters to digits that satisfies the equation in your final answer. Output format: ""A=1,B=2,C=3"" (without quotes)
","A=4,B=0,F=1,K=8,N=6,P=2,Q=3,T=9"
"Solve this cryptarithm:

  KNDT
+  BKH
------
  KJZD

Each letter stands for a unique digit (0-9). No leading letter can be zero.
Provide a comma separated mapping from letters to digits that satisfies the equation in your final answer. Output format: ""A=1,B=2,C=3"" (without quotes)
","B=1,D=8,H=5,J=6,K=9,N=4,T=3,Z=7"
"Solve this cryptarithm:

    LBT
+ ZDPPP
-------
  ZVDYV

Each letter stands for a unique digit (0-9). No leading letter can be zero.
Provide a comma separated mapping from letters to digits that satisfies the equation in your final answer. Output format: ""A=1,B=2,C=3"" (without quotes)
","B=3,D=0,L=8,P=2,T=9,V=1,Y=6,Z=7"
"Solve this cryptarithm:

   JXJP
   SYJR
+ SYLXY
-------
  KLZAK

Each letter stands for a unique digit (0-9). No leading letter can be zero.
Provide a comma separated mapping from letters to digits that satisfies the equation in your final answer. Output format: ""A=1,B=2,C=3"" (without quotes)
","A=0,J=5,K=3,L=7,P=1,R=4,S=2,X=9,Y=8,Z=6"
"Solve this cryptarithm:

   ZSLV
+ EZAQQ
-------
  SESMD

Each letter stands for a unique digit (0-9). No leading letter can be zero.
Provide a comma separated mapping from letters to digits that satisfies the equation in your final answer. Output format: ""A=1,B=2,C=3"" (without quotes)
","A=9,D=0,E=5,L=4,M=3,Q=8,S=6,V=2,Z=7"
"Solve this cryptarithm:

   SCCS
  NYMNY
+   NRH
-------
  YMSOO

Each letter stands for a unique digit (0-9). No leading letter can be zero.
Provide a comma separated mapping from letters to digits that satisfies the equation in your final answer. Output format: ""A=1,B=2,C=3"" (without quotes)
","C=5,H=4,M=0,N=6,O=3,R=1,S=2,Y=7"
"Solve this cryptarithm:

    THK
  QOIHM
+  JMKT
-------
  OIKJD

Each letter stands for a unique digit (0-9). No leading letter can be zero.
Provide a comma separated mapping from letters to digits that satisfies the equation in your final answer. Output format: ""A=1,B=2,C=3"" (without quotes)
","D=6,H=4,I=1,J=8,K=9,M=0,O=3,Q=2,T=7"
"Solve this cryptarithm:

  TYQTT
+  VQJY
-------
  TJVUQ

Each letter stands for a unique digit (0-9). No leading letter can be zero.
Provide a comma separated mapping from letters to digits that satisfies the equation in your final answer. Output format: ""A=1,B=2,C=3"" (without quotes)
","J=8,Q=3,T=1,U=9,V=6,Y=2"
"Solve this cryptarithm:

   AQQ
+ NAPF
------
  NWPE

Each letter stands for a unique digit (0-9). No leading letter can be zero.
Provide a comma separated mapping from letters to digits that satisfies the equation in your final answer. Output format: ""A=1,B=2,C=3"" (without quotes)
","A=2,E=6,F=7,N=4,P=1,Q=9,W=5"
"Solve this cryptarithm:

  ADEAF
    YNC
+   VPD
-------
  ASDSP

Each letter stands for a unique digit (0-9). No leading letter can be zero.
Provide a comma separated mapping from letters to digits that satisfies the equation in your final answer. Output format: ""A=1,B=2,C=3"" (without quotes)
","A=3,C=7,D=5,E=9,F=8,N=1,P=0,S=6,V=4,Y=2"
"Solve this cryptarithm:

    MHB
    MXM
+ UMBXQ
-------
  XQQBA

Each letter stands for a unique digit (0-9). No leading letter can be zero.
Provide a comma separated mapping from letters to digits that satisfies the equation in your final answer. Output format: ""A=1,B=2,C=3"" (without quotes)
","A=1,B=3,H=2,M=8,Q=0,U=4,X=5"
"Solve this cryptarithm:

    CMXX
   GBDDY
+  CYZMY
--------
  LCBHMX

Each letter stands for a unique digit (0-9). No leading letter can be zero.
Provide a comma separated mapping from letters to digits that satisfies the equation in your final answer. Output format: ""A=1,B=2,C=3"" (without quotes)
","B=0,C=4,D=6,G=9,H=7,L=1,M=8,X=3,Y=5,Z=2"
"Solve this cryptarithm:

   BEE
  BEZE
+  ALD
------
  BLVT

Each letter stands for a unique digit (0-9). No leading letter can be zero.
Provide a comma separated mapping from letters to digits that satisfies the equation in your final answer. Output format: ""A=1,B=2,C=3"" (without quotes)
","A=1,B=3,D=5,E=2,L=6,T=9,V=8,Z=0"
"Solve this cryptarithm:

     LKF
   SFSID
+  WLKZD
--------
  KWILLF

Each letter stands for a unique digit (0-9). No leading letter can be zero.
Provide a comma separated mapping from letters to digits that satisfies the equation in your final answer. Output format: ""A=1,B=2,C=3"" (without quotes)
","D=0,F=6,I=4,K=1,L=7,S=9,W=8,Z=2"
"Solve this cryptarithm:

    UQR
+ URUTD
-------
  URQRT

Each letter stands for a unique digit (0-9). No leading letter can be zero.
Provide a comma separated mapping from letters to digits that satisfies the equation in your final answer. Output format: ""A=1,B=2,C=3"" (without quotes)
","D=1,Q=9,R=7,T=8,U=4"
"Solve this cryptarithm:

   TTKM
    TZT
+  ETYY
-------
  CTMZM

Each letter stands for a unique digit (0-9). No leading letter can be zero.
Provide a comma separated mapping from letters to digits that satisfies the equation in your final answer. Output format: ""A=1,B=2,C=3"" (without quotes)
","C=1,E=9,K=2,M=0,T=3,Y=7,Z=8"
"Solve this cryptarithm:

   RGH
+ XRRX
------
  XXEX

Each letter stands for a unique digit (0-9). No leading letter can be zero.
Provide a comma separated mapping from letters to digits that satisfies the equation in your final answer. Output format: ""A=1,B=2,C=3"" (without quotes)
","E=1,G=7,H=0,R=4,X=9"
"Solve this cryptarithm:

  YLFGX
+  FLJF
-------
  LGGMQ

Each letter stands for a unique digit (0-9). No leading letter can be zero.
Provide a comma separated mapping from letters to digits that satisfies the equation in your final answer. Output format: ""A=1,B=2,C=3"" (without quotes)
","F=7,G=3,J=9,L=5,M=2,Q=8,X=1,Y=4"
"Solve this cryptarithm:

   IIZS
  ISISD
+  GBCS
-------
  BHHCI

Each letter stands for a unique digit (0-9). No leading letter can be zero.
Provide a comma separated mapping from letters to digits that satisfies the equation in your final answer. Output format: ""A=1,B=2,C=3"" (without quotes)
","B=6,C=4,D=1,G=9,H=7,I=5,S=2,Z=8"
"Solve this cryptarithm:

   DRXS
    IFK
+  RCDX
-------
  FRCUI

Each letter stands for a unique digit (0-9). No leading letter can be zero.
Provide a comma separated mapping from letters to digits that satisfies the equation in your final answer. Output format: ""A=1,B=2,C=3"" (without quotes)
","C=0,D=9,F=1,I=7,K=8,R=2,S=4,U=6,X=5"
"Solve this cryptarithm:

     OOE
   OAOXO
+  HHAHA
--------
  NPCNPA

Each letter stands for a unique digit (0-9). No leading letter can be zero.
Provide a comma separated mapping from letters to digits that satisfies the equation in your final answer. Output format: ""A=1,B=2,C=3"" (without quotes)
","A=4,C=3,E=2,H=7,N=1,O=8,P=6,X=0"
"Solve this cryptarithm:

   FAXEC
   XRFAL
+    CKE
--------
  FFKBKQ

Each letter stands for a unique digit (0-9). No leading letter can be zero.
Provide a comma separated mapping from letters to digits that satisfies the equation in your final answer. Output format: ""A=1,B=2,C=3"" (without quotes)
","A=7,B=6,C=5,E=3,F=1,K=2,L=0,Q=8,R=4,X=9"
"Solve this cryptarithm:

   LJA
   IOS
+ VKKO
------
  JJJR

Each letter stands for a unique digit (0-9). No leading letter can be zero.
Provide a comma separated mapping from letters to digits that satisfies the equation in your final answer. Output format: ""A=1,B=2,C=3"" (without quotes)
","A=9,I=7,J=5,K=6,L=1,O=3,R=2,S=0,V=4"
"Solve this cryptarithm:

   SXZZ
+ IQIQQ
-------
  ISGZZ

Each letter stands for a unique digit (0-9). No leading letter can be zero.
Provide a comma separated mapping from letters to digits that satisfies the equation in your final answer. Output format: ""A=1,B=2,C=3"" (without quotes)
","G=9,I=2,Q=0,S=6,X=7,Z=5"
"Solve this cryptarithm:

  ZGEZS
+  SGBD
-------
  ZOLOG

Each letter stands for a unique digit (0-9). No leading letter can be zero.
Provide a comma separated mapping from letters to digits that satisfies the equation in your final answer. Output format: ""A=1,B=2,C=3"" (without quotes)
","B=4,D=6,E=3,G=7,L=0,O=9,S=1,Z=5"
"Solve this cryptarithm:

    YOK
  WWLVO
+  HKOW
-------
  ZPZVZ

Each letter stands for a unique digit (0-9). No leading letter can be zero.
Provide a comma separated mapping from letters to digits that satisfies the equation in your final answer. Output format: ""A=1,B=2,C=3"" (without quotes)
","H=5,K=1,L=6,O=0,P=3,V=7,W=8,Y=2,Z=9"
"Solve this cryptarithm:

   EXE
+ NHUN
------
  NKXG

Each letter stands for a unique digit (0-9). No leading letter can be zero.
Provide a comma separated mapping from letters to digits that satisfies the equation in your final answer. Output format: ""A=1,B=2,C=3"" (without quotes)
","E=1,G=5,H=7,K=8,N=4,U=0,X=2"
"Solve this cryptarithm:

  AESQE
    AMU
+   VBB
-------
  AMMLI

Each letter stands for a unique digit (0-9). No leading letter can be zero.
Provide a comma separated mapping from letters to digits that satisfies the equation in your final answer. Output format: ""A=1,B=2,C=3"" (without quotes)
","A=3,B=6,E=0,I=4,L=7,M=1,Q=9,S=2,U=8,V=5"
"Solve this cryptarithm:

    VDV
  ALBKG
+   GKL
-------
  ALLZT

Each letter stands for a unique digit (0-9). No leading letter can be zero.
Provide a comma separated mapping from letters to digits that satisfies the equation in your final answer. Output format: ""A=1,B=2,C=3"" (without quotes)
","A=9,B=2,D=0,G=5,K=3,L=8,T=4,V=1,Z=7"
"Solve this cryptarithm:

   EMM
  UAEE
+ NPNM
------
  AEQM

Each letter stands for a unique digit (0-9). No leading letter can be zero.
Provide a comma separated mapping from letters to digits that satisfies the equation in your final answer. Output format: ""A=1,B=2,C=3"" (without quotes)
","A=9,E=8,M=2,N=5,P=0,Q=6,U=3"
"Solve this cryptarithm:

  UOMMY
+  UVVP
-------
  PUFYV

Each letter stands for a unique digit (0-9). No leading letter can be zero.
Provide a comma separated mapping from letters to digits that satisfies the equation in your final answer. Output format: ""A=1,B=2,C=3"" (without quotes)
","F=5,M=8,O=9,P=2,U=1,V=6,Y=4"
"Solve this cryptarithm:

    XUU
  OQMMS
+   UMX
-------
  OOOQG

Each letter stands for a unique digit (0-9). No leading letter can be zero.
Provide a comma separated mapping from letters to digits that satisfies the equation in your final answer. Output format: ""A=1,B=2,C=3"" (without quotes)
","G=5,M=3,O=7,Q=6,S=2,U=9,X=4"
"Solve this cryptarithm:

  EWIKW
+  NJEG
-------
  EGEFG

Each letter stands for a unique digit (0-9). No leading letter can be zero.
Provide a comma separated mapping from letters to digits that satisfies the equation in your final answer. Output format: ""A=1,B=2,C=3"" (without quotes)
","E=5,F=9,G=2,I=7,J=8,K=4,N=1,W=0"
"Solve this cryptarithm:

   IFID
   RNXV
+   ICR
-------
  LLICR

Each letter stands for a unique digit (0-9). No leading letter can be zero.
Provide a comma separated mapping from letters to digits that satisfies the equation in your final answer. Output format: ""A=1,B=2,C=3"" (without quotes)
","C=4,D=8,F=9,I=3,L=1,N=0,R=7,V=2,X=6"
"Solve this cryptarithm:

   MMG
   VHZ
+  SCV
------
  MMVC

Each letter stands for a unique digit (0-9). No leading letter can be zero.
Provide a comma separated mapping from letters to digits that satisfies the equation in your final answer. Output format: ""A=1,B=2,C=3"" (without quotes)
","C=5,G=2,H=0,M=1,S=3,V=7,Z=6"
"Solve this cryptarithm:

  DOKWA
+ XLWKJ
-------
  WDKLW

Each letter stands for a unique digit (0-9). No leading letter can be zero.
Provide a comma separated mapping from letters to digits that satisfies the equation in your final answer. Output format: ""A=1,B=2,C=3"" (without quotes)
","A=5,D=7,J=4,K=1,L=0,O=6,W=9,X=2"
"Solve this cryptarithm:

   WJNY
   RIIN
+  XGGN
-------
  DDRGR

Each letter stands for a unique digit (0-9). No leading letter can be zero.
Provide a comma separated mapping from letters to digits that satisfies the equation in your final answer. Output format: ""A=1,B=2,C=3"" (without quotes)
","D=2,G=1,I=3,J=4,N=6,R=9,W=5,X=8,Y=7"
"Solve this cryptarithm:

   JLQ
+ JKOO
------
  ZQOZ

Each letter stands for a unique digit (0-9). No leading letter can be zero.
Provide a comma separated mapping from letters to digits that satisfies the equation in your final answer. Output format: ""A=1,B=2,C=3"" (without quotes)
","J=4,K=8,L=0,O=3,Q=2,Z=5"
"Solve this cryptarithm:

   BRWH
+ MHGKW
-------
  MRHKH

Each letter stands for a unique digit (0-9). No leading letter can be zero.
Provide a comma separated mapping from letters to digits that satisfies the equation in your final answer. Output format: ""A=1,B=2,C=3"" (without quotes)
","B=3,G=6,H=1,K=8,M=7,R=5,W=0"
"Solve this cryptarithm:

   AIQV
  WTVXI
+  YAYY
-------
  YVATA

Each letter stands for a unique digit (0-9). No leading letter can be zero.
Provide a comma separated mapping from letters to digits that satisfies the equation in your final answer. Output format: ""A=1,B=2,C=3"" (without quotes)
","A=7,I=9,Q=3,T=4,V=0,W=6,X=2,Y=8"
"Solve this cryptarithm:

    BFX
+ PIMPE
-------
  PIEYM

Each letter stands for a unique digit (0-9). No leading letter can be zero.
Provide a comma separated mapping from letters to digits that satisfies the equation in your final answer. Output format: ""A=1,B=2,C=3"" (without quotes)
","B=7,E=8,F=6,I=5,M=0,P=4,X=2,Y=1"
"Solve this cryptarithm:

   QBHE
    HQO
+  JBNJ
-------
  GJOYN

Each letter stands for a unique digit (0-9). No leading letter can be zero.
Provide a comma separated mapping from letters to digits that satisfies the equation in your final answer. Output format: ""A=1,B=2,C=3"" (without quotes)
","B=9,E=7,G=1,H=3,J=5,N=4,O=2,Q=8,Y=6"
"Solve this cryptarithm:

   KDC
   CTC
+ KTCQ
------
  HKHH

Each letter stands for a unique digit (0-9). No leading letter can be zero.
Provide a comma separated mapping from letters to digits that satisfies the equation in your final answer. Output format: ""A=1,B=2,C=3"" (without quotes)
","C=3,D=9,H=8,K=7,Q=2,T=6"
"Solve this cryptarithm:

   TKTJK
   TPOGR
+  ROCTK
--------
  VVPKVR

Each letter stands for a unique digit (0-9). No leading letter can be zero.
Provide a comma separated mapping from letters to digits that satisfies the equation in your final answer. Output format: ""A=1,B=2,C=3"" (without quotes)
","C=1,G=7,J=6,K=0,O=8,P=5,R=3,T=9,V=2"
"Solve this cryptarithm:

   VVZND
   EWDED
+    EZP
--------
  PUVPUN

Each letter stands for a unique digit (0-9). No leading letter can be zero.
Provide a comma separated mapping from letters to digits that satisfies the equation in your final answer. Output format: ""A=1,B=2,C=3"" (without quotes)
","D=3,E=5,N=7,P=1,U=4,V=8,W=9,Z=2"
"Solve this cryptarithm:

   CGV
   VSV
+ GGQD
------
  OSCV

Each letter stands for a unique digit (0-9). No leading letter can be zero.
Provide a comma separated mapping from letters to digits that satisfies the equation in your final answer. Output format: ""A=1,B=2,C=3"" (without quotes)
","C=2,D=9,G=6,O=7,Q=5,S=0,V=1"
"Solve this cryptarithm:

   ABS
+  IQP
------
  XBSJ

Each letter stands for a unique digit (0-9). No leading letter can be zero.
Provide a comma separated mapping from letters to digits that satisfies the equation in your final answer. Output format: ""A=1,B=2,C=3"" (without quotes)
","A=8,B=3,I=4,J=7,P=5,Q=9,S=2,X=1"
"Solve this cryptarithm:

   QQJY
+ ZGJVZ
-------
  ZYVFG

Each letter stands for a unique digit (0-9). No leading letter can be zero.
Provide a comma separated mapping from letters to digits that satisfies the equation in your final answer. Output format: ""A=1,B=2,C=3"" (without quotes)
","F=8,G=1,J=7,Q=3,V=0,Y=5,Z=6"
"Solve this cryptarithm:

  LYVLY
+   RVY
-------
  LAHYH

Each letter stands for a unique digit (0-9). No leading letter can be zero.
Provide a comma separated mapping from letters to digits that satisfies the equation in your final answer. Output format: ""A=1,B=2,C=3"" (without quotes)
","A=3,H=4,L=7,R=8,V=5,Y=2"
"Solve this cryptarithm:

   ACCO
  AHQJO
+ BQJKO
-------
  KGKOB

Each letter stands for a unique digit (0-9). No leading letter can be zero.
Provide a comma separated mapping from letters to digits that satisfies the equation in your final answer. Output format: ""A=1,B=2,C=3"" (without quotes)
","A=5,B=2,C=9,G=0,H=3,J=6,K=8,O=4,Q=1"
"Solve this cryptarithm:

    EMXE
+  MKBEJ
--------
  XUDBUI

Each letter stands for a unique digit (0-9). No leading letter can be zero.
Provide a comma separated mapping from letters to digits that satisfies the equation in your final answer. Output format: ""A=1,B=2,C=3"" (without quotes)
","B=2,D=6,E=8,I=3,J=5,K=7,M=9,U=0,X=1"
"Solve this cryptarithm:

   QMAAE
   TMRTQ
+  MXEXX
--------
  XJJTMT

Each letter stands for a unique digit (0-9). No leading letter can be zero.
Provide a comma separated mapping from letters to digits that satisfies the equation in your final answer. Output format: ""A=1,B=2,C=3"" (without quotes)
","A=4,E=7,J=3,M=5,Q=9,R=6,T=8,X=2"
"Solve this cryptarithm:

   GTRS
+ DDETR
-------
  DTMTS

Each letter stands for a unique digit (0-9). No leading letter can be zero.
Provide a comma separated mapping from letters to digits that satisfies the equation in your final answer. Output format: ""A=1,B=2,C=3"" (without quotes)
","D=3,E=7,G=4,M=5,R=0,S=6,T=8"
"Solve this cryptarithm:

   NCCO
   SVTD
+  LSSC
-------
  NTLOH

Each letter stands for a unique digit (0-9). No leading letter can be zero.
Provide a comma separated mapping from letters to digits that satisfies the equation in your final answer. Output format: ""A=1,B=2,C=3"" (without quotes)
","C=6,D=7,H=3,L=2,N=1,O=0,S=9,T=4,V=5"
"Solve this cryptarithm:

   YAVC
+ WCDVV
-------
  WYWLV

Each letter stands for a unique digit (0-9). No leading letter can be zero.
Provide a comma separated mapping from letters to digits that satisfies the equation in your final answer. Output format: ""A=1,B=2,C=3"" (without quotes)
","A=4,C=0,D=3,L=2,V=1,W=7,Y=5"
"Solve this cryptarithm:

  NMWBS
+ EBNQB
-------
  BNESM

Each letter stands for a unique digit (0-9). No leading letter can be zero.
Provide a comma separated mapping from letters to digits that satisfies the equation in your final answer. Output format: ""A=1,B=2,C=3"" (without quotes)
","B=8,E=1,M=7,N=6,Q=0,S=9,W=5"
"Solve this cryptarithm:

   IKZU
+ EKBBU
-------
  EEZEU

Each letter stands for a unique digit (0-9). No leading letter can be zero.
Provide a comma separated mapping from letters to digits that satisfies the equation in your final answer. Output format: ""A=1,B=2,C=3"" (without quotes)
","B=5,E=3,I=1,K=2,U=0,Z=8"
"Solve this cryptarithm:

   JVONH
    LZJN
+  HJILC
--------
  JJJONM

Each letter stands for a unique digit (0-9). No leading letter can be zero.
Provide a comma separated mapping from letters to digits that satisfies the equation in your final answer. Output format: ""A=1,B=2,C=3"" (without quotes)
","C=6,H=9,I=4,J=1,L=7,M=3,N=8,O=0,V=2,Z=5"
"Solve this cryptarithm:

     NSI
   INFYN
+  NMFSY
--------
  YSQSQS

Each letter stands for a unique digit (0-9). No leading letter can be zero.
Provide a comma separated mapping from letters to digits that satisfies the equation in your final answer. Output format: ""A=1,B=2,C=3"" (without quotes)
","F=9,I=8,M=4,N=6,Q=2,S=5,Y=1"
"Solve this cryptarithm:

   SUUK
+ TJSSU
-------
  TCSSK

Each letter stands for a unique digit (0-9). No leading letter can be zero.
Provide a comma separated mapping from letters to digits that satisfies the equation in your final answer. Output format: ""A=1,B=2,C=3"" (without quotes)
","C=7,J=3,K=5,S=4,T=1,U=0"
"Solve this cryptarithm:

   OQLK
+ QKBPB
-------
  LXQQS

Each letter stands for a unique digit (0-9). No leading letter can be zero.
Provide a comma separated mapping from letters to digits that satisfies the equation in your final answer. Output format: ""A=1,B=2,C=3"" (without quotes)
","B=9,K=7,L=4,O=2,P=8,Q=3,S=6,X=0"
"Solve this cryptarithm:

    JVV
  VTIWJ
+ VEOWT
-------
  WGITG

Each letter stands for a unique digit (0-9). No leading letter can be zero.
Provide a comma separated mapping from letters to digits that satisfies the equation in your final answer. Output format: ""A=1,B=2,C=3"" (without quotes)
","E=6,G=7,I=1,J=3,O=5,T=0,V=4,W=8"
"Solve this cryptarithm:

   ZSX
+  ODR
------
  JOJS

Each letter stands for a unique digit (0-9). No leading letter can be zero.
Provide a comma separated mapping from letters to digits that satisfies the equation in your final answer. Output format: ""A=1,B=2,C=3"" (without quotes)
","D=6,J=1,O=7,R=3,S=5,X=2,Z=9"
"Solve this cryptarithm:

   WFH
+ HGGK
------
  HZHF

Each letter stands for a unique digit (0-9). No leading letter can be zero.
Provide a comma separated mapping from letters to digits that satisfies the equation in your final answer. Output format: ""A=1,B=2,C=3"" (without quotes)
","F=9,G=4,H=3,K=6,W=2,Z=7"
"Solve this cryptarithm:

   LGTX
   QURP
+   UUP
-------
  LTCCT

Each letter stands for a unique digit (0-9). No leading letter can be zero.
Provide a comma separated mapping from letters to digits that satisfies the equation in your final answer. Output format: ""A=1,B=2,C=3"" (without quotes)
","C=3,G=4,L=1,P=6,Q=7,R=2,T=0,U=9,X=8"
"Solve this cryptarithm:

  MBMI
+  MYK
------
  MGKK

Each letter stands for a unique digit (0-9). No leading letter can be zero.
Provide a comma separated mapping from letters to digits that satisfies the equation in your final answer. Output format: ""A=1,B=2,C=3"" (without quotes)
","B=5,G=8,I=0,K=1,M=2,Y=9"
"Solve this cryptarithm:

    TUHT
   JCFZJ
+   TZWH
--------
  WXJFTJ

Each letter stands for a unique digit (0-9). No leading letter can be zero.
Provide a comma separated mapping from letters to digits that satisfies the equation in your final answer. Output format: ""A=1,B=2,C=3"" (without quotes)
","C=4,F=6,H=3,J=9,T=7,U=8,W=1,X=0,Z=2"
"Solve this cryptarithm:

  TTMFI
+  TOJT
-------
  TEPRR

Each letter stands for a unique digit (0-9). No leading letter can be zero.
Provide a comma separated mapping from letters to digits that satisfies the equation in your final answer. Output format: ""A=1,B=2,C=3"" (without quotes)
","E=7,F=5,I=9,J=6,M=8,O=1,P=0,R=2,T=3"
"Solve this cryptarithm:

  CTWCJ
+  WBRT
-------
  CWHKJ

Each letter stands for a unique digit (0-9). No leading letter can be zero.
Provide a comma separated mapping from letters to digits that satisfies the equation in your final answer. Output format: ""A=1,B=2,C=3"" (without quotes)
","B=3,C=7,H=9,J=5,K=8,R=1,T=0,W=6"
"Solve this cryptarithm:

    PVP
+ SCVMP
-------
  SGSON

Each letter stands for a unique digit (0-9). No leading letter can be zero.
Provide a comma separated mapping from letters to digits that satisfies the equation in your final answer. Output format: ""A=1,B=2,C=3"" (without quotes)
","C=7,G=8,M=2,N=0,O=9,P=5,S=1,V=6"
"Solve this cryptarithm:

  FMAT
   RGX
+  GMZ
------
  RMZR

Each letter stands for a unique digit (0-9). No leading letter can be zero.
Provide a comma separated mapping from letters to digits that satisfies the equation in your final answer. Output format: ""A=1,B=2,C=3"" (without quotes)
","A=0,F=7,G=2,M=1,R=8,T=5,X=9,Z=4"
"Solve this cryptarithm:

   JMW
+ OTRR
------
  DLJD

Each letter stands for a unique digit (0-9). No leading letter can be zero.
Provide a comma separated mapping from letters to digits that satisfies the equation in your final answer. Output format: ""A=1,B=2,C=3"" (without quotes)
","D=4,J=9,L=1,M=0,O=3,R=8,T=2,W=6"
"Solve this cryptarithm:

    DQP
+ NQQZQ
-------
  NFVFM

Each letter stands for a unique digit (0-9). No leading letter can be zero.
Provide a comma separated mapping from letters to digits that satisfies the equation in your final answer. Output format: ""A=1,B=2,C=3"" (without quotes)
","D=6,F=8,M=2,N=9,P=5,Q=7,V=3,Z=0"
"Solve this cryptarithm:

   YTUQH
   UUIHH
+   TUDH
--------
  AYAOYT

Each letter stands for a unique digit (0-9). No leading letter can be zero.
Provide a comma separated mapping from letters to digits that satisfies the equation in your final answer. Output format: ""A=1,B=2,C=3"" (without quotes)
","A=1,D=4,H=2,I=0,O=7,Q=9,T=6,U=8,Y=5"
"Solve this cryptarithm:

    OFG
   FFZW
+ VLLGZ
-------
  ZWBPB

Each letter stands for a unique digit (0-9). No leading letter can be zero.
Provide a comma separated mapping from letters to digits that satisfies the equation in your final answer. Output format: ""A=1,B=2,C=3"" (without quotes)
","B=6,F=7,G=4,L=5,O=2,P=1,V=8,W=3,Z=9"
"Solve this cryptarithm:

    DVD
    XUS
+ MDVXT
-------
  MDFCX

Each letter stands for a unique digit (0-9). No leading letter can be zero.
Provide a comma separated mapping from letters to digits that satisfies the equation in your final answer. Output format: ""A=1,B=2,C=3"" (without quotes)
","C=5,D=1,F=7,M=6,S=8,T=4,U=9,V=2,X=3"
"Solve this cryptarithm:

   LBGWO
   BOLRR
+  BBWOC
--------
  GLWGBN

Each letter stands for a unique digit (0-9). No leading letter can be zero.
Provide a comma separated mapping from letters to digits that satisfies the equation in your final answer. Output format: ""A=1,B=2,C=3"" (without quotes)
","B=9,C=5,G=2,L=7,N=0,O=4,R=1,W=3"
"Solve this cryptarithm:

   MTXPP
   FMDNH
+   TSMD
--------
  DTXFSQ

Each letter stands for a unique digit (0-9). No leading letter can be zero.
Provide a comma separated mapping from letters to digits that satisfies the equation in your final answer. Output format: ""A=1,B=2,C=3"" (without quotes)
","D=1,F=9,H=5,M=7,N=0,P=6,Q=2,S=4,T=8,X=3"
"Solve this cryptarithm:

    ETTS
   DNGER
+    NWT
--------
  WGUGTN

Each letter stands for a unique digit (0-9). No leading letter can be zero.
Provide a comma separated mapping from letters to digits that satisfies the equation in your final answer. Output format: ""A=1,B=2,C=3"" (without quotes)
","D=9,E=8,G=0,N=4,R=2,S=7,T=5,U=3,W=1"
"Solve this cryptarithm:

    ZWHU
   DIZDD
+  ZWSSF
--------
  HUDFYH

Each letter stands for a unique digit (0-9). No leading letter can be zero.
Provide a comma separated mapping from letters to digits that satisfies the equation in your final answer. Output format: ""A=1,B=2,C=3"" (without quotes)
","D=2,F=6,H=1,I=5,S=0,U=3,W=7,Y=4,Z=9"
"Solve this cryptarithm:

  HVHU
   UFR
+  GCC
------
  TFYR

Each letter stands for a unique digit (0-9). No leading letter can be zero.
Provide a comma separated mapping from letters to digits that satisfies the equation in your final answer. Output format: ""A=1,B=2,C=3"" (without quotes)
","C=4,F=2,G=9,H=1,R=5,T=3,U=6,V=7,Y=8"
"Solve this cryptarithm:

  PHHB
+ USSD
------
  FUUA

Each letter stands for a unique digit (0-9). No leading letter can be zero.
Provide a comma separated mapping from letters to digits that satisfies the equation in your final answer. Output format: ""A=1,B=2,C=3"" (without quotes)
","A=7,B=8,D=9,F=4,H=6,P=1,S=5,U=2"
"Solve this cryptarithm:

   TJO
+  JCQ
------
  FTAA

Each letter stands for a unique digit (0-9). No leading letter can be zero.
Provide a comma separated mapping from letters to digits that satisfies the equation in your final answer. Output format: ""A=1,B=2,C=3"" (without quotes)
","A=7,C=8,F=1,J=9,O=4,Q=3,T=5"
"Solve this cryptarithm:

   WIG
+ WYXQ
------
  XDYG

Each letter stands for a unique digit (0-9). No leading letter can be zero.
Provide a comma separated mapping from letters to digits that satisfies the equation in your final answer. Output format: ""A=1,B=2,C=3"" (without quotes)
","D=2,G=7,I=5,Q=0,W=3,X=4,Y=9"
"Solve this cryptarithm:

  TKNN
   PUE
+  RKT
------
  UUPX

Each letter stands for a unique digit (0-9). No leading letter can be zero.
Provide a comma separated mapping from letters to digits that satisfies the equation in your final answer. Output format: ""A=1,B=2,C=3"" (without quotes)
","E=9,K=3,N=7,P=8,R=4,T=5,U=6,X=1"
"Solve this cryptarithm:

   XNDXH
+  MBBBS
--------
  NPHNPS

Each letter stands for a unique digit (0-9). No leading letter can be zero.
Provide a comma separated mapping from letters to digits that satisfies the equation in your final answer. Output format: ""A=1,B=2,C=3"" (without quotes)
","B=8,D=2,H=0,M=7,N=1,P=3,S=9,X=5"
"Solve this cryptarithm:

  XNQFF
+  WKFK
-------
  XVJKF

Each letter stands for a unique digit (0-9). No leading letter can be zero.
Provide a comma separated mapping from letters to digits that satisfies the equation in your final answer. Output format: ""A=1,B=2,C=3"" (without quotes)
","F=5,J=4,K=0,N=6,Q=3,V=8,W=2,X=7"
"Solve this cryptarithm:

   DSSWA
    WLDO
+  LASOO
--------
  DXXOYO

Each letter stands for a unique digit (0-9). No leading letter can be zero.
Provide a comma separated mapping from letters to digits that satisfies the equation in your final answer. Output format: ""A=1,B=2,C=3"" (without quotes)
","A=4,D=1,L=7,O=6,S=9,W=5,X=0,Y=3"
"Solve this cryptarithm:

   TTXZ
   NRTK
+ HJTKZ
-------
  RKRZB

Each letter stands for a unique digit (0-9). No leading letter can be zero.
Provide a comma separated mapping from letters to digits that satisfies the equation in your final answer. Output format: ""A=1,B=2,C=3"" (without quotes)
","B=1,H=3,J=0,K=7,N=6,R=4,T=9,X=5,Z=2"
"Solve this cryptarithm:

  NWNG
+ NWST
------
  SGTT

Each letter stands for a unique digit (0-9). No leading letter can be zero.
Provide a comma separated mapping from letters to digits that satisfies the equation in your final answer. Output format: ""A=1,B=2,C=3"" (without quotes)
","G=0,N=1,S=3,T=4,W=5"
"Solve this cryptarithm:

   RUMFO
    OFYW
+  MOGFG
--------
  CGOFMM

Each letter stands for a unique digit (0-9). No leading letter can be zero.
Provide a comma separated mapping from letters to digits that satisfies the equation in your final answer. Output format: ""A=1,B=2,C=3"" (without quotes)
","C=1,F=8,G=2,M=7,O=6,R=4,U=3,W=9,Y=0"
"Solve this cryptarithm:

   JBY
+  BYK
------
  KEBI

Each letter stands for a unique digit (0-9). No leading letter can be zero.
Provide a comma separated mapping from letters to digits that satisfies the equation in your final answer. Output format: ""A=1,B=2,C=3"" (without quotes)
","B=5,E=3,I=0,J=7,K=1,Y=9"
"Solve this cryptarithm:

    OJL
+ NQZZD
-------
  NQDZO

Each letter stands for a unique digit (0-9). No leading letter can be zero.
Provide a comma separated mapping from letters to digits that satisfies the equation in your final answer. Output format: ""A=1,B=2,C=3"" (without quotes)
","D=4,J=9,L=7,N=8,O=1,Q=5,Z=2"
"Solve this cryptarithm:

   OQOA
    LLY
+  QYQO
-------
  GXGGP

Each letter stands for a unique digit (0-9). No leading letter can be zero.
Provide a comma separated mapping from letters to digits that satisfies the equation in your final answer. Output format: ""A=1,B=2,C=3"" (without quotes)
","A=0,G=1,L=8,O=4,P=6,Q=9,X=5,Y=2"
"Solve this cryptarithm:

  TEAPP
  ETAAG
+   EHP
-------
  HPPLG

Each letter stands for a unique digit (0-9). No leading letter can be zero.
Provide a comma separated mapping from letters to digits that satisfies the equation in your final answer. Output format: ""A=1,B=2,C=3"" (without quotes)
","A=8,E=3,G=4,H=9,L=7,P=0,T=5"
"Solve this cryptarithm:

   BZMN
  BJQHC
+   NBN
-------
  AQQBZ

Each letter stands for a unique digit (0-9). No leading letter can be zero.
Provide a comma separated mapping from letters to digits that satisfies the equation in your final answer. Output format: ""A=1,B=2,C=3"" (without quotes)
","A=6,B=5,C=2,H=1,J=8,M=7,N=9,Q=4,Z=0"
"Solve this cryptarithm:

   GXE
+ EAHA
------
  AHGT

Each letter stands for a unique digit (0-9). No leading letter can be zero.
Provide a comma separated mapping from letters to digits that satisfies the equation in your final answer. Output format: ""A=1,B=2,C=3"" (without quotes)
","A=9,E=8,G=4,H=3,T=7,X=0"
"Solve this cryptarithm:

   YRATQ
   GRSGQ
+   ZUAG
--------
  UYRGQU

Each letter stands for a unique digit (0-9). No leading letter can be zero.
Provide a comma separated mapping from letters to digits that satisfies the equation in your final answer. Output format: ""A=1,B=2,C=3"" (without quotes)
","A=5,G=9,Q=6,R=3,S=2,T=0,U=1,Y=4,Z=7"
"Solve this cryptarithm:

   KVNKI
    QVNI
+    HHH
--------
  PCCQCJ

Each letter stands for a unique digit (0-9). No leading letter can be zero.
Provide a comma separated mapping from letters to digits that satisfies the equation in your final answer. Output format: ""A=1,B=2,C=3"" (without quotes)
","C=0,H=4,I=2,J=8,K=9,N=7,P=1,Q=6,V=3"
"Solve this cryptarithm:

    NYU
  MEEYU
+  UXXF
-------
  YFONG

Each letter stands for a unique digit (0-9). No leading letter can be zero.
Provide a comma separated mapping from letters to digits that satisfies the equation in your final answer. Output format: ""A=1,B=2,C=3"" (without quotes)
","E=2,F=1,G=5,M=3,N=8,O=0,U=7,X=9,Y=4"
"Solve this cryptarithm:

   IVX
+ FYFS
------
  FXIP

Each letter stands for a unique digit (0-9). No leading letter can be zero.
Provide a comma separated mapping from letters to digits that satisfies the equation in your final answer. Output format: ""A=1,B=2,C=3"" (without quotes)
","F=4,I=8,P=6,S=7,V=3,X=9,Y=1"
"Solve this cryptarithm:

  IZPGO
   PMOS
+   OZZ
-------
  ISPMK

Each letter stands for a unique digit (0-9). No leading letter can be zero.
Provide a comma separated mapping from letters to digits that satisfies the equation in your final answer. Output format: ""A=1,B=2,C=3"" (without quotes)
","G=0,I=3,K=4,M=8,O=2,P=1,S=7,Z=5"
"Solve this cryptarithm:

   IIQI
+  ZIXF
-------
  JLJXX

Each letter stands for a unique digit (0-9). No leading letter can be zero.
Provide a comma separated mapping from letters to digits that satisfies the equation in your final answer. Output format: ""A=1,B=2,C=3"" (without quotes)
","F=8,I=5,J=1,L=2,Q=9,X=3,Z=6"
"Solve this cryptarithm:

   CCQK
   WSNN
+ SOQKO
-------
  WSRSW

Each letter stands for a unique digit (0-9). No leading letter can be zero.
Provide a comma separated mapping from letters to digits that satisfies the equation in your final answer. Output format: ""A=1,B=2,C=3"" (without quotes)
","C=7,K=3,N=2,O=0,Q=9,R=1,S=4,W=5"
"Solve this cryptarithm:

   QWUSL
   CLCBZ
+    WIZ
--------
  SUCZQS

Each letter stands for a unique digit (0-9). No leading letter can be zero.
Provide a comma separated mapping from letters to digits that satisfies the equation in your final answer. Output format: ""A=1,B=2,C=3"" (without quotes)
","B=0,C=9,I=4,L=5,Q=7,S=1,U=6,W=3,Z=8"
"Solve this cryptarithm:

  GNJQ
   YHG
+  HJP
------
  QGYY

Each letter stands for a unique digit (0-9). No leading letter can be zero.
Provide a comma separated mapping from letters to digits that satisfies the equation in your final answer. Output format: ""A=1,B=2,C=3"" (without quotes)
","G=5,H=7,J=8,N=2,P=3,Q=6,Y=4"
"Solve this cryptarithm:

    MVF
    MMF
+ EUMEU
-------
  EUFBO

Each letter stands for a unique digit (0-9). No leading letter can be zero.
Provide a comma separated mapping from letters to digits that satisfies the equation in your final answer. Output format: ""A=1,B=2,C=3"" (without quotes)
","B=5,E=8,F=7,M=2,O=0,U=6,V=3"
"Solve this cryptarithm:

  TTLT
  LCZF
+  ECE
------
  FCLC

Each letter stands for a unique digit (0-9). No leading letter can be zero.
Provide a comma separated mapping from letters to digits that satisfies the equation in your final answer. Output format: ""A=1,B=2,C=3"" (without quotes)
","C=5,E=7,F=6,L=3,T=2,Z=4"
"Solve this cryptarithm:

  ZZKO
+  ZHI
------
  ZXBB

Each letter stands for a unique digit (0-9). No leading letter can be zero.
Provide a comma separated mapping from letters to digits that satisfies the equation in your final answer. Output format: ""A=1,B=2,C=3"" (without quotes)
","B=1,H=4,I=9,K=6,O=2,X=7,Z=3"
"Solve this cryptarithm:

  KMZM
+  FCZ
------
  KGIF

Each letter stands for a unique digit (0-9). No leading letter can be zero.
Provide a comma separated mapping from letters to digits that satisfies the equation in your final answer. Output format: ""A=1,B=2,C=3"" (without quotes)
","C=2,F=5,G=9,I=3,K=6,M=4,Z=1"
"Solve this cryptarithm:

   YHG
+  GTI
------
  SXSY

Each letter stands for a unique digit (0-9). No leading letter can be zero.
Provide a comma separated mapping from letters to digits that satisfies the equation in your final answer. Output format: ""A=1,B=2,C=3"" (without quotes)
","G=2,H=3,I=5,S=1,T=8,X=0,Y=7"
"Solve this cryptarithm:

    YVY
  YHYCR
+ ERHCH
-------
  FRCOC

Each letter stands for a unique digit (0-9). No leading letter can be zero.
Provide a comma separated mapping from letters to digits that satisfies the equation in your final answer. Output format: ""A=1,B=2,C=3"" (without quotes)
","C=7,E=6,F=9,H=0,O=5,R=4,V=1,Y=3"
"Solve this cryptarithm:

  JFIX
+ RAAI
------
  ALGG

Each letter stands for a unique digit (0-9). No leading letter can be zero.
Provide a comma separated mapping from letters to digits that satisfies the equation in your final answer. Output format: ""A=1,B=2,C=3"" (without quotes)
","A=5,F=1,G=4,I=8,J=3,L=7,R=2,X=6"
"Solve this cryptarithm:

   NUDKK
+  CNDCF
--------
  VCDMCF

Each letter stands for a unique digit (0-9). No leading letter can be zero.
Provide a comma separated mapping from letters to digits that satisfies the equation in your final answer. Output format: ""A=1,B=2,C=3"" (without quotes)
","C=7,D=2,F=6,K=0,M=4,N=9,U=3,V=1"
"Solve this cryptarithm:

   BVCFE
   DDDVX
+   BFBM
--------
  XRDOER

Each letter stands for a unique digit (0-9). No leading letter can be zero.
Provide a comma separated mapping from letters to digits that satisfies the equation in your final answer. Output format: ""A=1,B=2,C=3"" (without quotes)
","B=3,C=9,D=6,E=7,F=8,M=2,O=4,R=0,V=5,X=1"
"Solve this cryptarithm:

  FBMAI
   PIUV
+  MBIB
-------
  MMPMK

Each letter stands for a unique digit (0-9). No leading letter can be zero.
Provide a comma separated mapping from letters to digits that satisfies the equation in your final answer. Output format: ""A=1,B=2,C=3"" (without quotes)
","A=6,B=4,F=8,I=2,K=3,M=9,P=5,U=0,V=7"
"Solve this cryptarithm:

   SIS
  PHRK
+  USU
------
  ZMMZ

Each letter stands for a unique digit (0-9). No leading letter can be zero.
Provide a comma separated mapping from letters to digits that satisfies the equation in your final answer. Output format: ""A=1,B=2,C=3"" (without quotes)
","H=8,I=3,K=6,M=0,P=5,R=4,S=2,U=9,Z=7"
"Solve this cryptarithm:

   YSZ
+ JZIW
------
  JEVA

Each letter stands for a unique digit (0-9). No leading letter can be zero.
Provide a comma separated mapping from letters to digits that satisfies the equation in your final answer. Output format: ""A=1,B=2,C=3"" (without quotes)
","A=0,E=7,I=4,J=3,S=1,V=6,W=8,Y=5,Z=2"
"Solve this cryptarithm:

   MOQ
+ QQWD
------
  XDLQ

Each letter stands for a unique digit (0-9). No leading letter can be zero.
Provide a comma separated mapping from letters to digits that satisfies the equation in your final answer. Output format: ""A=1,B=2,C=3"" (without quotes)
","D=0,L=6,M=3,O=5,Q=7,W=1,X=8"
"Solve this cryptarithm:

   MYI
+ EVKD
------
  IIVT

Each letter stands for a unique digit (0-9). No leading letter can be zero.
Provide a comma separated mapping from letters to digits that satisfies the equation in your final answer. Output format: ""A=1,B=2,C=3"" (without quotes)
","D=5,E=1,I=2,K=4,M=8,T=7,V=3,Y=9"
"Solve this cryptarithm:

  NHCJN
   RSMW
+   CNM
-------
  NCHMC

Each letter stands for a unique digit (0-9). No leading letter can be zero.
Provide a comma separated mapping from letters to digits that satisfies the equation in your final answer. Output format: ""A=1,B=2,C=3"" (without quotes)
","C=6,H=1,J=2,M=0,N=7,R=3,S=8,W=9"
"Solve this cryptarithm:

    DUR
+ UBDTM
-------
  UBURW

Each letter stands for a unique digit (0-9). No leading letter can be zero.
Provide a comma separated mapping from letters to digits that satisfies the equation in your final answer. Output format: ""A=1,B=2,C=3"" (without quotes)
","B=4,D=3,M=9,R=6,T=8,U=7,W=5"
"Solve this cryptarithm:

  XSCK
+  LTQ
------
  XLXW

Each letter stands for a unique digit (0-9). No leading letter can be zero.
Provide a comma separated mapping from letters to digits that satisfies the equation in your final answer. Output format: ""A=1,B=2,C=3"" (without quotes)
","C=3,K=6,L=7,Q=2,S=0,T=1,W=8,X=4"
"Solve this cryptarithm:

  FLN
+ VOQ
-----
  LLB

Each letter stands for a unique digit (0-9). No leading letter can be zero.
Provide a comma separated mapping from letters to digits that satisfies the equation in your final answer. Output format: ""A=1,B=2,C=3"" (without quotes)
","B=9,F=1,L=5,N=7,O=0,Q=2,V=4"
"Solve this cryptarithm:

   IDNB
  OJIDB
+ NJDBO
-------
  HDDRH

Each letter stands for a unique digit (0-9). No leading letter can be zero.
Provide a comma separated mapping from letters to digits that satisfies the equation in your final answer. Output format: ""A=1,B=2,C=3"" (without quotes)
","B=7,D=6,H=9,I=3,J=1,N=4,O=5,R=8"
"Solve this cryptarithm:

  JJPNP
+  NZNJ
-------
  QWWZZ

Each letter stands for a unique digit (0-9). No leading letter can be zero.
Provide a comma separated mapping from letters to digits that satisfies the equation in your final answer. Output format: ""A=1,B=2,C=3"" (without quotes)
","J=2,N=8,P=4,Q=3,W=1,Z=6"
"Solve this cryptarithm:

  PAZAP
+   IAJ
-------
  PZWIO

Each letter stands for a unique digit (0-9). No leading letter can be zero.
Provide a comma separated mapping from letters to digits that satisfies the equation in your final answer. Output format: ""A=1,B=2,C=3"" (without quotes)
","A=7,I=5,J=1,O=0,P=9,W=4,Z=8"
"Solve this cryptarithm:

     DNF
   TDTDN
+  HDNPM
--------
  PIDHMN

Each letter stands for a unique digit (0-9). No leading letter can be zero.
Provide a comma separated mapping from letters to digits that satisfies the equation in your final answer. Output format: ""A=1,B=2,C=3"" (without quotes)
","D=9,F=4,H=8,I=2,M=6,N=5,P=1,T=3"
"Solve this cryptarithm:

  OPPII
+  PMKK
-------
  AVVMM

Each letter stands for a unique digit (0-9). No leading letter can be zero.
Provide a comma separated mapping from letters to digits that satisfies the equation in your final answer. Output format: ""A=1,B=2,C=3"" (without quotes)
","A=9,I=2,K=5,M=7,O=8,P=6,V=3"
"Solve this cryptarithm:

  PUPTC
+ PPPDP
-------
  TMTRP

Each letter stands for a unique digit (0-9). No leading letter can be zero.
Provide a comma separated mapping from letters to digits that satisfies the equation in your final answer. Output format: ""A=1,B=2,C=3"" (without quotes)
","C=0,D=8,M=1,P=2,R=3,T=5,U=9"
"Solve this cryptarithm:

    ZWM
  WSNZU
+  XBFS
-------
  WWFFB

Each letter stands for a unique digit (0-9). No leading letter can be zero.
Provide a comma separated mapping from letters to digits that satisfies the equation in your final answer. Output format: ""A=1,B=2,C=3"" (without quotes)
","B=8,F=2,M=5,N=0,S=4,U=9,W=6,X=1,Z=3"
"Solve this cryptarithm:

  SSPZT
    GRZ
+  RTWZ
-------
  ZBTBP

Each letter stands for a unique digit (0-9). No leading letter can be zero.
Provide a comma separated mapping from letters to digits that satisfies the equation in your final answer. Output format: ""A=1,B=2,C=3"" (without quotes)
","B=3,G=2,P=6,R=5,S=7,T=0,W=9,Z=8"
"Solve this cryptarithm:

   HVIK
+  NNSH
-------
  TCBHI

Each letter stands for a unique digit (0-9). No leading letter can be zero.
Provide a comma separated mapping from letters to digits that satisfies the equation in your final answer. Output format: ""A=1,B=2,C=3"" (without quotes)
","B=9,C=0,H=7,I=2,K=5,N=3,S=4,T=1,V=6"
"Solve this cryptarithm:

  RVULR
+ UEUNE
-------
  LVVGR

Each letter stands for a unique digit (0-9). No leading letter can be zero.
Provide a comma separated mapping from letters to digits that satisfies the equation in your final answer. Output format: ""A=1,B=2,C=3"" (without quotes)
","E=0,G=5,L=9,N=6,R=8,U=1,V=3"
"Solve this cryptarithm:

   WJX
   BRX
+  FRW
------
  OXRW

Each letter stands for a unique digit (0-9). No leading letter can be zero.
Provide a comma separated mapping from letters to digits that satisfies the equation in your final answer. Output format: ""A=1,B=2,C=3"" (without quotes)
","B=6,F=8,J=7,O=2,R=3,W=5,X=0"
"Solve this cryptarithm:

  FKQL
   AKD
+ ZFGD
------
  QLDK

Each letter stands for a unique digit (0-9). No leading letter can be zero.
Provide a comma separated mapping from letters to digits that satisfies the equation in your final answer. Output format: ""A=1,B=2,C=3"" (without quotes)
","A=2,D=8,F=1,G=4,K=6,L=0,Q=7,Z=5"
"Solve this cryptarithm:

    MPP
  JCCJC
+ RCRPT
-------
  CURMJ

Each letter stands for a unique digit (0-9). No leading letter can be zero.
Provide a comma separated mapping from letters to digits that satisfies the equation in your final answer. Output format: ""A=1,B=2,C=3"" (without quotes)
","C=8,J=2,M=1,P=4,R=5,T=0,U=7"
"Solve this cryptarithm:

    DUD
   JNGD
+  DYYD
-------
  UODCU

Each letter stands for a unique digit (0-9). No leading letter can be zero.
Provide a comma separated mapping from letters to digits that satisfies the equation in your final answer. Output format: ""A=1,B=2,C=3"" (without quotes)
","C=0,D=7,G=2,J=8,N=4,O=6,U=1,Y=5"
"Solve this cryptarithm:

    SGX
   FVYU
+  XVVV
-------
  UFXVV

Each letter stands for a unique digit (0-9). No leading letter can be zero.
Provide a comma separated mapping from letters to digits that satisfies the equation in your final answer. Output format: ""A=1,B=2,C=3"" (without quotes)
","F=3,G=4,S=2,U=1,V=8,X=9,Y=5"
"Solve this cryptarithm:

   QPY
   QUE
+ EYSY
------
  EPYC

Each letter stands for a unique digit (0-9). No leading letter can be zero.
Provide a comma separated mapping from letters to digits that satisfies the equation in your final answer. Output format: ""A=1,B=2,C=3"" (without quotes)
","C=4,E=8,P=9,Q=2,S=7,U=6,Y=3"
"Solve this cryptarithm:

   OYY
+ BGSS
------
  BYSP

Each letter stands for a unique digit (0-9). No leading letter can be zero.
Provide a comma separated mapping from letters to digits that satisfies the equation in your final answer. Output format: ""A=1,B=2,C=3"" (without quotes)
","B=4,G=0,O=8,P=2,S=3,Y=9"
"Solve this cryptarithm:

     QXL
    EEXD
+  VEDLX
--------
  TDTPVT

Each letter stands for a unique digit (0-9). No leading letter can be zero.
Provide a comma separated mapping from letters to digits that satisfies the equation in your final answer. Output format: ""A=1,B=2,C=3"" (without quotes)
","D=0,E=5,L=4,P=2,Q=6,T=1,V=9,X=7"
"Solve this cryptarithm:

   ZPJRZ
+  ZUXUT
--------
  LZXXPS

Each letter stands for a unique digit (0-9). No leading letter can be zero.
Provide a comma separated mapping from letters to digits that satisfies the equation in your final answer. Output format: ""A=1,B=2,C=3"" (without quotes)
","J=0,L=1,P=8,R=3,S=5,T=6,U=4,X=2,Z=9"
"Solve this cryptarithm:

  SFSI
+ OSFM
------
  TIOC

Each letter stands for a unique digit (0-9). No leading letter can be zero.
Provide a comma separated mapping from letters to digits that satisfies the equation in your final answer. Output format: ""A=1,B=2,C=3"" (without quotes)
","C=8,F=4,I=2,M=6,O=1,S=7,T=9"
"Solve this cryptarithm:

    QPA
+ LKNKU
-------
  LKLSA

Each letter stands for a unique digit (0-9). No leading letter can be zero.
Provide a comma separated mapping from letters to digits that satisfies the equation in your final answer. Output format: ""A=1,B=2,C=3"" (without quotes)
","A=4,K=1,L=5,N=2,P=7,Q=3,S=8,U=0"
"Solve this cryptarithm:

    LBR
+ VLIEO
-------
  XEXBL

Each letter stands for a unique digit (0-9). No leading letter can be zero.
Provide a comma separated mapping from letters to digits that satisfies the equation in your final answer. Output format: ""A=1,B=2,C=3"" (without quotes)
","B=5,E=0,I=4,L=9,O=1,R=8,V=2,X=3"
"Solve this cryptarithm:

   ODAD
+   VOD
-------
  UJKAX

Each letter stands for a unique digit (0-9). No leading letter can be zero.
Provide a comma separated mapping from letters to digits that satisfies the equation in your final answer. Output format: ""A=1,B=2,C=3"" (without quotes)
","A=3,D=8,J=0,K=4,O=9,U=1,V=5,X=6"
"Solve this cryptarithm:

   OSOL
    UKI
+ NUISX
-------
  NIUUO

Each letter stands for a unique digit (0-9). No leading letter can be zero.
Provide a comma separated mapping from letters to digits that satisfies the equation in your final answer. Output format: ""A=1,B=2,C=3"" (without quotes)
","I=9,K=3,L=6,N=4,O=7,S=0,U=1,X=2"
"Solve this cryptarithm:

  YWX
+ WRX
-----
  XUS

Each letter stands for a unique digit (0-9). No leading letter can be zero.
Provide a comma separated mapping from letters to digits that satisfies the equation in your final answer. Output format: ""A=1,B=2,C=3"" (without quotes)
","R=7,S=6,U=2,W=4,X=8,Y=3"
"Solve this cryptarithm:

  MIFNP
+   IOW
-------
  MRPPI

Each letter stands for a unique digit (0-9). No leading letter can be zero.
Provide a comma separated mapping from letters to digits that satisfies the equation in your final answer. Output format: ""A=1,B=2,C=3"" (without quotes)
","F=8,I=6,M=9,N=3,O=1,P=4,R=7,W=2"
"Solve this cryptarithm:

   JHU
  MLUH
+  JMI
------
  KJMD

Each letter stands for a unique digit (0-9). No leading letter can be zero.
Provide a comma separated mapping from letters to digits that satisfies the equation in your final answer. Output format: ""A=1,B=2,C=3"" (without quotes)
","D=8,H=6,I=9,J=5,K=2,L=4,M=1,U=3"
"Solve this cryptarithm:

   HQH
  DHHK
+  OAM
------
  HADM

Each letter stands for a unique digit (0-9). No leading letter can be zero.
Provide a comma separated mapping from letters to digits that satisfies the equation in your final answer. Output format: ""A=1,B=2,C=3"" (without quotes)
","A=0,D=3,H=4,K=6,M=2,O=1,Q=8"
"Solve this cryptarithm:

  DHQQ
+  XMI
------
  DMMI

Each letter stands for a unique digit (0-9). No leading letter can be zero.
Provide a comma separated mapping from letters to digits that satisfies the equation in your final answer. Output format: ""A=1,B=2,C=3"" (without quotes)
","D=3,H=1,I=4,M=7,Q=0,X=6"
"Solve this cryptarithm:

     VTH
   KSKVK
+  KOHXV
--------
  RHRRMS

Each letter stands for a unique digit (0-9). No leading letter can be zero.
Provide a comma separated mapping from letters to digits that satisfies the equation in your final answer. Output format: ""A=1,B=2,C=3"" (without quotes)
","H=5,K=7,M=6,O=9,R=1,S=0,T=2,V=8,X=4"
"Solve this cryptarithm:

  PJPNR
+   XNB
-------
  PPXRL

Each letter stands for a unique digit (0-9). No leading letter can be zero.
Provide a comma separated mapping from letters to digits that satisfies the equation in your final answer. Output format: ""A=1,B=2,C=3"" (without quotes)
","B=1,J=8,L=5,N=7,P=9,R=4,X=6"
"Solve this cryptarithm:

   GNWX
  WKEFN
+   KCE
-------
  KKNGR

Each letter stands for a unique digit (0-9). No leading letter can be zero.
Provide a comma separated mapping from letters to digits that satisfies the equation in your final answer. Output format: ""A=1,B=2,C=3"" (without quotes)
","C=7,E=8,F=0,G=9,K=2,N=5,R=6,W=1,X=3"
"Solve this cryptarithm:

  DYHGU
+  HMYY
-------
  HGDDY

Each letter stands for a unique digit (0-9). No leading letter can be zero.
Provide a comma separated mapping from letters to digits that satisfies the equation in your final answer. Output format: ""A=1,B=2,C=3"" (without quotes)
","D=5,G=1,H=6,M=9,U=0,Y=4"
"Solve this cryptarithm:

   BFAY
+ YLTOG
-------
  YOLGA

Each letter stands for a unique digit (0-9). No leading letter can be zero.
Provide a comma separated mapping from letters to digits that satisfies the equation in your final answer. Output format: ""A=1,B=2,C=3"" (without quotes)
","A=7,B=8,F=5,G=6,L=0,O=9,T=4,Y=1"
"Solve this cryptarithm:

    HGU
+ HIFFH
-------
  HIZJV

Each letter stands for a unique digit (0-9). No leading letter can be zero.
Provide a comma separated mapping from letters to digits that satisfies the equation in your final answer. Output format: ""A=1,B=2,C=3"" (without quotes)
","F=1,G=9,H=3,I=6,J=0,U=4,V=7,Z=5"
"Solve this cryptarithm:

  YESCH
    HFG
+   DYH
-------
  YSSEY

Each letter stands for a unique digit (0-9). No leading letter can be zero.
Provide a comma separated mapping from letters to digits that satisfies the equation in your final answer. Output format: ""A=1,B=2,C=3"" (without quotes)
","C=0,D=8,E=5,F=1,G=9,H=2,S=6,Y=3"
"Solve this cryptarithm:

  XDLDK
    FDX
+   FYF
-------
  XLLZB

Each letter stands for a unique digit (0-9). No leading letter can be zero.
Provide a comma separated mapping from letters to digits that satisfies the equation in your final answer. Output format: ""A=1,B=2,C=3"" (without quotes)
","B=5,D=8,F=4,K=0,L=9,X=1,Y=7,Z=3"
"Solve this cryptarithm:

    KJR
  JWMMR
+  YWTJ
-------
  JYJYG

Each letter stands for a unique digit (0-9). No leading letter can be zero.
Provide a comma separated mapping from letters to digits that satisfies the equation in your final answer. Output format: ""A=1,B=2,C=3"" (without quotes)
","G=7,J=5,K=1,M=3,R=6,T=9,W=0,Y=8"
"Solve this cryptarithm:

   YLLZ
   OYCY
+ XBXYZ
-------
  GORCG

Each letter stands for a unique digit (0-9). No leading letter can be zero.
Provide a comma separated mapping from letters to digits that satisfies the equation in your final answer. Output format: ""A=1,B=2,C=3"" (without quotes)
","B=1,C=3,G=6,L=0,O=7,R=4,X=5,Y=8,Z=9"
"Solve this cryptarithm:

  BBBYN
   XXBX
+   KAB
-------
  BCSKK

Each letter stands for a unique digit (0-9). No leading letter can be zero.
Provide a comma separated mapping from letters to digits that satisfies the equation in your final answer. Output format: ""A=1,B=2,C=3"" (without quotes)
","A=0,B=6,C=9,K=5,N=7,S=4,X=2,Y=8"
"Solve this cryptarithm:

  PGOI
+ EOGC
------
  CQQC

Each letter stands for a unique digit (0-9). No leading letter can be zero.
Provide a comma separated mapping from letters to digits that satisfies the equation in your final answer. Output format: ""A=1,B=2,C=3"" (without quotes)
","C=7,E=5,G=3,I=0,O=6,P=2,Q=9"
"Solve this cryptarithm:

    LRE
+ PQPRQ
-------
  PSISQ

Each letter stands for a unique digit (0-9). No leading letter can be zero.
Provide a comma separated mapping from letters to digits that satisfies the equation in your final answer. Output format: ""A=1,B=2,C=3"" (without quotes)
","E=0,I=6,L=9,P=7,Q=3,R=2,S=4"
"Solve this cryptarithm:

  GYNL
+  NCZ
------
  GXZL

Each letter stands for a unique digit (0-9). No leading letter can be zero.
Provide a comma separated mapping from letters to digits that satisfies the equation in your final answer. Output format: ""A=1,B=2,C=3"" (without quotes)
","C=7,G=6,L=2,N=3,X=8,Y=4,Z=0"
"Solve this cryptarithm:

  HWZ
+ RXF
-----
  XBZ

Each letter stands for a unique digit (0-9). No leading letter can be zero.
Provide a comma separated mapping from letters to digits that satisfies the equation in your final answer. Output format: ""A=1,B=2,C=3"" (without quotes)
","B=8,F=0,H=4,R=1,W=3,X=5,Z=9"
"Solve this cryptarithm:

  FWDJ
+  SQE
------
  WHUQ

Each letter stands for a unique digit (0-9). No leading letter can be zero.
Provide a comma separated mapping from letters to digits that satisfies the equation in your final answer. Output format: ""A=1,B=2,C=3"" (without quotes)
","D=9,E=2,F=7,H=0,J=3,Q=5,S=1,U=4,W=8"
"Solve this cryptarithm:

   RRGQ
+  RIRO
-------
  GUQQG

Each letter stands for a unique digit (0-9). No leading letter can be zero.
Provide a comma separated mapping from letters to digits that satisfies the equation in your final answer. Output format: ""A=1,B=2,C=3"" (without quotes)
","G=1,I=2,O=4,Q=7,R=5,U=0"
"Solve this cryptarithm:

   ZZI
   ZIN
+ CEEH
------
  TKIT

Each letter stands for a unique digit (0-9). No leading letter can be zero.
Provide a comma separated mapping from letters to digits that satisfies the equation in your final answer. Output format: ""A=1,B=2,C=3"" (without quotes)
","C=8,E=4,H=3,I=1,K=7,N=5,T=9,Z=6"
"Solve this cryptarithm:

  BDQVP
  QDZGE
+   BZE
-------
  GRQDE

Each letter stands for a unique digit (0-9). No leading letter can be zero.
Provide a comma separated mapping from letters to digits that satisfies the equation in your final answer. Output format: ""A=1,B=2,C=3"" (without quotes)
","B=5,D=0,E=8,G=9,P=2,Q=4,R=1,V=7,Z=3"
"Solve this cryptarithm:

  ZNPTW
  TUUPW
+   RTW
-------
  YRPWP

Each letter stands for a unique digit (0-9). No leading letter can be zero.
Provide a comma separated mapping from letters to digits that satisfies the equation in your final answer. Output format: ""A=1,B=2,C=3"" (without quotes)
","N=0,P=9,R=5,T=2,U=4,W=3,Y=8,Z=6"
"Solve this cryptarithm:

    VVO
    VYT
+ TDXOT
-------
  YFCYD

Each letter stands for a unique digit (0-9). No leading letter can be zero.
Provide a comma separated mapping from letters to digits that satisfies the equation in your final answer. Output format: ""A=1,B=2,C=3"" (without quotes)
","C=1,D=9,F=0,O=5,T=7,V=4,X=2,Y=8"
"Solve this cryptarithm:

   CCTQ
  QTABK
+   VLV
-------
  QQCUV

Each letter stands for a unique digit (0-9). No leading letter can be zero.
Provide a comma separated mapping from letters to digits that satisfies the equation in your final answer. Output format: ""A=1,B=2,C=3"" (without quotes)
","A=4,B=8,C=6,K=3,L=2,Q=7,T=0,U=1,V=5"
"Solve this cryptarithm:

     LYE
   YJGYY
+  EYNLL
--------
  DDHNDH

Each letter stands for a unique digit (0-9). No leading letter can be zero.
Provide a comma separated mapping from letters to digits that satisfies the equation in your final answer. Output format: ""A=1,B=2,C=3"" (without quotes)
","D=1,E=5,G=0,H=9,J=2,L=8,N=7,Y=6"
"Solve this cryptarithm:

   TTKA
   CEGD
+ HEOHT
-------
  OTJAD

Each letter stands for a unique digit (0-9). No leading letter can be zero.
Provide a comma separated mapping from letters to digits that satisfies the equation in your final answer. Output format: ""A=1,B=2,C=3"" (without quotes)
","A=7,C=6,D=8,E=4,G=5,H=1,J=9,K=0,O=2,T=3"
"Solve this cryptarithm:

     EAC
   HMDAS
+  VHAAV
--------
  CVESCA

Each letter stands for a unique digit (0-9). No leading letter can be zero.
Provide a comma separated mapping from letters to digits that satisfies the equation in your final answer. Output format: ""A=1,B=2,C=3"" (without quotes)
","A=0,C=1,D=3,E=4,H=9,M=5,S=7,V=2"
"Solve this cryptarithm:

   QVW
+ EQVN
------
  EGRL

Each letter stands for a unique digit (0-9). No leading letter can be zero.
Provide a comma separated mapping from letters to digits that satisfies the equation in your final answer. Output format: ""A=1,B=2,C=3"" (without quotes)
","E=7,G=8,L=5,N=6,Q=4,R=1,V=0,W=9"
"Solve this cryptarithm:

  NDDOR
+   DKO
-------
  WOSKR

Each letter stands for a unique digit (0-9). No leading letter can be zero.
Provide a comma separated mapping from letters to digits that satisfies the equation in your final answer. Output format: ""A=1,B=2,C=3"" (without quotes)
","D=9,K=5,N=3,O=0,R=1,S=8,W=4"
"Solve this cryptarithm:

   IIKK
+ PZKBR
-------
  PJAKP

Each letter stands for a unique digit (0-9). No leading letter can be zero.
Provide a comma separated mapping from letters to digits that satisfies the equation in your final answer. Output format: ""A=1,B=2,C=3"" (without quotes)
","A=5,B=0,I=3,J=7,K=2,P=8,R=6,Z=4"
"Solve this cryptarithm:

   EHQ
   TCV
+ CAEV
------
  EHTA

Each letter stands for a unique digit (0-9). No leading letter can be zero.
Provide a comma separated mapping from letters to digits that satisfies the equation in your final answer. Output format: ""A=1,B=2,C=3"" (without quotes)
","A=9,C=2,E=4,H=0,Q=3,T=7,V=8"
"Solve this cryptarithm:

    ELE
+ SCTXS
-------
  SCSLR

Each letter stands for a unique digit (0-9). No leading letter can be zero.
Provide a comma separated mapping from letters to digits that satisfies the equation in your final answer. Output format: ""A=1,B=2,C=3"" (without quotes)
","C=7,E=2,L=9,R=8,S=6,T=4,X=0"
"Solve this cryptarithm:

    XIQ
  IQPAV
+  BDBZ
-------
  IIDZP

Each letter stands for a unique digit (0-9). No leading letter can be zero.
Provide a comma separated mapping from letters to digits that satisfies the equation in your final answer. Output format: ""A=1,B=2,C=3"" (without quotes)
","A=5,B=4,D=3,I=7,P=8,Q=2,V=0,X=1,Z=6"
"Solve this cryptarithm:

     JMJ
   EEESS
+  JLLUE
--------
  MIUZUZ

Each letter stands for a unique digit (0-9). No leading letter can be zero.
Provide a comma separated mapping from letters to digits that satisfies the equation in your final answer. Output format: ""A=1,B=2,C=3"" (without quotes)
","E=5,I=2,J=6,L=7,M=1,S=8,U=3,Z=9"
"Solve this cryptarithm:

  YLOO
   YOO
+  LLW
------
  NTWV

Each letter stands for a unique digit (0-9). No leading letter can be zero.
Provide a comma separated mapping from letters to digits that satisfies the equation in your final answer. Output format: ""A=1,B=2,C=3"" (without quotes)
","L=2,N=7,O=4,T=1,V=8,W=0,Y=6"
"Solve this cryptarithm:

   AYTB
+ AYEHS
-------
  BSMHY

Each letter stands for a unique digit (0-9). No leading letter can be zero.
Provide a comma separated mapping from letters to digits that satisfies the equation in your final answer. Output format: ""A=1,B=2,C=3"" (without quotes)
","A=4,B=5,E=9,H=1,M=6,S=2,T=0,Y=7"
"Solve this cryptarithm:

    LCC
+ WRRCL
-------
  WROCJ

Each letter stands for a unique digit (0-9). No leading letter can be zero.
Provide a comma separated mapping from letters to digits that satisfies the equation in your final answer. Output format: ""A=1,B=2,C=3"" (without quotes)
","C=9,J=4,L=5,O=8,R=2,W=6"
"Solve this cryptarithm:

  UZGRR
    RSR
+  NOVN
-------
  NVGOK

Each letter stands for a unique digit (0-9). No leading letter can be zero.
Provide a comma separated mapping from letters to digits that satisfies the equation in your final answer. Output format: ""A=1,B=2,C=3"" (without quotes)
","G=7,K=5,N=3,O=9,R=1,S=8,U=2,V=0,Z=6"
"Solve this cryptarithm:

   QBVO
+ ENBOE
-------
  FFQEN

Each letter stands for a unique digit (0-9). No leading letter can be zero.
Provide a comma separated mapping from letters to digits that satisfies the equation in your final answer. Output format: ""A=1,B=2,C=3"" (without quotes)
","B=6,E=1,F=2,N=8,O=7,Q=3,V=4"
"Solve this cryptarithm:

   XROR
   OUUE
+ TJEUX
-------
  HKUHJ

Each letter stands for a unique digit (0-9). No leading letter can be zero.
Provide a comma separated mapping from letters to digits that satisfies the equation in your final answer. Output format: ""A=1,B=2,C=3"" (without quotes)
","E=5,H=7,J=0,K=1,O=8,R=3,T=6,U=9,X=2"
"Solve this cryptarithm:

   XHJS
+ XRSJO
-------
  OTEVT

Each letter stands for a unique digit (0-9). No leading letter can be zero.
Provide a comma separated mapping from letters to digits that satisfies the equation in your final answer. Output format: ""A=1,B=2,C=3"" (without quotes)
","E=9,H=1,J=6,O=5,R=8,S=7,T=2,V=3,X=4"
"Solve this cryptarithm:

   AYZZ
  ZZGVA
+ IQIAG
-------
  VYBBH

Each letter stands for a unique digit (0-9). No leading letter can be zero.
Provide a comma separated mapping from letters to digits that satisfies the equation in your final answer. Output format: ""A=1,B=2,C=3"" (without quotes)
","A=7,B=4,G=2,H=0,I=3,Q=9,V=5,Y=8,Z=1"
"Solve this cryptarithm:

   HNU
   NLL
+  GHR
------
  JGLM

Each letter stands for a unique digit (0-9). No leading letter can be zero.
Provide a comma separated mapping from letters to digits that satisfies the equation in your final answer. Output format: ""A=1,B=2,C=3"" (without quotes)
","G=3,H=2,J=1,L=8,M=4,N=7,R=0,U=6"
"Solve this cryptarithm:

   VFD
+ WDFV
------
  FGIG

Each letter stands for a unique digit (0-9). No leading letter can be zero.
Provide a comma separated mapping from letters to digits that satisfies the equation in your final answer. Output format: ""A=1,B=2,C=3"" (without quotes)
","D=6,F=3,G=1,I=7,V=5,W=2"
"Solve this cryptarithm:

   ZJGAI
+  IINVJ
--------
  VHIVIZ

Each letter stands for a unique digit (0-9). No leading letter can be zero.
Provide a comma separated mapping from letters to digits that satisfies the equation in your final answer. Output format: ""A=1,B=2,C=3"" (without quotes)
","A=5,G=3,H=4,I=7,J=9,N=8,V=1,Z=6"
"Solve this cryptarithm:

  HXBY
+  OGX
------
  HNYY

Each letter stands for a unique digit (0-9). No leading letter can be zero.
Provide a comma separated mapping from letters to digits that satisfies the equation in your final answer. Output format: ""A=1,B=2,C=3"" (without quotes)
","B=9,G=6,H=8,N=2,O=1,X=0,Y=5"
"Solve this cryptarithm:

   HZJQ
  WSEOS
+  QJWH
-------
  SOQEZ

Each letter stands for a unique digit (0-9). No leading letter can be zero.
Provide a comma separated mapping from letters to digits that satisfies the equation in your final answer. Output format: ""A=1,B=2,C=3"" (without quotes)
","E=0,H=3,J=6,O=5,Q=2,S=9,W=8,Z=4"
"Solve this cryptarithm:

  RBCFR
+ BAZRA
-------
  WFMCJ

Each letter stands for a unique digit (0-9). No leading letter can be zero.
Provide a comma separated mapping from letters to digits that satisfies the equation in your final answer. Output format: ""A=1,B=2,C=3"" (without quotes)
","A=4,B=1,C=5,F=6,J=2,M=3,R=8,W=9,Z=7"
"Solve this cryptarithm:

    ZMP
   MWPJ
+ XJMWM
-------
  XXPXZ

Each letter stands for a unique digit (0-9). No leading letter can be zero.
Provide a comma separated mapping from letters to digits that satisfies the equation in your final answer. Output format: ""A=1,B=2,C=3"" (without quotes)
","J=0,M=5,P=3,W=9,X=7,Z=8"
"Solve this cryptarithm:

   QJQIJ
+  OSGLI
--------
  XJZILX

Each letter stands for a unique digit (0-9). No leading letter can be zero.
Provide a comma separated mapping from letters to digits that satisfies the equation in your final answer. Output format: ""A=1,B=2,C=3"" (without quotes)
","G=3,I=9,J=2,L=7,O=6,Q=5,S=8,X=1,Z=0"
"Solve this cryptarithm:

   EEE
+ TICU
------
  TBIC

Each letter stands for a unique digit (0-9). No leading letter can be zero.
Provide a comma separated mapping from letters to digits that satisfies the equation in your final answer. Output format: ""A=1,B=2,C=3"" (without quotes)
","B=9,C=1,E=8,I=0,T=7,U=3"
"Solve this cryptarithm:

  KUYRM
+  AUZA
-------
  AZMLY

Each letter stands for a unique digit (0-9). No leading letter can be zero.
Provide a comma separated mapping from letters to digits that satisfies the equation in your final answer. Output format: ""A=1,B=2,C=3"" (without quotes)
","A=9,K=8,L=3,M=7,R=2,U=1,Y=6,Z=0"
"Solve this cryptarithm:

    OLLE
+  SWYSE
--------
  LPYWPW

Each letter stands for a unique digit (0-9). No leading letter can be zero.
Provide a comma separated mapping from letters to digits that satisfies the equation in your final answer. Output format: ""A=1,B=2,C=3"" (without quotes)
","E=3,L=1,O=8,P=0,S=9,W=6,Y=4"
"Solve this cryptarithm:

  LKX
+ XPR
-----
  FUQ

Each letter stands for a unique digit (0-9). No leading letter can be zero.
Provide a comma separated mapping from letters to digits that satisfies the equation in your final answer. Output format: ""A=1,B=2,C=3"" (without quotes)
","F=5,K=2,L=4,P=3,Q=0,R=9,U=6,X=1"
"Solve this cryptarithm:

  BJXSI
+   RWW
-------
  BSJSI

Each letter stands for a unique digit (0-9). No leading letter can be zero.
Provide a comma separated mapping from letters to digits that satisfies the equation in your final answer. Output format: ""A=1,B=2,C=3"" (without quotes)
","B=7,I=1,J=3,R=8,S=4,W=0,X=5"
"Solve this cryptarithm:

    RAL
    LBY
+ MVXYH
-------
  MBARM

Each letter stands for a unique digit (0-9). No leading letter can be zero.
Provide a comma separated mapping from letters to digits that satisfies the equation in your final answer. Output format: ""A=1,B=2,C=3"" (without quotes)
","A=6,B=1,H=2,L=3,M=4,R=7,V=0,X=5,Y=9"
"Solve this cryptarithm:

   FVRS
   FPSQ
+  UPVR
-------
  POQTF

Each letter stands for a unique digit (0-9). No leading letter can be zero.
Provide a comma separated mapping from letters to digits that satisfies the equation in your final answer. Output format: ""A=1,B=2,C=3"" (without quotes)
","F=6,O=7,P=1,Q=2,R=9,S=5,T=3,U=4,V=8"
"Solve this cryptarithm:

  JRREI
    YSI
+ UJUGG
-------
  SIXGG

Each letter stands for a unique digit (0-9). No leading letter can be zero.
Provide a comma separated mapping from letters to digits that satisfies the equation in your final answer. Output format: ""A=1,B=2,C=3"" (without quotes)
","E=3,G=9,I=0,J=5,R=4,S=7,U=1,X=2,Y=6"
"Solve this cryptarithm:

    RZD
+ DRJFT
-------
  DDTZK

Each letter stands for a unique digit (0-9). No leading letter can be zero.
Provide a comma separated mapping from letters to digits that satisfies the equation in your final answer. Output format: ""A=1,B=2,C=3"" (without quotes)
","D=8,F=9,J=4,K=0,R=7,T=2,Z=1"
"Solve this cryptarithm:

    JMU
    JBB
+ BEMZF
-------
  BZBMU

Each letter stands for a unique digit (0-9). No leading letter can be zero.
Provide a comma separated mapping from letters to digits that satisfies the equation in your final answer. Output format: ""A=1,B=2,C=3"" (without quotes)
","B=7,E=1,F=3,J=5,M=6,U=8,Z=2"
"Solve this cryptarithm:

     JYA
   JHQJG
+  AUGAU
--------
  HQEAQA

Each letter stands for a unique digit (0-9). No leading letter can be zero.
Provide a comma separated mapping from letters to digits that satisfies the equation in your final answer. Output format: ""A=1,B=2,C=3"" (without quotes)
","A=8,E=7,G=4,H=1,J=2,Q=0,U=6,Y=9"
"Solve this cryptarithm:

  BSWU
+  KQU
------
  QEIQ

Each letter stands for a unique digit (0-9). No leading letter can be zero.
Provide a comma separated mapping from letters to digits that satisfies the equation in your final answer. Output format: ""A=1,B=2,C=3"" (without quotes)
","B=3,E=1,I=0,K=2,Q=4,S=8,U=7,W=5"
"Solve this cryptarithm:

  DVFOD
+  SVIX
-------
  VVPSD

Each letter stands for a unique digit (0-9). No leading letter can be zero.
Provide a comma separated mapping from letters to digits that satisfies the equation in your final answer. Output format: ""A=1,B=2,C=3"" (without quotes)
","D=7,F=4,I=3,O=6,P=2,S=9,V=8,X=0"
"Solve this cryptarithm:

   JHWH
   BXFI
+  XJKF
-------
  XFBJK

Each letter stands for a unique digit (0-9). No leading letter can be zero.
Provide a comma separated mapping from letters to digits that satisfies the equation in your final answer. Output format: ""A=1,B=2,C=3"" (without quotes)
","B=7,F=0,H=3,I=5,J=2,K=8,W=4,X=1"
"Solve this cryptarithm:

  ZRTSF
    AZZ
+  TNTN
-------
  TKRCF

Each letter stands for a unique digit (0-9). No leading letter can be zero.
Provide a comma separated mapping from letters to digits that satisfies the equation in your final answer. Output format: ""A=1,B=2,C=3"" (without quotes)
","A=4,C=1,F=9,K=0,N=8,R=6,S=5,T=3,Z=2"
"Solve this cryptarithm:

  UPISI
+   USV
-------
  UWUWI

Each letter stands for a unique digit (0-9). No leading letter can be zero.
Provide a comma separated mapping from letters to digits that satisfies the equation in your final answer. Output format: ""A=1,B=2,C=3"" (without quotes)
","I=9,P=1,S=6,U=7,V=0,W=2"
"Solve this cryptarithm:

   YOYN
+ YVOVG
-------
  VYSFG

Each letter stands for a unique digit (0-9). No leading letter can be zero.
Provide a comma separated mapping from letters to digits that satisfies the equation in your final answer. Output format: ""A=1,B=2,C=3"" (without quotes)
","F=7,G=4,N=0,O=6,S=3,V=9,Y=8"
"Solve this cryptarithm:

   IJRPN
   IIDDO
+  JPMMO
--------
  PXOINM

Each letter stands for a unique digit (0-9). No leading letter can be zero.
Provide a comma separated mapping from letters to digits that satisfies the equation in your final answer. Output format: ""A=1,B=2,C=3"" (without quotes)
","D=2,I=5,J=6,M=4,N=8,O=3,P=1,R=9,X=7"
"Solve this cryptarithm:

    RNC
   NLRL
+ JCSQC
-------
  CNHSH

Each letter stands for a unique digit (0-9). No leading letter can be zero.
Provide a comma separated mapping from letters to digits that satisfies the equation in your final answer. Output format: ""A=1,B=2,C=3"" (without quotes)
","C=9,H=0,J=8,L=2,N=1,Q=6,R=4,S=3"
"Solve this cryptarithm:

  FCFE
+  YIP
------
  NCVN

Each letter stands for a unique digit (0-9). No leading letter can be zero.
Provide a comma separated mapping from letters to digits that satisfies the equation in your final answer. Output format: ""A=1,B=2,C=3"" (without quotes)
","C=0,E=7,F=2,I=8,N=3,P=6,V=1,Y=9"
"Solve this cryptarithm:

  CGF
+ ISS
-----
  OGF

Each letter stands for a unique digit (0-9). No leading letter can be zero.
Provide a comma separated mapping from letters to digits that satisfies the equation in your final answer. Output format: ""A=1,B=2,C=3"" (without quotes)
","C=3,F=8,G=1,I=4,O=7,S=0"
"Solve this cryptarithm:

    WAKA
   AZZKK
+  EZGKE
--------
  GMIMWK

Each letter stands for a unique digit (0-9). No leading letter can be zero.
Provide a comma separated mapping from letters to digits that satisfies the equation in your final answer. Output format: ""A=1,B=2,C=3"" (without quotes)
","A=4,E=6,G=1,I=9,K=7,M=0,W=2,Z=3"
"Solve this cryptarithm:

   SYS
   VIS
+  SLY
------
  GSSV

Each letter stands for a unique digit (0-9). No leading letter can be zero.
Provide a comma separated mapping from letters to digits that satisfies the equation in your final answer. Output format: ""A=1,B=2,C=3"" (without quotes)
","G=1,I=3,L=4,S=7,V=2,Y=8"
"Solve this cryptarithm:

  XQYTQ
  ABQQZ
+   ZZP
-------
  QQAYY

Each letter stands for a unique digit (0-9). No leading letter can be zero.
Provide a comma separated mapping from letters to digits that satisfies the equation in your final answer. Output format: ""A=1,B=2,C=3"" (without quotes)
","A=3,B=9,P=8,Q=6,T=7,X=2,Y=5,Z=1"
"Solve this cryptarithm:

    KWC
  RBKWB
+ MOTMM
-------
  VMCKO

Each letter stands for a unique digit (0-9). No leading letter can be zero.
Provide a comma separated mapping from letters to digits that satisfies the equation in your final answer. Output format: ""A=1,B=2,C=3"" (without quotes)
","B=4,C=0,K=8,M=7,O=1,R=2,T=3,V=9,W=5"
"Solve this cryptarithm:

  YYPQ
+ BXTP
------
  HQIX

Each letter stands for a unique digit (0-9). No leading letter can be zero.
Provide a comma separated mapping from letters to digits that satisfies the equation in your final answer. Output format: ""A=1,B=2,C=3"" (without quotes)
","B=5,H=6,I=3,P=8,Q=9,T=4,X=7,Y=1"
"Solve this cryptarithm:

    THL
  KTDYK
+   YLP
-------
  KRDTH

Each letter stands for a unique digit (0-9). No leading letter can be zero.
Provide a comma separated mapping from letters to digits that satisfies the equation in your final answer. Output format: ""A=1,B=2,C=3"" (without quotes)
","D=9,H=2,K=5,L=1,P=6,R=8,T=7,Y=3"
"Solve this cryptarithm:

  PVKX
   WXK
+  NVN
------
  XKXW

Each letter stands for a unique digit (0-9). No leading letter can be zero.
Provide a comma separated mapping from letters to digits that satisfies the equation in your final answer. Output format: ""A=1,B=2,C=3"" (without quotes)
","K=8,N=7,P=3,V=1,W=9,X=4"
"Solve this cryptarithm:

    YKL
  IGPGP
+   QGY
-------
  IILYK

Each letter stands for a unique digit (0-9). No leading letter can be zero.
Provide a comma separated mapping from letters to digits that satisfies the equation in your final answer. Output format: ""A=1,B=2,C=3"" (without quotes)
","G=0,I=1,K=8,L=6,P=3,Q=4,Y=9"
"Solve this cryptarithm:

  GGES
+  FFU
------
  GVGF

Each letter stands for a unique digit (0-9). No leading letter can be zero.
Provide a comma separated mapping from letters to digits that satisfies the equation in your final answer. Output format: ""A=1,B=2,C=3"" (without quotes)
","E=4,F=1,G=6,S=8,U=3,V=7"
"Solve this cryptarithm:

    SGU
+ OOSSG
-------
  OTKPA

Each letter stands for a unique digit (0-9). No leading letter can be zero.
Provide a comma separated mapping from letters to digits that satisfies the equation in your final answer. Output format: ""A=1,B=2,C=3"" (without quotes)
","A=9,G=5,K=7,O=1,P=3,S=8,T=2,U=4"
"Solve this cryptarithm:

   QQOE
  EMMQS
+  DXML
-------
  MQUSL

Each letter stands for a unique digit (0-9). No leading letter can be zero.
Provide a comma separated mapping from letters to digits that satisfies the equation in your final answer. Output format: ""A=1,B=2,C=3"" (without quotes)
","D=2,E=6,L=9,M=7,O=1,Q=5,S=4,U=3,X=0"
"Solve this cryptarithm:

   PQO
+  HJN
------
  NCJJ

Each letter stands for a unique digit (0-9). No leading letter can be zero.
Provide a comma separated mapping from letters to digits that satisfies the equation in your final answer. Output format: ""A=1,B=2,C=3"" (without quotes)
","C=4,H=6,J=3,N=1,O=2,P=8,Q=0"
"Solve this cryptarithm:

   OTK
  ZKDD
+  TOY
------
  UYZJ

Each letter stands for a unique digit (0-9). No leading letter can be zero.
Provide a comma separated mapping from letters to digits that satisfies the equation in your final answer. Output format: ""A=1,B=2,C=3"" (without quotes)
","D=2,J=6,K=4,O=1,T=5,U=9,Y=0,Z=8"
"Solve this cryptarithm:

   GFVA
+ NACAG
-------
  GGGVN

Each letter stands for a unique digit (0-9). No leading letter can be zero.
Provide a comma separated mapping from letters to digits that satisfies the equation in your final answer. Output format: ""A=1,B=2,C=3"" (without quotes)
","A=9,C=7,F=8,G=6,N=5,V=1"
"Solve this cryptarithm:

  XOPVO
  PSSDT
+   DTD
-------
  OPVMX

Each letter stands for a unique digit (0-9). No leading letter can be zero.
Provide a comma separated mapping from letters to digits that satisfies the equation in your final answer. Output format: ""A=1,B=2,C=3"" (without quotes)
","D=6,M=9,O=7,P=1,S=3,T=2,V=0,X=5"
"Solve this cryptarithm:

  SSSBU
+  NVBP
-------
  SOQVB

Each letter stands for a unique digit (0-9). No leading letter can be zero.
Provide a comma separated mapping from letters to digits that satisfies the equation in your final answer. Output format: ""A=1,B=2,C=3"" (without quotes)
","B=4,N=1,O=5,P=6,Q=2,S=3,U=8,V=9"
"Solve this cryptarithm:

    BYE
  BIEBW
+   HCY
-------
  HQWYY

Each letter stands for a unique digit (0-9). No leading letter can be zero.
Provide a comma separated mapping from letters to digits that satisfies the equation in your final answer. Output format: ""A=1,B=2,C=3"" (without quotes)
","B=5,C=4,E=9,H=6,I=8,Q=0,W=1,Y=3"
"Solve this cryptarithm:

   VZKK
  FLMKK
+ MKYKY
-------
  VKTPF

Each letter stands for a unique digit (0-9). No leading letter can be zero.
Provide a comma separated mapping from letters to digits that satisfies the equation in your final answer. Output format: ""A=1,B=2,C=3"" (without quotes)
","F=2,K=3,L=1,M=5,P=0,T=9,V=8,Y=6,Z=7"
"Solve this cryptarithm:

  BUZQU
   PKGU
+ KGXKZ
-------
  TUKBP

Each letter stands for a unique digit (0-9). No leading letter can be zero.
Provide a comma separated mapping from letters to digits that satisfies the equation in your final answer. Output format: ""A=1,B=2,C=3"" (without quotes)
","B=3,G=7,K=4,P=2,Q=1,T=8,U=6,X=9,Z=0"
"Solve this cryptarithm:

   TVSA
   NTAN
+   HTH
-------
  STIAS

Each letter stands for a unique digit (0-9). No leading letter can be zero.
Provide a comma separated mapping from letters to digits that satisfies the equation in your final answer. Output format: ""A=1,B=2,C=3"" (without quotes)
","A=0,H=2,I=5,N=9,S=1,T=8,V=4"
"Solve this cryptarithm:

  VNOTO
+   GEN
-------
  VUVTJ

Each letter stands for a unique digit (0-9). No leading letter can be zero.
Provide a comma separated mapping from letters to digits that satisfies the equation in your final answer. Output format: ""A=1,B=2,C=3"" (without quotes)
","E=9,G=8,J=1,N=4,O=7,T=0,U=5,V=6"
"Solve this cryptarithm:

   HLVYH
   MEMMH
+  LSQJB
--------
  JMLMJQ

Each letter stands for a unique digit (0-9). No leading letter can be zero.
Provide a comma separated mapping from letters to digits that satisfies the equation in your final answer. Output format: ""A=1,B=2,C=3"" (without quotes)
","B=8,E=9,H=3,J=1,L=6,M=7,Q=4,S=0,V=5,Y=2"
"Solve this cryptarithm:

  SSGKG
    KOJ
+  SGVG
-------
  ODOOD

Each letter stands for a unique digit (0-9). No leading letter can be zero.
Provide a comma separated mapping from letters to digits that satisfies the equation in your final answer. Output format: ""A=1,B=2,C=3"" (without quotes)
","D=3,G=4,J=5,K=8,O=7,S=6,V=1"
"Solve this cryptarithm:

  KUPPH
+  HPKB
-------
  KJGGP

Each letter stands for a unique digit (0-9). No leading letter can be zero.
Provide a comma separated mapping from letters to digits that satisfies the equation in your final answer. Output format: ""A=1,B=2,C=3"" (without quotes)
","B=3,G=5,H=4,J=6,K=8,P=7,U=1"
"Solve this cryptarithm:

   ONN
  HRRG
+ UXQC
------
  COGQ

Each letter stands for a unique digit (0-9). No leading letter can be zero.
Provide a comma separated mapping from letters to digits that satisfies the equation in your final answer. Output format: ""A=1,B=2,C=3"" (without quotes)
","C=8,G=9,H=2,N=3,O=7,Q=0,R=4,U=5,X=6"
"Solve this cryptarithm:

   OXDOO
   OJJXN
+    FFP
--------
  DXQFFX

Each letter stands for a unique digit (0-9). No leading letter can be zero.
Provide a comma separated mapping from letters to digits that satisfies the equation in your final answer. Output format: ""A=1,B=2,C=3"" (without quotes)
","D=1,F=5,J=8,N=7,O=6,P=0,Q=2,X=3"
"Solve this cryptarithm:

  WHOMW
+   JWI
-------
  WHPWH

Each letter stands for a unique digit (0-9). No leading letter can be zero.
Provide a comma separated mapping from letters to digits that satisfies the equation in your final answer. Output format: ""A=1,B=2,C=3"" (without quotes)
","H=4,I=3,J=2,M=0,O=5,P=7,W=1"
"Solve this cryptarithm:

   MWQWX
+  MCGCF
--------
  EQCCRX

Each letter stands for a unique digit (0-9). No leading letter can be zero.
Provide a comma separated mapping from letters to digits that satisfies the equation in your final answer. Output format: ""A=1,B=2,C=3"" (without quotes)
","C=4,E=1,F=0,G=8,M=7,Q=5,R=3,W=9,X=2"
"Solve this cryptarithm:

  OTSNA
    CCA
+  PASB
-------
  CRNTA

Each letter stands for a unique digit (0-9). No leading letter can be zero.
Provide a comma separated mapping from letters to digits that satisfies the equation in your final answer. Output format: ""A=1,B=2,C=3"" (without quotes)
","A=2,B=8,C=5,N=9,O=4,P=7,R=3,S=1,T=6"
"Solve this cryptarithm:

   MDDMM
    UJDF
+  PMDMJ
--------
  FPSZUJ

Each letter stands for a unique digit (0-9). No leading letter can be zero.
Provide a comma separated mapping from letters to digits that satisfies the equation in your final answer. Output format: ""A=1,B=2,C=3"" (without quotes)
","D=3,F=1,J=6,M=9,P=8,S=5,U=2,Z=4"
"Solve this cryptarithm:

   POO
+ PGIG
------
  PTIG

Each letter stands for a unique digit (0-9). No leading letter can be zero.
Provide a comma separated mapping from letters to digits that satisfies the equation in your final answer. Output format: ""A=1,B=2,C=3"" (without quotes)
","G=2,I=6,O=0,P=1,T=3"
"Solve this cryptarithm:

  YXJJH
    HYQ
+   QMH
-------
  YQHKQ

Each letter stands for a unique digit (0-9). No leading letter can be zero.
Provide a comma separated mapping from letters to digits that satisfies the equation in your final answer. Output format: ""A=1,B=2,C=3"" (without quotes)
","H=5,J=7,K=2,M=6,Q=1,X=0,Y=8"
"Solve this cryptarithm:

   PAQU
   TMRA
+  MHUZ
-------
  MQTHT

Each letter stands for a unique digit (0-9). No leading letter can be zero.
Provide a comma separated mapping from letters to digits that satisfies the equation in your final answer. Output format: ""A=1,B=2,C=3"" (without quotes)
","A=6,H=0,M=1,P=5,Q=4,R=2,T=8,U=3,Z=9"
"Solve this cryptarithm:

   UPQU
+   PDD
-------
  LQQPY

Each letter stands for a unique digit (0-9). No leading letter can be zero.
Provide a comma separated mapping from letters to digits that satisfies the equation in your final answer. Output format: ""A=1,B=2,C=3"" (without quotes)
","D=4,L=1,P=5,Q=0,U=9,Y=3"
"Solve this cryptarithm:

  UZVB
   HYY
+  CSF
------
  VZRS

Each letter stands for a unique digit (0-9). No leading letter can be zero.
Provide a comma separated mapping from letters to digits that satisfies the equation in your final answer. Output format: ""A=1,B=2,C=3"" (without quotes)
","B=9,C=7,F=6,H=2,R=1,S=0,U=3,V=4,Y=5,Z=8"
"Solve this cryptarithm:

   OEBLL
+  ZJNJY
--------
  HNLBGN

Each letter stands for a unique digit (0-9). No leading letter can be zero.
Provide a comma separated mapping from letters to digits that satisfies the equation in your final answer. Output format: ""A=1,B=2,C=3"" (without quotes)
","B=7,E=9,G=6,H=1,J=3,L=2,N=0,O=5,Y=8,Z=4"
"Solve this cryptarithm:

   MAHC
+  WVVO
-------
  OMMVZ

Each letter stands for a unique digit (0-9). No leading letter can be zero.
Provide a comma separated mapping from letters to digits that satisfies the equation in your final answer. Output format: ""A=1,B=2,C=3"" (without quotes)
","A=4,C=6,H=0,M=2,O=1,V=8,W=9,Z=7"
"Solve this cryptarithm:

  UAS
+ GXA
-----
  EXS

Each letter stands for a unique digit (0-9). No leading letter can be zero.
Provide a comma separated mapping from letters to digits that satisfies the equation in your final answer. Output format: ""A=1,B=2,C=3"" (without quotes)
","A=0,E=7,G=3,S=2,U=4,X=6"
"Solve this cryptarithm:

   PIZK
+   PDR
-------
  MDKZZ

Each letter stands for a unique digit (0-9). No leading letter can be zero.
Provide a comma separated mapping from letters to digits that satisfies the equation in your final answer. Output format: ""A=1,B=2,C=3"" (without quotes)
","D=0,I=5,K=4,M=1,P=9,R=3,Z=7"
"Solve this cryptarithm:

   GIAZZ
   BHAUU
+  BEWIW
--------
  ZEBABA

Each letter stands for a unique digit (0-9). No leading letter can be zero.
Provide a comma separated mapping from letters to digits that satisfies the equation in your final answer. Output format: ""A=1,B=2,C=3"" (without quotes)
","A=9,B=6,E=5,G=2,H=3,I=7,U=8,W=0,Z=1"
"Solve this cryptarithm:

  SWDAB
+  RAGI
-------
  ONOWB

Each letter stands for a unique digit (0-9). No leading letter can be zero.
Provide a comma separated mapping from letters to digits that satisfies the equation in your final answer. Output format: ""A=1,B=2,C=3"" (without quotes)
","A=7,B=2,D=9,G=1,I=0,N=3,O=6,R=4,S=5,W=8"
"Solve this cryptarithm:

   ZXBX
   RXLL
+  ZZYV
-------
  XBVBZ

Each letter stands for a unique digit (0-9). No leading letter can be zero.
Provide a comma separated mapping from letters to digits that satisfies the equation in your final answer. Output format: ""A=1,B=2,C=3"" (without quotes)
","B=0,L=3,R=1,V=4,X=2,Y=7,Z=9"
"Solve this cryptarithm:

   XYYIU
+   UDGC
--------
  JPIIUP

Each letter stands for a unique digit (0-9). No leading letter can be zero.
Provide a comma separated mapping from letters to digits that satisfies the equation in your final answer. Output format: ""A=1,B=2,C=3"" (without quotes)
","C=3,D=8,G=2,I=4,J=1,P=0,U=7,X=9,Y=6"
"Solve this cryptarithm:

   LAX
   MHZ
+ CKAM
------
  CCAZ

Each letter stands for a unique digit (0-9). No leading letter can be zero.
Provide a comma separated mapping from letters to digits that satisfies the equation in your final answer. Output format: ""A=1,B=2,C=3"" (without quotes)
","A=6,C=4,H=3,K=0,L=2,M=1,X=9,Z=5"
"Solve this cryptarithm:

   HWWAB
   BUWLZ
+   UHUB
--------
  ABUZHB

Each letter stands for a unique digit (0-9). No leading letter can be zero.
Provide a comma separated mapping from letters to digits that satisfies the equation in your final answer. Output format: ""A=1,B=2,C=3"" (without quotes)
","A=1,B=3,H=9,L=2,U=5,W=4,Z=7"
"Solve this cryptarithm:

  BLUBH
    SUO
+  LISO
-------
  DIUIB

Each letter stands for a unique digit (0-9). No leading letter can be zero.
Provide a comma separated mapping from letters to digits that satisfies the equation in your final answer. Output format: ""A=1,B=2,C=3"" (without quotes)
","B=2,D=3,H=0,I=5,L=7,O=6,S=4,U=8"
"Solve this cryptarithm:

   BVVV
+ CLQGL
-------
  YJJYQ

Each letter stands for a unique digit (0-9). No leading letter can be zero.
Provide a comma separated mapping from letters to digits that satisfies the equation in your final answer. Output format: ""A=1,B=2,C=3"" (without quotes)
","B=8,C=5,G=1,J=7,L=9,Q=3,V=4,Y=6"
"Solve this cryptarithm:

   GGO
+  QGR
------
  OHCW

Each letter stands for a unique digit (0-9). No leading letter can be zero.
Provide a comma separated mapping from letters to digits that satisfies the equation in your final answer. Output format: ""A=1,B=2,C=3"" (without quotes)
","C=4,G=7,H=0,O=1,Q=2,R=8,W=9"
"Solve this cryptarithm:

  FSOH
  MIMB
+  SKS
------
  BIFK

Each letter stands for a unique digit (0-9). No leading letter can be zero.
Provide a comma separated mapping from letters to digits that satisfies the equation in your final answer. Output format: ""A=1,B=2,C=3"" (without quotes)
","B=9,F=1,H=2,I=0,K=5,M=7,O=8,S=4"
"Solve this cryptarithm:

   RQA
   BRS
+  VSO
------
  VAXX

Each letter stands for a unique digit (0-9). No leading letter can be zero.
Provide a comma separated mapping from letters to digits that satisfies the equation in your final answer. Output format: ""A=1,B=2,C=3"" (without quotes)
","A=0,B=9,O=3,Q=5,R=7,S=8,V=2,X=1"
"Solve this cryptarithm:

   WSKA
+  PRJW
-------
  AKSSS

Each letter stands for a unique digit (0-9). No leading letter can be zero.
Provide a comma separated mapping from letters to digits that satisfies the equation in your final answer. Output format: ""A=1,B=2,C=3"" (without quotes)
","A=1,J=2,K=4,P=9,R=0,S=6,W=5"
"Solve this cryptarithm:

   RWOVH
+  HJQVJ
--------
  WBTHWW

Each letter stands for a unique digit (0-9). No leading letter can be zero.
Provide a comma separated mapping from letters to digits that satisfies the equation in your final answer. Output format: ""A=1,B=2,C=3"" (without quotes)
","B=5,H=8,J=3,O=6,Q=2,R=7,T=4,V=0,W=1"
"Solve this cryptarithm:

  FELTS
+   RLO
-------
  FEDSO

Each letter stands for a unique digit (0-9). No leading letter can be zero.
Provide a comma separated mapping from letters to digits that satisfies the equation in your final answer. Output format: ""A=1,B=2,C=3"" (without quotes)
","D=6,E=8,F=9,L=3,O=1,R=2,S=0,T=7"
"Solve this cryptarithm:

  GUFK
+  WUF
------
  HUCF

Each letter stands for a unique digit (0-9). No leading letter can be zero.
Provide a comma separated mapping from letters to digits that satisfies the equation in your final answer. Output format: ""A=1,B=2,C=3"" (without quotes)
","C=1,F=8,G=6,H=7,K=0,U=3,W=9"
"Solve this cryptarithm:

   EMRO
    MMQ
+ QRRMY
-------
  MYYDH

Each letter stands for a unique digit (0-9). No leading letter can be zero.
Provide a comma separated mapping from letters to digits that satisfies the equation in your final answer. Output format: ""A=1,B=2,C=3"" (without quotes)
","D=0,E=2,H=4,M=6,O=8,Q=5,R=7,Y=1"
"Solve this cryptarithm:

   VTNAM
     PFM
+  GGFDF
--------
  TNAPGF

Each letter stands for a unique digit (0-9). No leading letter can be zero.
Provide a comma separated mapping from letters to digits that satisfies the equation in your final answer. Output format: ""A=1,B=2,C=3"" (without quotes)
","A=7,D=2,F=6,G=5,M=0,N=3,P=4,T=1,V=8"
"Solve this cryptarithm:

  FLVFD
   FVFD
+   LOH
-------
  FMYIM

Each letter stands for a unique digit (0-9). No leading letter can be zero.
Provide a comma separated mapping from letters to digits that satisfies the equation in your final answer. Output format: ""A=1,B=2,C=3"" (without quotes)
","D=4,F=7,H=0,I=9,L=1,M=8,O=5,V=2,Y=6"
"Solve this cryptarithm:

    OML
+ DOHDL
-------
  DYSOD

Each letter stands for a unique digit (0-9). No leading letter can be zero.
Provide a comma separated mapping from letters to digits that satisfies the equation in your final answer. Output format: ""A=1,B=2,C=3"" (without quotes)
","D=6,H=8,L=3,M=5,O=1,S=0,Y=2"
"Solve this cryptarithm:

   UUR
  MWWR
+  JUD
------
  AAJD

Each letter stands for a unique digit (0-9). No leading letter can be zero.
Provide a comma separated mapping from letters to digits that satisfies the equation in your final answer. Output format: ""A=1,B=2,C=3"" (without quotes)
","A=4,D=7,J=1,M=3,R=5,U=9,W=2"
"Solve this cryptarithm:

   PJHLB
   JHPXL
+   JTHJ
--------
  CLPCSP

Each letter stands for a unique digit (0-9). No leading letter can be zero.
Provide a comma separated mapping from letters to digits that satisfies the equation in your final answer. Output format: ""A=1,B=2,C=3"" (without quotes)
","B=3,C=1,H=0,J=8,L=6,P=7,S=9,T=4,X=2"
"Solve this cryptarithm:

   VZJ
   GRG
+  RRU
------
  RQVZ

Each letter stands for a unique digit (0-9). No leading letter can be zero.
Provide a comma separated mapping from letters to digits that satisfies the equation in your final answer. Output format: ""A=1,B=2,C=3"" (without quotes)
","G=7,J=8,Q=2,R=1,U=5,V=4,Z=0"
"Solve this cryptarithm:

   RJOW
  WWEOM
+   EMO
-------
  RODDD

Each letter stands for a unique digit (0-9). No leading letter can be zero.
Provide a comma separated mapping from letters to digits that satisfies the equation in your final answer. Output format: ""A=1,B=2,C=3"" (without quotes)
","D=1,E=9,J=2,M=0,O=5,R=7,W=6"
"Solve this cryptarithm:

    BXR
  HHFHA
+  SBGZ
-------
  HGHSQ

Each letter stands for a unique digit (0-9). No leading letter can be zero.
Provide a comma separated mapping from letters to digits that satisfies the equation in your final answer. Output format: ""A=1,B=2,C=3"" (without quotes)
","A=9,B=7,F=6,G=5,H=1,Q=0,R=3,S=2,X=4,Z=8"
"Solve this cryptarithm:

   VZNF
   ZGNV
+   ZNZ
-------
  XZXVV

Each letter stands for a unique digit (0-9). No leading letter can be zero.
Provide a comma separated mapping from letters to digits that satisfies the equation in your final answer. Output format: ""A=1,B=2,C=3"" (without quotes)
","F=7,G=4,N=6,V=9,X=1,Z=3"
"Solve this cryptarithm:

  VVBH
+  JUJ
------
  JIYB

Each letter stands for a unique digit (0-9). No leading letter can be zero.
Provide a comma separated mapping from letters to digits that satisfies the equation in your final answer. Output format: ""A=1,B=2,C=3"" (without quotes)
","B=3,H=4,I=7,J=9,U=2,V=8,Y=6"
"Solve this cryptarithm:

  BXJOG
   ECLK
+   JCL
-------
  BOJXB

Each letter stands for a unique digit (0-9). No leading letter can be zero.
Provide a comma separated mapping from letters to digits that satisfies the equation in your final answer. Output format: ""A=1,B=2,C=3"" (without quotes)
","B=7,C=0,E=2,G=8,J=9,K=3,L=6,O=4,X=1"
"Solve this cryptarithm:

  PPD
+ YWN
-----
  WNA

Each letter stands for a unique digit (0-9). No leading letter can be zero.
Provide a comma separated mapping from letters to digits that satisfies the equation in your final answer. Output format: ""A=1,B=2,C=3"" (without quotes)
","A=6,D=2,N=4,P=5,W=9,Y=3"
"Solve this cryptarithm:

  AKDAX
+   XSS
-------
  AUQXV

Each letter stands for a unique digit (0-9). No leading letter can be zero.
Provide a comma separated mapping from letters to digits that satisfies the equation in your final answer. Output format: ""A=1,B=2,C=3"" (without quotes)
","A=8,D=4,K=2,Q=0,S=6,U=3,V=1,X=5"
"Solve this cryptarithm:

    AFB
  UQUAS
+ FWUSX
-------
  SSOSB

Each letter stands for a unique digit (0-9). No leading letter can be zero.
Provide a comma separated mapping from letters to digits that satisfies the equation in your final answer. Output format: ""A=1,B=2,C=3"" (without quotes)
","A=4,B=6,F=5,O=1,Q=0,S=8,U=3,W=7,X=2"
"Solve this cryptarithm:

   TQML
  WXWEB
+   QMW
-------
  KBBLL

Each letter stands for a unique digit (0-9). No leading letter can be zero.
Provide a comma separated mapping from letters to digits that satisfies the equation in your final answer. Output format: ""A=1,B=2,C=3"" (without quotes)
","B=4,E=1,K=7,L=0,M=9,Q=3,T=8,W=6,X=5"
"Solve this cryptarithm:

   QULAQ
     YYH
+  YQRLA
--------
  HLOLYR

Each letter stands for a unique digit (0-9). No leading letter can be zero.
Provide a comma separated mapping from letters to digits that satisfies the equation in your final answer. Output format: ""A=1,B=2,C=3"" (without quotes)
","A=7,H=1,L=2,O=4,Q=5,R=3,U=8,Y=6"
"Solve this cryptarithm:

   FTK
+ HOWW
------
  HRIU

Each letter stands for a unique digit (0-9). No leading letter can be zero.
Provide a comma separated mapping from letters to digits that satisfies the equation in your final answer. Output format: ""A=1,B=2,C=3"" (without quotes)
","F=7,H=9,I=6,K=3,O=1,R=8,T=4,U=5,W=2"
"Solve this cryptarithm:

  WWJWS
+   JVS
-------
  WZTFP

Each letter stands for a unique digit (0-9). No leading letter can be zero.
Provide a comma separated mapping from letters to digits that satisfies the equation in your final answer. Output format: ""A=1,B=2,C=3"" (without quotes)
","F=3,J=8,P=2,S=1,T=7,V=9,W=4,Z=5"
"Solve this cryptarithm:

   CNDD
   MQJN
+  YDPM
-------
  NPNQD

Each letter stands for a unique digit (0-9). No leading letter can be zero.
Provide a comma separated mapping from letters to digits that satisfies the equation in your final answer. Output format: ""A=1,B=2,C=3"" (without quotes)
","C=3,D=2,J=6,M=9,N=1,P=8,Q=7,Y=5"
"Solve this cryptarithm:

    JLL
  HMMAU
+   HLW
-------
  HMWJH

Each letter stands for a unique digit (0-9). No leading letter can be zero.
Provide a comma separated mapping from letters to digits that satisfies the equation in your final answer. Output format: ""A=1,B=2,C=3"" (without quotes)
","A=4,H=2,J=6,L=5,M=0,U=8,W=9"
"Solve this cryptarithm:

   QSG
+ OECS
------
  ELLZ

Each letter stands for a unique digit (0-9). No leading letter can be zero.
Provide a comma separated mapping from letters to digits that satisfies the equation in your final answer. Output format: ""A=1,B=2,C=3"" (without quotes)
","C=2,E=5,G=6,L=3,O=4,Q=8,S=1,Z=7"
"Solve this cryptarithm:

  HWAP
   AHA
+  GSF
------
  OWGO

Each letter stands for a unique digit (0-9). No leading letter can be zero.
Provide a comma separated mapping from letters to digits that satisfies the equation in your final answer. Output format: ""A=1,B=2,C=3"" (without quotes)
","A=6,F=8,G=3,H=4,O=5,P=1,S=2,W=9"
"Solve this cryptarithm:

   GGX
+  XQT
------
  VGWV

Each letter stands for a unique digit (0-9). No leading letter can be zero.
Provide a comma separated mapping from letters to digits that satisfies the equation in your final answer. Output format: ""A=1,B=2,C=3"" (without quotes)
","G=8,Q=5,T=2,V=1,W=4,X=9"
"Solve this cryptarithm:

  YYST
+  TWW
------
  NWUS

Each letter stands for a unique digit (0-9). No leading letter can be zero.
Provide a comma separated mapping from letters to digits that satisfies the equation in your final answer. Output format: ""A=1,B=2,C=3"" (without quotes)
","N=9,S=3,T=7,U=0,W=6,Y=8"
"Solve this cryptarithm:

   PCCBZ
   TEAOW
+  TWEOT
--------
  ROWZZP

Each letter stands for a unique digit (0-9). No leading letter can be zero.
Provide a comma separated mapping from letters to digits that satisfies the equation in your final answer. Output format: ""A=1,B=2,C=3"" (without quotes)
","A=2,B=8,C=9,E=0,O=7,P=4,R=1,T=6,W=5,Z=3"
"Solve this cryptarithm:

    ZLW
   LWZX
+  LLXT
-------
  TZZWD

Each letter stands for a unique digit (0-9). No leading letter can be zero.
Provide a comma separated mapping from letters to digits that satisfies the equation in your final answer. Output format: ""A=1,B=2,C=3"" (without quotes)
","D=6,L=8,T=1,W=0,X=5,Z=7"
"Solve this cryptarithm:

   WOWRV
   VUPCC
+  VJJVY
--------
  JUJPVR

Each letter stands for a unique digit (0-9). No leading letter can be zero.
Provide a comma separated mapping from letters to digits that satisfies the equation in your final answer. Output format: ""A=1,B=2,C=3"" (without quotes)
","C=1,J=2,O=5,P=6,R=9,U=4,V=8,W=7,Y=0"
"Solve this cryptarithm:

   XWEXP
+  PPLKW
--------
  YWYLMA

Each letter stands for a unique digit (0-9). No leading letter can be zero.
Provide a comma separated mapping from letters to digits that satisfies the equation in your final answer. Output format: ""A=1,B=2,C=3"" (without quotes)
","A=0,E=9,K=6,L=4,M=2,P=7,W=3,X=5,Y=1"
"Solve this cryptarithm:

   VVAPI
+  LASEP
--------
  PELEPA

Each letter stands for a unique digit (0-9). No leading letter can be zero.
Provide a comma separated mapping from letters to digits that satisfies the equation in your final answer. Output format: ""A=1,B=2,C=3"" (without quotes)
","A=8,E=0,I=7,L=4,P=1,S=2,V=5"
"Solve this cryptarithm:

   OVG
   OOV
+  GKJ
------
  RRRR

Each letter stands for a unique digit (0-9). No leading letter can be zero.
Provide a comma separated mapping from letters to digits that satisfies the equation in your final answer. Output format: ""A=1,B=2,C=3"" (without quotes)
","G=6,J=8,K=0,O=2,R=1,V=7"
"Solve this cryptarithm:

   ZLZAW
   YXYIH
+   HLHY
--------
  GGGXLH

Each letter stands for a unique digit (0-9). No leading letter can be zero.
Provide a comma separated mapping from letters to digits that satisfies the equation in your final answer. Output format: ""A=1,B=2,C=3"" (without quotes)
","A=0,G=1,H=5,I=2,L=8,W=4,X=7,Y=6,Z=3"
"Solve this cryptarithm:

   YXXP
  TJXVD
+  LVKK
-------
  DKDZV

Each letter stands for a unique digit (0-9). No leading letter can be zero.
Provide a comma separated mapping from letters to digits that satisfies the equation in your final answer. Output format: ""A=1,B=2,C=3"" (without quotes)
","D=5,J=9,K=4,L=8,P=1,T=3,V=0,X=7,Y=6,Z=2"
"Solve this cryptarithm:

  VRNZC
   CICZ
+  SVGI
-------
  FFFVS

Each letter stands for a unique digit (0-9). No leading letter can be zero.
Provide a comma separated mapping from letters to digits that satisfies the equation in your final answer. Output format: ""A=1,B=2,C=3"" (without quotes)
","C=7,F=3,G=5,I=9,N=0,R=1,S=4,V=2,Z=8"
"Solve this cryptarithm:

  LSERY
   LYRP
+  SRML
-------
  ESMIY

Each letter stands for a unique digit (0-9). No leading letter can be zero.
Provide a comma separated mapping from letters to digits that satisfies the equation in your final answer. Output format: ""A=1,B=2,C=3"" (without quotes)
","E=8,I=5,L=7,M=4,P=3,R=0,S=2,Y=6"
"Solve this cryptarithm:

   LLY
+ YCHC
------
  JLIO

Each letter stands for a unique digit (0-9). No leading letter can be zero.
Provide a comma separated mapping from letters to digits that satisfies the equation in your final answer. Output format: ""A=1,B=2,C=3"" (without quotes)
","C=9,H=8,I=1,J=6,L=2,O=4,Y=5"
"Solve this cryptarithm:

  MOU
+ MVV
-----
  XGT

Each letter stands for a unique digit (0-9). No leading letter can be zero.
Provide a comma separated mapping from letters to digits that satisfies the equation in your final answer. Output format: ""A=1,B=2,C=3"" (without quotes)
","G=4,M=1,O=9,T=7,U=2,V=5,X=3"
"Solve this cryptarithm:

   OFIR
+ RYBYF
-------
  QRIXR

Each letter stands for a unique digit (0-9). No leading letter can be zero.
Provide a comma separated mapping from letters to digits that satisfies the equation in your final answer. Output format: ""A=1,B=2,C=3"" (without quotes)
","B=8,F=0,I=9,O=5,Q=3,R=2,X=6,Y=7"
"Solve this cryptarithm:

  DEDXD
+   FFF
-------
  DDTCT

Each letter stands for a unique digit (0-9). No leading letter can be zero.
Provide a comma separated mapping from letters to digits that satisfies the equation in your final answer. Output format: ""A=1,B=2,C=3"" (without quotes)
","C=9,D=8,E=7,F=3,T=1,X=5"
"Solve this cryptarithm:

  BGIGF
    CTF
+  GJOO
-------
  GFEEB

Each letter stands for a unique digit (0-9). No leading letter can be zero.
Provide a comma separated mapping from letters to digits that satisfies the equation in your final answer. Output format: ""A=1,B=2,C=3"" (without quotes)
","B=6,C=2,E=9,F=4,G=7,I=1,J=5,O=8,T=3"
"Solve this cryptarithm:

  VVQVO
    CWO
+ DCZWO
-------
  ZTVKO

Each letter stands for a unique digit (0-9). No leading letter can be zero.
Provide a comma separated mapping from letters to digits that satisfies the equation in your final answer. Output format: ""A=1,B=2,C=3"" (without quotes)
","C=6,D=4,K=7,O=0,Q=9,T=1,V=3,W=2,Z=8"
"Solve this cryptarithm:

    GFC
+ ACDSF
-------
  ADBSA

Each letter stands for a unique digit (0-9). No leading letter can be zero.
Provide a comma separated mapping from letters to digits that satisfies the equation in your final answer. Output format: ""A=1,B=2,C=3"" (without quotes)
","A=6,B=1,C=7,D=8,F=9,G=2,S=4"
"Solve this cryptarithm:

  JHEJJ
+  DDHX
-------
  HLNCU

Each letter stands for a unique digit (0-9). No leading letter can be zero.
Provide a comma separated mapping from letters to digits that satisfies the equation in your final answer. Output format: ""A=1,B=2,C=3"" (without quotes)
","C=8,D=6,E=1,H=4,J=3,L=0,N=7,U=2,X=9"
"Solve this cryptarithm:

   IRE
+ QBEE
------
  QQTT

Each letter stands for a unique digit (0-9). No leading letter can be zero.
Provide a comma separated mapping from letters to digits that satisfies the equation in your final answer. Output format: ""A=1,B=2,C=3"" (without quotes)
","B=1,E=5,I=6,Q=8,R=4,T=0"
"Solve this cryptarithm:

   ZCM
+ KJDQ
------
  KQDZ

Each letter stands for a unique digit (0-9). No leading letter can be zero.
Provide a comma separated mapping from letters to digits that satisfies the equation in your final answer. Output format: ""A=1,B=2,C=3"" (without quotes)
","C=9,D=7,J=1,K=5,M=8,Q=4,Z=2"
"Solve this cryptarithm:

    VCC
  EVQXE
+   XQV
-------
  ECZFU

Each letter stands for a unique digit (0-9). No leading letter can be zero.
Provide a comma separated mapping from letters to digits that satisfies the equation in your final answer. Output format: ""A=1,B=2,C=3"" (without quotes)
","C=8,E=4,F=2,Q=0,U=9,V=7,X=3,Z=1"
"Solve this cryptarithm:

  WLYL
+  TTM
------
  WTXM

Each letter stands for a unique digit (0-9). No leading letter can be zero.
Provide a comma separated mapping from letters to digits that satisfies the equation in your final answer. Output format: ""A=1,B=2,C=3"" (without quotes)
","L=0,M=7,T=6,W=1,X=9,Y=3"
"Solve this cryptarithm:

   JWGA
   KEGE
+   AYJ
-------
  AAAKG

Each letter stands for a unique digit (0-9). No leading letter can be zero.
Provide a comma separated mapping from letters to digits that satisfies the equation in your final answer. Output format: ""A=1,B=2,C=3"" (without quotes)
","A=1,E=4,G=2,J=7,K=3,W=5,Y=8"
"Solve this cryptarithm:

  KOGUR
+   UOR
-------
  KKBNX

Each letter stands for a unique digit (0-9). No leading letter can be zero.
Provide a comma separated mapping from letters to digits that satisfies the equation in your final answer. Output format: ""A=1,B=2,C=3"" (without quotes)
","B=0,G=4,K=9,N=3,O=8,R=1,U=5,X=2"
"Solve this cryptarithm:

   LEES
+ AISJY
-------
  AZLZN

Each letter stands for a unique digit (0-9). No leading letter can be zero.
Provide a comma separated mapping from letters to digits that satisfies the equation in your final answer. Output format: ""A=1,B=2,C=3"" (without quotes)
","A=1,E=7,I=0,J=6,L=2,N=9,S=4,Y=5,Z=3"
"Solve this cryptarithm:

    JHNM
   QKNWJ
+  LPNJT
--------
  PTPLQH

Each letter stands for a unique digit (0-9). No leading letter can be zero.
Provide a comma separated mapping from letters to digits that satisfies the equation in your final answer. Output format: ""A=1,B=2,C=3"" (without quotes)
","H=5,J=2,K=6,L=4,M=0,N=9,P=1,Q=8,T=3,W=7"
"Solve this cryptarithm:

    ZXZ
  NKFQZ
+  NXQF
-------
  NXXJJ

Each letter stands for a unique digit (0-9). No leading letter can be zero.
Provide a comma separated mapping from letters to digits that satisfies the equation in your final answer. Output format: ""A=1,B=2,C=3"" (without quotes)
","F=2,J=4,K=0,N=8,Q=7,X=9,Z=6"
"Solve this cryptarithm:

  TCVSY
+ SLJSC
-------
  CYYTB

Each letter stands for a unique digit (0-9). No leading letter can be zero.
Provide a comma separated mapping from letters to digits that satisfies the equation in your final answer. Output format: ""A=1,B=2,C=3"" (without quotes)
","B=7,C=3,J=6,L=0,S=1,T=2,V=8,Y=4"
"Solve this cryptarithm:

   IZRI
+ SHIBB
-------
  JEDSR

Each letter stands for a unique digit (0-9). No leading letter can be zero.
Provide a comma separated mapping from letters to digits that satisfies the equation in your final answer. Output format: ""A=1,B=2,C=3"" (without quotes)
","B=3,D=6,E=4,H=9,I=5,J=2,R=8,S=1,Z=0"
"Solve this cryptarithm:

  PLJLF
   JKLK
+   NSV
-------
  PKKNS

Each letter stands for a unique digit (0-9). No leading letter can be zero.
Provide a comma separated mapping from letters to digits that satisfies the equation in your final answer. Output format: ""A=1,B=2,C=3"" (without quotes)
","F=0,J=3,K=5,L=1,N=7,P=8,S=4,V=9"
"Solve this cryptarithm:

   WMHS
  HRMRQ
+  MWQB
-------
  WHQSA

Each letter stands for a unique digit (0-9). No leading letter can be zero.
Provide a comma separated mapping from letters to digits that satisfies the equation in your final answer. Output format: ""A=1,B=2,C=3"" (without quotes)
","A=8,B=6,H=1,M=9,Q=2,R=7,S=0,W=3"
"Solve this cryptarithm:

    VII
    UPQ
+ CVCIQ
-------
  CPUVT

Each letter stands for a unique digit (0-9). No leading letter can be zero.
Provide a comma separated mapping from letters to digits that satisfies the equation in your final answer. Output format: ""A=1,B=2,C=3"" (without quotes)
","C=3,I=9,P=6,Q=4,T=7,U=1,V=5"
"Solve this cryptarithm:

   JFE
   NFF
+  GLF
------
  RNLE

Each letter stands for a unique digit (0-9). No leading letter can be zero.
Provide a comma separated mapping from letters to digits that satisfies the equation in your final answer. Output format: ""A=1,B=2,C=3"" (without quotes)
","E=8,F=0,G=4,J=6,L=9,N=2,R=1"
"Solve this cryptarithm:

  FKJJZ
+   ZQZ
-------
  FKLBB

Each letter stands for a unique digit (0-9). No leading letter can be zero.
Provide a comma separated mapping from letters to digits that satisfies the equation in your final answer. Output format: ""A=1,B=2,C=3"" (without quotes)
","B=4,F=1,J=5,K=0,L=8,Q=9,Z=2"
"Solve this cryptarithm:

   HYV
+ ZROY
------
  LLYW

Each letter stands for a unique digit (0-9). No leading letter can be zero.
Provide a comma separated mapping from letters to digits that satisfies the equation in your final answer. Output format: ""A=1,B=2,C=3"" (without quotes)
","H=8,L=4,O=0,R=6,V=2,W=7,Y=5,Z=3"
"Solve this cryptarithm:

   BEHCH
+  PHPYB
--------
  CHYIIP

Each letter stands for a unique digit (0-9). No leading letter can be zero.
Provide a comma separated mapping from letters to digits that satisfies the equation in your final answer. Output format: ""A=1,B=2,C=3"" (without quotes)
","B=5,C=1,E=6,H=2,I=0,P=7,Y=9"
"Solve this cryptarithm:

  NUNP
+  WUM
------
  NSPM

Each letter stands for a unique digit (0-9). No leading letter can be zero.
Provide a comma separated mapping from letters to digits that satisfies the equation in your final answer. Output format: ""A=1,B=2,C=3"" (without quotes)
","M=4,N=3,P=0,S=9,U=7,W=1"
"Solve this cryptarithm:

  CLWHF
+ WBCQC
-------
  HHHSQ

Each letter stands for a unique digit (0-9). No leading letter can be zero.
Provide a comma separated mapping from letters to digits that satisfies the equation in your final answer. Output format: ""A=1,B=2,C=3"" (without quotes)
","B=5,C=1,F=9,H=7,L=2,Q=0,S=8,W=6"
"Solve this cryptarithm:

   BOYM
    DMD
+ DYOPK
-------
  OWYWY

Each letter stands for a unique digit (0-9). No leading letter can be zero.
Provide a comma separated mapping from letters to digits that satisfies the equation in your final answer. Output format: ""A=1,B=2,C=3"" (without quotes)
","B=2,D=8,K=6,M=3,O=9,P=0,W=1,Y=7"
"Solve this cryptarithm:

  ALANP
    SFN
+   RNA
-------
  AFMIP

Each letter stands for a unique digit (0-9). No leading letter can be zero.
Provide a comma separated mapping from letters to digits that satisfies the equation in your final answer. Output format: ""A=1,B=2,C=3"" (without quotes)
","A=6,F=3,I=2,L=1,M=0,N=4,P=9,R=8,S=5"
"Solve this cryptarithm:

  AFVXZ
   VIFN
+ PZIVZ
-------
  XVAUF

Each letter stands for a unique digit (0-9). No leading letter can be zero.
Provide a comma separated mapping from letters to digits that satisfies the equation in your final answer. Output format: ""A=1,B=2,C=3"" (without quotes)
","A=2,F=3,I=0,N=9,P=5,U=4,V=1,X=8,Z=7"
"Solve this cryptarithm:

   IMIRI
+  RIGVN
--------
  MAVVRO

Each letter stands for a unique digit (0-9). No leading letter can be zero.
Provide a comma separated mapping from letters to digits that satisfies the equation in your final answer. Output format: ""A=1,B=2,C=3"" (without quotes)
","A=3,G=0,I=8,M=1,N=6,O=4,R=5,V=9"
"Solve this cryptarithm:

  RFIAC
    CRH
+  AWMM
-------
  HFIFR

Each letter stands for a unique digit (0-9). No leading letter can be zero.
Provide a comma separated mapping from letters to digits that satisfies the equation in your final answer. Output format: ""A=1,B=2,C=3"" (without quotes)
","A=9,C=6,F=0,H=8,I=5,M=3,R=7,W=2"
"Solve this cryptarithm:

  DPPRR
    RFP
+  FBFE
-------
  PPBEF

Each letter stands for a unique digit (0-9). No leading letter can be zero.
Provide a comma separated mapping from letters to digits that satisfies the equation in your final answer. Output format: ""A=1,B=2,C=3"" (without quotes)
","B=2,D=4,E=1,F=9,P=5,R=3"
"Solve this cryptarithm:

   QCO
+ HJCC
------
  HHOJ

Each letter stands for a unique digit (0-9). No leading letter can be zero.
Provide a comma separated mapping from letters to digits that satisfies the equation in your final answer. Output format: ""A=1,B=2,C=3"" (without quotes)
","C=1,H=7,J=3,O=2,Q=4"
"Solve this cryptarithm:

  DZSCR
   VYNS
+ SCDVN
-------
  FCFNV

Each letter stands for a unique digit (0-9). No leading letter can be zero.
Provide a comma separated mapping from letters to digits that satisfies the equation in your final answer. Output format: ""A=1,B=2,C=3"" (without quotes)
","C=1,D=3,F=9,N=6,R=7,S=5,V=8,Y=0,Z=2"
"Solve this cryptarithm:

  DXVI
   XGL
+  LLR
------
  GKRX

Each letter stands for a unique digit (0-9). No leading letter can be zero.
Provide a comma separated mapping from letters to digits that satisfies the equation in your final answer. Output format: ""A=1,B=2,C=3"" (without quotes)
","D=8,G=9,I=0,K=5,L=2,R=4,V=3,X=6"
"Solve this cryptarithm:

   HHXT
+  WGOW
-------
  DWGGW

Each letter stands for a unique digit (0-9). No leading letter can be zero.
Provide a comma separated mapping from letters to digits that satisfies the equation in your final answer. Output format: ""A=1,B=2,C=3"" (without quotes)
","D=1,G=5,H=9,O=7,T=0,W=6,X=8"
"Solve this cryptarithm:

  LBBS
+ WLYR
------
  RRBW

Each letter stands for a unique digit (0-9). No leading letter can be zero.
Provide a comma separated mapping from letters to digits that satisfies the equation in your final answer. Output format: ""A=1,B=2,C=3"" (without quotes)
","B=4,L=2,R=7,S=8,W=5,Y=9"
"Solve this cryptarithm:

    POE
   ERPQ
+ QLTEQ
-------
  QPTLR

Each letter stands for a unique digit (0-9). No leading letter can be zero.
Provide a comma separated mapping from letters to digits that satisfies the equation in your final answer. Output format: ""A=1,B=2,C=3"" (without quotes)
","E=1,L=0,O=6,P=2,Q=8,R=7,T=4"
"Solve this cryptarithm:

  YBYLJ
+  JBIM
-------
  JYLLS

Each letter stands for a unique digit (0-9). No leading letter can be zero.
Provide a comma separated mapping from letters to digits that satisfies the equation in your final answer. Output format: ""A=1,B=2,C=3"" (without quotes)
","B=8,I=9,J=3,L=1,M=7,S=0,Y=2"
"Solve this cryptarithm:

   PHFF
   NWLP
+   LRW
-------
  RBHNR

Each letter stands for a unique digit (0-9). No leading letter can be zero.
Provide a comma separated mapping from letters to digits that satisfies the equation in your final answer. Output format: ""A=1,B=2,C=3"" (without quotes)
","B=3,F=6,H=8,L=9,N=7,P=5,R=1,W=0"
"Solve this cryptarithm:

   PXBE
  DBBCG
+ DDCEJ
-------
  HBBCJ

Each letter stands for a unique digit (0-9). No leading letter can be zero.
Provide a comma separated mapping from letters to digits that satisfies the equation in your final answer. Output format: ""A=1,B=2,C=3"" (without quotes)
","B=3,C=8,D=2,E=6,G=4,H=5,J=9,P=7,X=1"
"Solve this cryptarithm:

  FCETT
    DMS
+  DYFD
-------
  CTSIL

Each letter stands for a unique digit (0-9). No leading letter can be zero.
Provide a comma separated mapping from letters to digits that satisfies the equation in your final answer. Output format: ""A=1,B=2,C=3"" (without quotes)
","C=4,D=5,E=9,F=3,I=0,L=8,M=6,S=2,T=1,Y=7"
"Solve this cryptarithm:

     GXD
   MEDDL
+  MXLMT
--------
  JXLELJ

Each letter stands for a unique digit (0-9). No leading letter can be zero.
Provide a comma separated mapping from letters to digits that satisfies the equation in your final answer. Output format: ""A=1,B=2,C=3"" (without quotes)
","D=9,E=6,G=3,J=1,L=2,M=7,T=0,X=5"
"Solve this cryptarithm:

  KHHIO
+   IMH
-------
  KYMIQ

Each letter stands for a unique digit (0-9). No leading letter can be zero.
Provide a comma separated mapping from letters to digits that satisfies the equation in your final answer. Output format: ""A=1,B=2,C=3"" (without quotes)
","H=1,I=9,K=5,M=0,O=7,Q=8,Y=2"
"Solve this cryptarithm:

   HUO
+ BZPC
------
  BOBZ

Each letter stands for a unique digit (0-9). No leading letter can be zero.
Provide a comma separated mapping from letters to digits that satisfies the equation in your final answer. Output format: ""A=1,B=2,C=3"" (without quotes)
","B=4,C=8,H=2,O=7,P=3,U=0,Z=5"
"Solve this cryptarithm:

   KOBFA
+  BHTFL
--------
  HKLTLA

Each letter stands for a unique digit (0-9). No leading letter can be zero.
Provide a comma separated mapping from letters to digits that satisfies the equation in your final answer. Output format: ""A=1,B=2,C=3"" (without quotes)
","A=6,B=9,F=5,H=1,K=3,L=0,O=8,T=4"
"Solve this cryptarithm:

   IOT
  PXFY
+  XXE
------
  MIEF

Each letter stands for a unique digit (0-9). No leading letter can be zero.
Provide a comma separated mapping from letters to digits that satisfies the equation in your final answer. Output format: ""A=1,B=2,C=3"" (without quotes)
","E=0,F=7,I=8,M=3,O=9,P=2,T=1,X=4,Y=6"
"Solve this cryptarithm:

  ROJA
+  EXO
------
  UOBY

Each letter stands for a unique digit (0-9). No leading letter can be zero.
Provide a comma separated mapping from letters to digits that satisfies the equation in your final answer. Output format: ""A=1,B=2,C=3"" (without quotes)
","A=7,B=0,E=9,J=6,O=8,R=1,U=2,X=3,Y=5"
"Solve this cryptarithm:

    COP
+  GPGK
-------
  ZTTSA

Each letter stands for a unique digit (0-9). No leading letter can be zero.
Provide a comma separated mapping from letters to digits that satisfies the equation in your final answer. Output format: ""A=1,B=2,C=3"" (without quotes)
","A=8,C=7,G=9,K=6,O=5,P=2,S=4,T=0,Z=1"
"Solve this cryptarithm:

  KSDT
+  PRD
------
  RWRT

Each letter stands for a unique digit (0-9). No leading letter can be zero.
Provide a comma separated mapping from letters to digits that satisfies the equation in your final answer. Output format: ""A=1,B=2,C=3"" (without quotes)
","D=0,K=7,P=3,R=8,S=9,T=4,W=2"
"Solve this cryptarithm:

   DDS
  ZZLH
+ XSXH
------
  PLLA

Each letter stands for a unique digit (0-9). No leading letter can be zero.
Provide a comma separated mapping from letters to digits that satisfies the equation in your final answer. Output format: ""A=1,B=2,C=3"" (without quotes)
","A=2,D=4,H=1,L=8,P=9,S=0,X=6,Z=3"
"Solve this cryptarithm:

    UJD
+ MTUBB
-------
  MJBXX

Each letter stands for a unique digit (0-9). No leading letter can be zero.
Provide a comma separated mapping from letters to digits that satisfies the equation in your final answer. Output format: ""A=1,B=2,C=3"" (without quotes)
","B=1,D=9,J=8,M=3,T=7,U=5,X=0"
"Solve this cryptarithm:

   NHPX
+  EPAA
-------
  OFENO

Each letter stands for a unique digit (0-9). No leading letter can be zero.
Provide a comma separated mapping from letters to digits that satisfies the equation in your final answer. Output format: ""A=1,B=2,C=3"" (without quotes)
","A=8,E=4,F=0,H=7,N=5,O=1,P=6,X=3"
"Solve this cryptarithm:

    WCW
+ DMMZD
-------
  DCOKR

Each letter stands for a unique digit (0-9). No leading letter can be zero.
Provide a comma separated mapping from letters to digits that satisfies the equation in your final answer. Output format: ""A=1,B=2,C=3"" (without quotes)
","C=4,D=2,K=0,M=3,O=1,R=9,W=7,Z=6"
"Solve this cryptarithm:

   CYN
  JYGS
+  QKV
------
  SSGJ

Each letter stands for a unique digit (0-9). No leading letter can be zero.
Provide a comma separated mapping from letters to digits that satisfies the equation in your final answer. Output format: ""A=1,B=2,C=3"" (without quotes)
","C=8,G=7,J=1,K=4,N=6,Q=9,S=3,V=2,Y=5"
"Solve this cryptarithm:

   ZXT
   HRF
+ NXBW
------
  FFZB

Each letter stands for a unique digit (0-9). No leading letter can be zero.
Provide a comma separated mapping from letters to digits that satisfies the equation in your final answer. Output format: ""A=1,B=2,C=3"" (without quotes)
","B=8,F=6,H=1,N=5,R=7,T=0,W=2,X=9,Z=4"
"Solve this cryptarithm:

   XLYDR
+   QYXL
--------
  QMMDDQ

Each letter stands for a unique digit (0-9). No leading letter can be zero.
Provide a comma separated mapping from letters to digits that satisfies the equation in your final answer. Output format: ""A=1,B=2,C=3"" (without quotes)
","D=5,L=8,M=0,Q=1,R=3,X=9,Y=7"
"Solve this cryptarithm:

   SFYB
+ NBAYY
-------
  NFAPK

Each letter stands for a unique digit (0-9). No leading letter can be zero.
Provide a comma separated mapping from letters to digits that satisfies the equation in your final answer. Output format: ""A=1,B=2,C=3"" (without quotes)
","A=3,B=2,F=9,K=0,N=5,P=7,S=6,Y=8"
"Solve this cryptarithm:

    AZH
    UUI
+ BZALU
-------
  BDLPP

Each letter stands for a unique digit (0-9). No leading letter can be zero.
Provide a comma separated mapping from letters to digits that satisfies the equation in your final answer. Output format: ""A=1,B=2,C=3"" (without quotes)
","A=6,B=3,D=1,H=7,I=2,L=8,P=4,U=5,Z=0"
"Solve this cryptarithm:

    ANA
    HWW
+ DNHIQ
-------
  DDNTN

Each letter stands for a unique digit (0-9). No leading letter can be zero.
Provide a comma separated mapping from letters to digits that satisfies the equation in your final answer. Output format: ""A=1,B=2,C=3"" (without quotes)
","A=5,D=6,H=9,I=3,N=4,Q=7,T=0,W=2"
"Solve this cryptarithm:

   ADWWJ
   RONAH
+  DRGRG
--------
  HAORRG

Each letter stands for a unique digit (0-9). No leading letter can be zero.
Provide a comma separated mapping from letters to digits that satisfies the equation in your final answer. Output format: ""A=1,B=2,C=3"" (without quotes)
","A=6,D=7,G=0,H=1,J=9,N=8,O=4,R=2,W=3"
"Solve this cryptarithm:

   OTQL
+  GMHT
-------
  FHMGL

Each letter stands for a unique digit (0-9). No leading letter can be zero.
Provide a comma separated mapping from letters to digits that satisfies the equation in your final answer. Output format: ""A=1,B=2,C=3"" (without quotes)
","F=1,G=5,H=2,L=9,M=4,O=7,Q=3,T=0"
"Solve this cryptarithm:

  JWWJ
+  WZW
------
  EWZY

Each letter stands for a unique digit (0-9). No leading letter can be zero.
Provide a comma separated mapping from letters to digits that satisfies the equation in your final answer. Output format: ""A=1,B=2,C=3"" (without quotes)
","E=7,J=6,W=9,Y=5,Z=4"
"Solve this cryptarithm:

   BJQF
+ PAPPA
-------
  BPDOH

Each letter stands for a unique digit (0-9). No leading letter can be zero.
Provide a comma separated mapping from letters to digits that satisfies the equation in your final answer. Output format: ""A=1,B=2,C=3"" (without quotes)
","A=9,B=4,D=5,F=8,H=7,J=1,O=0,P=3,Q=6"
"Solve this cryptarithm:

  XHPXT
+  BVHT
-------
  HNWBB

Each letter stands for a unique digit (0-9). No leading letter can be zero.
Provide a comma separated mapping from letters to digits that satisfies the equation in your final answer. Output format: ""A=1,B=2,C=3"" (without quotes)
","B=8,H=4,N=2,P=1,T=9,V=6,W=7,X=3"
"Solve this cryptarithm:

   RZR
+ WFRV
------
  WLPW

Each letter stands for a unique digit (0-9). No leading letter can be zero.
Provide a comma separated mapping from letters to digits that satisfies the equation in your final answer. Output format: ""A=1,B=2,C=3"" (without quotes)
","F=1,L=3,P=7,R=2,V=4,W=6,Z=5"
"Solve this cryptarithm:

   EWEK
+  VIWV
-------
  RVPPV

Each letter stands for a unique digit (0-9). No leading letter can be zero.
Provide a comma separated mapping from letters to digits that satisfies the equation in your final answer. Output format: ""A=1,B=2,C=3"" (without quotes)
","E=9,I=8,K=0,P=2,R=1,V=6,W=3"
"Solve this cryptarithm:

   YZD
+ YDYY
------
  YKSK

Each letter stands for a unique digit (0-9). No leading letter can be zero.
Provide a comma separated mapping from letters to digits that satisfies the equation in your final answer. Output format: ""A=1,B=2,C=3"" (without quotes)
","D=3,K=8,S=6,Y=5,Z=1"
"Solve this cryptarithm:

  QAGAD
    QLJ
+  IPGX
-------
  QDDXL

Each letter stands for a unique digit (0-9). No leading letter can be zero.
Provide a comma separated mapping from letters to digits that satisfies the equation in your final answer. Output format: ""A=1,B=2,C=3"" (without quotes)
","A=2,D=8,G=6,I=5,J=3,L=1,P=7,Q=4,X=0"
"Solve this cryptarithm:

   AXL
+ XTOO
------
  SSAX

Each letter stands for a unique digit (0-9). No leading letter can be zero.
Provide a comma separated mapping from letters to digits that satisfies the equation in your final answer. Output format: ""A=1,B=2,C=3"" (without quotes)
","A=8,L=5,O=6,S=2,T=4,X=1"
"Solve this cryptarithm:

    BBK
  UTKTT
+  UIQI
-------
  CPGIG

Each letter stands for a unique digit (0-9). No leading letter can be zero.
Provide a comma separated mapping from letters to digits that satisfies the equation in your final answer. Output format: ""A=1,B=2,C=3"" (without quotes)
","B=7,C=4,G=5,I=6,K=1,P=2,Q=0,T=8,U=3"
"Solve this cryptarithm:

   RHII
  JIKVR
+  KJDH
-------
  VHKVJ

Each letter stands for a unique digit (0-9). No leading letter can be zero.
Provide a comma separated mapping from letters to digits that satisfies the equation in your final answer. Output format: ""A=1,B=2,C=3"" (without quotes)
","D=1,H=4,I=8,J=5,K=2,R=3,V=6"
"Solve this cryptarithm:

   EPE
  DOMV
+  PRD
------
  RPUV

Each letter stands for a unique digit (0-9). No leading letter can be zero.
Provide a comma separated mapping from letters to digits that satisfies the equation in your final answer. Output format: ""A=1,B=2,C=3"" (without quotes)
","D=3,E=7,M=9,O=1,P=6,R=4,U=0,V=8"
"Solve this cryptarithm:

   KBNNU
   EKAET
+    AOO
--------
  POENUB

Each letter stands for a unique digit (0-9). No leading letter can be zero.
Provide a comma separated mapping from letters to digits that satisfies the equation in your final answer. Output format: ""A=1,B=2,C=3"" (without quotes)
","A=5,B=4,E=2,K=7,N=3,O=0,P=1,T=8,U=6"
"Solve this cryptarithm:

   TZTA
  TLLUU
+   MZU
-------
  ZLNNY

Each letter stands for a unique digit (0-9). No leading letter can be zero.
Provide a comma separated mapping from letters to digits that satisfies the equation in your final answer. Output format: ""A=1,B=2,C=3"" (without quotes)
","A=7,L=3,M=6,N=0,T=8,U=2,Y=1,Z=9"
"Solve this cryptarithm:

  NDRXD
+   PXP
-------
  NCRNX

Each letter stands for a unique digit (0-9). No leading letter can be zero.
Provide a comma separated mapping from letters to digits that satisfies the equation in your final answer. Output format: ""A=1,B=2,C=3"" (without quotes)
","C=8,D=7,N=3,P=9,R=0,X=6"
"Solve this cryptarithm:

   GAXGX
   AGCAV
+    XSS
--------
  INNYAS

Each letter stands for a unique digit (0-9). No leading letter can be zero.
Provide a comma separated mapping from letters to digits that satisfies the equation in your final answer. Output format: ""A=1,B=2,C=3"" (without quotes)
","A=7,C=5,G=6,I=1,N=4,S=3,V=8,X=2,Y=0"
"Solve this cryptarithm:

    EGH
  SEIHH
+   HSM
-------
  SQQTE

Each letter stands for a unique digit (0-9). No leading letter can be zero.
Provide a comma separated mapping from letters to digits that satisfies the equation in your final answer. Output format: ""A=1,B=2,C=3"" (without quotes)
","E=8,G=1,H=3,I=7,M=2,Q=9,S=6,T=0"
"Solve this cryptarithm:

    YHN
  QYUAQ
+   MUX
-------
  QMUUA

Each letter stands for a unique digit (0-9). No leading letter can be zero.
Provide a comma separated mapping from letters to digits that satisfies the equation in your final answer. Output format: ""A=1,B=2,C=3"" (without quotes)
","A=9,H=1,M=5,N=3,Q=6,U=2,X=0,Y=4"
"Solve this cryptarithm:

   KLSN
   NTTE
+   LCS
-------
  DSESK

Each letter stands for a unique digit (0-9). No leading letter can be zero.
Provide a comma separated mapping from letters to digits that satisfies the equation in your final answer. Output format: ""A=1,B=2,C=3"" (without quotes)
","C=9,D=1,E=7,K=5,L=8,N=6,S=2,T=0"
"Solve this cryptarithm:

    FYVG
   DFPZV
+  DDTML
--------
  ZMZZTF

Each letter stands for a unique digit (0-9). No leading letter can be zero.
Provide a comma separated mapping from letters to digits that satisfies the equation in your final answer. Output format: ""A=1,B=2,C=3"" (without quotes)
","D=6,F=7,G=0,L=8,M=4,P=2,T=5,V=9,Y=3,Z=1"
"Solve this cryptarithm:

    XEU
    ISE
+  EAUL
-------
  NOIIE

Each letter stands for a unique digit (0-9). No leading letter can be zero.
Provide a comma separated mapping from letters to digits that satisfies the equation in your final answer. Output format: ""A=1,B=2,C=3"" (without quotes)
","A=2,E=9,I=5,L=3,N=1,O=0,S=8,U=7,X=6"
"Solve this cryptarithm:

   NRUA
   PNRM
+   OUO
-------
  XTUTU

Each letter stands for a unique digit (0-9). No leading letter can be zero.
Provide a comma separated mapping from letters to digits that satisfies the equation in your final answer. Output format: ""A=1,B=2,C=3"" (without quotes)
","A=5,M=0,N=7,O=3,P=4,R=6,T=2,U=8,X=1"
"Solve this cryptarithm:

  IRRIH
+  XKVD
-------
  IDDDR

Each letter stands for a unique digit (0-9). No leading letter can be zero.
Provide a comma separated mapping from letters to digits that satisfies the equation in your final answer. Output format: ""A=1,B=2,C=3"" (without quotes)
","D=3,H=9,I=7,K=0,R=2,V=5,X=1"
"Solve this cryptarithm:

  GMIXI
    XMT
+  MIGX
-------
  PMGQG

Each letter stands for a unique digit (0-9). No leading letter can be zero.
Provide a comma separated mapping from letters to digits that satisfies the equation in your final answer. Output format: ""A=1,B=2,C=3"" (without quotes)
","G=6,I=3,M=9,P=7,Q=4,T=5,X=8"
"Solve this cryptarithm:

   GXA
+ CRBB
------
  CNRW

Each letter stands for a unique digit (0-9). No leading letter can be zero.
Provide a comma separated mapping from letters to digits that satisfies the equation in your final answer. Output format: ""A=1,B=2,C=3"" (without quotes)
","A=6,B=8,C=9,G=2,N=3,R=0,W=4,X=1"
"Solve this cryptarithm:

  DJPXJ
+  OJAI
-------
  DPSXE

Each letter stands for a unique digit (0-9). No leading letter can be zero.
Provide a comma separated mapping from letters to digits that satisfies the equation in your final answer. Output format: ""A=1,B=2,C=3"" (without quotes)
","A=0,D=5,E=3,I=2,J=1,O=6,P=7,S=8,X=4"
"Solve this cryptarithm:

   OIW
+ COON
------
  PITU

Each letter stands for a unique digit (0-9). No leading letter can be zero.
Provide a comma separated mapping from letters to digits that satisfies the equation in your final answer. Output format: ""A=1,B=2,C=3"" (without quotes)
","C=7,I=3,N=5,O=6,P=8,T=0,U=4,W=9"
"Solve this cryptarithm:

  BZIDH
   MIIM
+   MDB
-------
  BBHDZ

Each letter stands for a unique digit (0-9). No leading letter can be zero.
Provide a comma separated mapping from letters to digits that satisfies the equation in your final answer. Output format: ""A=1,B=2,C=3"" (without quotes)
","B=5,D=6,H=8,I=3,M=1,Z=4"
"Solve this cryptarithm:

    MYB
    RGL
+ BRRRE
-------
  BRLGG

Each letter stands for a unique digit (0-9). No leading letter can be zero.
Provide a comma separated mapping from letters to digits that satisfies the equation in your final answer. Output format: ""A=1,B=2,C=3"" (without quotes)
","B=7,E=2,G=5,L=6,M=3,R=1,Y=8"
"Solve this cryptarithm:

    XKP
  KPXVL
+  KEYS
-------
  KJVLK

Each letter stands for a unique digit (0-9). No leading letter can be zero.
Provide a comma separated mapping from letters to digits that satisfies the equation in your final answer. Output format: ""A=1,B=2,C=3"" (without quotes)
","E=9,J=8,K=5,L=0,P=1,S=4,V=2,X=6,Y=3"
"Solve this cryptarithm:

  VZVXN
    JII
+   VXZ
-------
  VXNVJ

Each letter stands for a unique digit (0-9). No leading letter can be zero.
Provide a comma separated mapping from letters to digits that satisfies the equation in your final answer. Output format: ""A=1,B=2,C=3"" (without quotes)
","I=2,J=9,N=7,V=4,X=1,Z=0"
"Solve this cryptarithm:

   NVFV
  PUPHH
+  YEEO
-------
  UMUOO

Each letter stands for a unique digit (0-9). No leading letter can be zero.
Provide a comma separated mapping from letters to digits that satisfies the equation in your final answer. Output format: ""A=1,B=2,C=3"" (without quotes)
","E=8,F=2,H=9,M=5,N=3,O=0,P=6,U=7,V=1,Y=4"
"Solve this cryptarithm:

  DVVN
+  NDZ
------
  DNNY

Each letter stands for a unique digit (0-9). No leading letter can be zero.
Provide a comma separated mapping from letters to digits that satisfies the equation in your final answer. Output format: ""A=1,B=2,C=3"" (without quotes)
","D=6,N=7,V=0,Y=5,Z=8"
"Solve this cryptarithm:

    FKA
    FMA
+ URTZF
-------
  URUFF

Each letter stands for a unique digit (0-9). No leading letter can be zero.
Provide a comma separated mapping from letters to digits that satisfies the equation in your final answer. Output format: ""A=1,B=2,C=3"" (without quotes)
","A=0,F=3,K=7,M=1,R=4,T=2,U=9,Z=5"
"Solve this cryptarithm:

    OZX
+ OUXTA
-------
  OOULY

Each letter stands for a unique digit (0-9). No leading letter can be zero.
Provide a comma separated mapping from letters to digits that satisfies the equation in your final answer. Output format: ""A=1,B=2,C=3"" (without quotes)
","A=2,L=8,O=6,T=4,U=5,X=9,Y=1,Z=3"
"Solve this cryptarithm:

   PFHV
+ PVNAF
-------
  VNGII

Each letter stands for a unique digit (0-9). No leading letter can be zero.
Provide a comma separated mapping from letters to digits that satisfies the equation in your final answer. Output format: ""A=1,B=2,C=3"" (without quotes)
","A=0,F=8,G=9,H=3,I=4,N=1,P=5,V=6"
"Solve this cryptarithm:

    OFT
+ ORTDD
-------
  RPVNO

Each letter stands for a unique digit (0-9). No leading letter can be zero.
Provide a comma separated mapping from letters to digits that satisfies the equation in your final answer. Output format: ""A=1,B=2,C=3"" (without quotes)
","D=2,F=5,N=7,O=8,P=0,R=9,T=6,V=4"
"Solve this cryptarithm:

  FAJ
+ JVF
-----
  XAX

Each letter stands for a unique digit (0-9). No leading letter can be zero.
Provide a comma separated mapping from letters to digits that satisfies the equation in your final answer. Output format: ""A=1,B=2,C=3"" (without quotes)
","A=4,F=7,J=1,V=0,X=8"
"Solve this cryptarithm:

  KQAK
+  DMQ
------
  KDZK

Each letter stands for a unique digit (0-9). No leading letter can be zero.
Provide a comma separated mapping from letters to digits that satisfies the equation in your final answer. Output format: ""A=1,B=2,C=3"" (without quotes)
","A=3,D=4,K=6,M=5,Q=0,Z=8"
"Solve this cryptarithm:

  XLPLR
+   IPR
-------
  XZIJR

Each letter stands for a unique digit (0-9). No leading letter can be zero.
Provide a comma separated mapping from letters to digits that satisfies the equation in your final answer. Output format: ""A=1,B=2,C=3"" (without quotes)
","I=5,J=2,L=3,P=9,R=0,X=6,Z=4"
"Solve this cryptarithm:

  GGPTS
+  XIUJ
-------
  GUTPY

Each letter stands for a unique digit (0-9). No leading letter can be zero.
Provide a comma separated mapping from letters to digits that satisfies the equation in your final answer. Output format: ""A=1,B=2,C=3"" (without quotes)
","G=5,I=0,J=1,P=2,S=6,T=3,U=9,X=4,Y=7"
"Solve this cryptarithm:

   VUXPP
    AAUL
+  OPEAV
--------
  LTXATO

Each letter stands for a unique digit (0-9). No leading letter can be zero.
Provide a comma separated mapping from letters to digits that satisfies the equation in your final answer. Output format: ""A=1,B=2,C=3"" (without quotes)
","A=2,E=4,L=1,O=8,P=0,T=5,U=3,V=7,X=6"
"Solve this cryptarithm:

   BLZ
   ZSA
+ WLCS
------
  LSLL

Each letter stands for a unique digit (0-9). No leading letter can be zero.
Provide a comma separated mapping from letters to digits that satisfies the equation in your final answer. Output format: ""A=1,B=2,C=3"" (without quotes)
","A=1,B=4,C=7,L=6,S=3,W=5,Z=2"
"Solve this cryptarithm:

   RHFH
+ PWRWF
-------
  NFRRF

Each letter stands for a unique digit (0-9). No leading letter can be zero.
Provide a comma separated mapping from letters to digits that satisfies the equation in your final answer. Output format: ""A=1,B=2,C=3"" (without quotes)
","F=4,H=0,N=3,P=2,R=9,W=5"
"Solve this cryptarithm:

  FVOJ
  FVTJ
+  VEY
------
  VJCF

Each letter stands for a unique digit (0-9). No leading letter can be zero.
Provide a comma separated mapping from letters to digits that satisfies the equation in your final answer. Output format: ""A=1,B=2,C=3"" (without quotes)
","C=4,E=1,F=2,J=6,O=9,T=3,V=5,Y=0"
"Solve this cryptarithm:

   WPRS
+  RWES
-------
  ABSWS

Each letter stands for a unique digit (0-9). No leading letter can be zero.
Provide a comma separated mapping from letters to digits that satisfies the equation in your final answer. Output format: ""A=1,B=2,C=3"" (without quotes)
","A=1,B=2,E=5,P=6,R=8,S=0,W=3"
"Solve this cryptarithm:

  PHFEN
    QEH
+   QQE
-------
  PYEYP

Each letter stands for a unique digit (0-9). No leading letter can be zero.
Provide a comma separated mapping from letters to digits that satisfies the equation in your final answer. Output format: ""A=1,B=2,C=3"" (without quotes)
","E=7,F=9,H=1,N=4,P=2,Q=8,Y=3"
"Solve this cryptarithm:

  HDQOM
+  JJOM
-------
  HPPJQ

Each letter stands for a unique digit (0-9). No leading letter can be zero.
Provide a comma separated mapping from letters to digits that satisfies the equation in your final answer. Output format: ""A=1,B=2,C=3"" (without quotes)
","D=5,H=1,J=3,M=7,O=6,P=8,Q=4"
"Solve this cryptarithm:

   GOGTG
   FOGRG
+   OOZO
--------
  ZZOZZK

Each letter stands for a unique digit (0-9). No leading letter can be zero.
Provide a comma separated mapping from letters to digits that satisfies the equation in your final answer. Output format: ""A=1,B=2,C=3"" (without quotes)
","F=2,G=8,K=0,O=4,R=3,T=5,Z=1"
"Solve this cryptarithm:

  ABJM
  ZNAJ
+  JZM
------
  TZPT

Each letter stands for a unique digit (0-9). No leading letter can be zero.
Provide a comma separated mapping from letters to digits that satisfies the equation in your final answer. Output format: ""A=1,B=2,C=3"" (without quotes)
","A=4,B=0,J=8,M=9,N=2,P=5,T=6,Z=1"
"Solve this cryptarithm:

   ERIY
   DYED
+ RPPWW
-------
  UIRRI

Each letter stands for a unique digit (0-9). No leading letter can be zero.
Provide a comma separated mapping from letters to digits that satisfies the equation in your final answer. Output format: ""A=1,B=2,C=3"" (without quotes)
","D=9,E=1,I=5,P=4,R=7,U=8,W=0,Y=6"
"Solve this cryptarithm:

    PJP
+ USVTW
-------
  USUEI

Each letter stands for a unique digit (0-9). No leading letter can be zero.
Provide a comma separated mapping from letters to digits that satisfies the equation in your final answer. Output format: ""A=1,B=2,C=3"" (without quotes)
","E=7,I=6,J=8,P=1,S=0,T=9,U=4,V=2,W=5"
"Solve this cryptarithm:

  YJYN
+ JGJB
------
  BYNJ

Each letter stands for a unique digit (0-9). No leading letter can be zero.
Provide a comma separated mapping from letters to digits that satisfies the equation in your final answer. Output format: ""A=1,B=2,C=3"" (without quotes)
","B=5,G=3,J=1,N=6,Y=4"
"Solve this cryptarithm:

  SKAGB
+   GBC
-------
  SCABA

Each letter stands for a unique digit (0-9). No leading letter can be zero.
Provide a comma separated mapping from letters to digits that satisfies the equation in your final answer. Output format: ""A=1,B=2,C=3"" (without quotes)
","A=0,B=3,C=7,G=9,K=6,S=4"
"Solve this cryptarithm:

  TTUH
+ MAMO
------
  AZJA

Each letter stands for a unique digit (0-9). No leading letter can be zero.
Provide a comma separated mapping from letters to digits that satisfies the equation in your final answer. Output format: ""A=1,B=2,C=3"" (without quotes)
","A=4,H=9,J=8,M=1,O=5,T=3,U=6,Z=7"
"Solve this cryptarithm:

   GWCLS
   SEISW
+    MSO
--------
  BIWCEI

Each letter stands for a unique digit (0-9). No leading letter can be zero.
Provide a comma separated mapping from letters to digits that satisfies the equation in your final answer. Output format: ""A=1,B=2,C=3"" (without quotes)
","B=1,C=3,E=9,G=6,I=5,L=2,M=4,O=7,S=8,W=0"
"Solve this cryptarithm:

   YKKV
  KPKJW
+   VWO
-------
  KJWVK

Each letter stands for a unique digit (0-9). No leading letter can be zero.
Provide a comma separated mapping from letters to digits that satisfies the equation in your final answer. Output format: ""A=1,B=2,C=3"" (without quotes)
","J=8,K=7,O=0,P=4,V=6,W=1,Y=2"
"Solve this cryptarithm:

    CXQ
    LLX
+ CAVLF
-------
  CVVFL

Each letter stands for a unique digit (0-9). No leading letter can be zero.
Provide a comma separated mapping from letters to digits that satisfies the equation in your final answer. Output format: ""A=1,B=2,C=3"" (without quotes)
","A=4,C=2,F=1,L=6,Q=7,V=5,X=8"
"Solve this cryptarithm:

  LFSE
+  MFE
------
  MXJH

Each letter stands for a unique digit (0-9). No leading letter can be zero.
Provide a comma separated mapping from letters to digits that satisfies the equation in your final answer. Output format: ""A=1,B=2,C=3"" (without quotes)
","E=9,F=5,H=8,J=0,L=6,M=7,S=4,X=3"
"Solve this cryptarithm:

    AGZ
  XZVMX
+ KKMKD
-------
  ZVXDY

Each letter stands for a unique digit (0-9). No leading letter can be zero.
Provide a comma separated mapping from letters to digits that satisfies the equation in your final answer. Output format: ""A=1,B=2,C=3"" (without quotes)
","A=7,D=4,G=5,K=1,M=8,V=6,X=2,Y=9,Z=3"
"Solve this cryptarithm:

   EJXL
    KBD
+ DLEVZ
-------
  TTTXL

Each letter stands for a unique digit (0-9). No leading letter can be zero.
Provide a comma separated mapping from letters to digits that satisfies the equation in your final answer. Output format: ""A=1,B=2,C=3"" (without quotes)
","B=9,D=2,E=5,J=1,K=6,L=7,T=3,V=0,X=4,Z=8"
"Solve this cryptarithm:

   RXXOC
   QQXTP
+   PROL
--------
  OXJRQQ

Each letter stands for a unique digit (0-9). No leading letter can be zero.
Provide a comma separated mapping from letters to digits that satisfies the equation in your final answer. Output format: ""A=1,B=2,C=3"" (without quotes)
","C=6,J=5,L=3,O=1,P=8,Q=7,R=2,T=4,X=0"
"Solve this cryptarithm:

   UFIZ
+ MYEQZ
-------
  UUHYZ

Each letter stands for a unique digit (0-9). No leading letter can be zero.
Provide a comma separated mapping from letters to digits that satisfies the equation in your final answer. Output format: ""A=1,B=2,C=3"" (without quotes)
","E=7,F=5,H=2,I=1,M=3,Q=8,U=4,Y=9,Z=0"
"Solve this cryptarithm:

   ZEOJ
+  ZEOU
-------
  UXTZG

Each letter stands for a unique digit (0-9). No leading letter can be zero.
Provide a comma separated mapping from letters to digits that satisfies the equation in your final answer. Output format: ""A=1,B=2,C=3"" (without quotes)
","E=5,G=3,J=2,O=4,T=0,U=1,X=7,Z=8"
"Solve this cryptarithm:

    RFZ
  GZZST
+   TWR
-------
  RLFTO

Each letter stands for a unique digit (0-9). No leading letter can be zero.
Provide a comma separated mapping from letters to digits that satisfies the equation in your final answer. Output format: ""A=1,B=2,C=3"" (without quotes)
","F=3,G=5,L=1,O=2,R=6,S=8,T=7,W=4,Z=9"
"Solve this cryptarithm:

  SUBA
+  ANC
------
  SBUN

Each letter stands for a unique digit (0-9). No leading letter can be zero.
Provide a comma separated mapping from letters to digits that satisfies the equation in your final answer. Output format: ""A=1,B=2,C=3"" (without quotes)
","A=4,B=8,C=1,N=5,S=2,U=3"
"Solve this cryptarithm:

   TVAVA
+  MVTJU
--------
  ULSXLJ

Each letter stands for a unique digit (0-9). No leading letter can be zero.
Provide a comma separated mapping from letters to digits that satisfies the equation in your final answer. Output format: ""A=1,B=2,C=3"" (without quotes)
","A=9,J=0,L=4,M=8,S=7,T=6,U=1,V=3,X=5"
"Solve this cryptarithm:

    LSH
+ XGXSH
-------
  XZOXH

Each letter stands for a unique digit (0-9). No leading letter can be zero.
Provide a comma separated mapping from letters to digits that satisfies the equation in your final answer. Output format: ""A=1,B=2,C=3"" (without quotes)
","G=5,H=0,L=7,O=1,S=2,X=4,Z=6"
"Solve this cryptarithm:

   RYQY
+ ENTEP
-------
  JPEYP

Each letter stands for a unique digit (0-9). No leading letter can be zero.
Provide a comma separated mapping from letters to digits that satisfies the equation in your final answer. Output format: ""A=1,B=2,C=3"" (without quotes)
","E=7,J=8,N=9,P=1,Q=3,R=2,T=6,Y=0"
"Solve this cryptarithm:

   ZJF
+ OTXO
------
  FPOX

Each letter stands for a unique digit (0-9). No leading letter can be zero.
Provide a comma separated mapping from letters to digits that satisfies the equation in your final answer. Output format: ""A=1,B=2,C=3"" (without quotes)
","F=4,J=6,O=3,P=1,T=8,X=7,Z=2"
"Solve this cryptarithm:

   OTAS
    ETT
+ EEOJT
-------
  EJJRS

Each letter stands for a unique digit (0-9). No leading letter can be zero.
Provide a comma separated mapping from letters to digits that satisfies the equation in your final answer. Output format: ""A=1,B=2,C=3"" (without quotes)
","A=1,E=2,J=8,O=6,R=9,S=4,T=0"
"Solve this cryptarithm:

  KJJC
   KXA
+  KTC
------
  EOAA

Each letter stands for a unique digit (0-9). No leading letter can be zero.
Provide a comma separated mapping from letters to digits that satisfies the equation in your final answer. Output format: ""A=1,B=2,C=3"" (without quotes)
","A=8,C=5,E=7,J=1,K=6,O=3,T=4,X=2"
"Solve this cryptarithm:

  MAADW
+   WRM
-------
  MOQPD

Each letter stands for a unique digit (0-9). No leading letter can be zero.
Provide a comma separated mapping from letters to digits that satisfies the equation in your final answer. Output format: ""A=1,B=2,C=3"" (without quotes)
","A=6,D=2,M=9,O=7,P=1,Q=0,R=8,W=3"
"Solve this cryptarithm:

   RKKS
    KSV
+ IXRON
-------
  AVKIO

Each letter stands for a unique digit (0-9). No leading letter can be zero.
Provide a comma separated mapping from letters to digits that satisfies the equation in your final answer. Output format: ""A=1,B=2,C=3"" (without quotes)
","A=5,I=4,K=2,N=3,O=0,R=8,S=1,V=6,X=7"
"Solve this cryptarithm:

  ZMUNZ
   KUFM
+  MZFJ
-------
  KKXFJ

Each letter stands for a unique digit (0-9). No leading letter can be zero.
Provide a comma separated mapping from letters to digits that satisfies the equation in your final answer. Output format: ""A=1,B=2,C=3"" (without quotes)
","F=9,J=1,K=7,M=4,N=0,U=8,X=3,Z=6"
"Solve this cryptarithm:

   XUYD
+  OIKD
-------
  RJURY

Each letter stands for a unique digit (0-9). No leading letter can be zero.
Provide a comma separated mapping from letters to digits that satisfies the equation in your final answer. Output format: ""A=1,B=2,C=3"" (without quotes)
","D=2,I=9,J=5,K=7,O=6,R=1,U=3,X=8,Y=4"
"Solve this cryptarithm:

   PPAB
   PBPR
+ SUUQR
-------
  UPBBH

Each letter stands for a unique digit (0-9). No leading letter can be zero.
Provide a comma separated mapping from letters to digits that satisfies the equation in your final answer. Output format: ""A=1,B=2,C=3"" (without quotes)
","A=7,B=5,H=1,P=6,Q=0,R=8,S=2,U=3"
"Solve this cryptarithm:

    EEJN
   DGSDG
+  EGYFU
--------
  GEGUZD

Each letter stands for a unique digit (0-9). No leading letter can be zero.
Provide a comma separated mapping from letters to digits that satisfies the equation in your final answer. Output format: ""A=1,B=2,C=3"" (without quotes)
","D=9,E=8,F=6,G=1,J=2,N=5,S=0,U=3,Y=4,Z=7"
"Solve this cryptarithm:

  EJEQ
+  BJQ
------
  EBEB

Each letter stands for a unique digit (0-9). No leading letter can be zero.
Provide a comma separated mapping from letters to digits that satisfies the equation in your final answer. Output format: ""A=1,B=2,C=3"" (without quotes)
","B=2,E=3,J=0,Q=1"
"Solve this cryptarithm:

    YLP
+ GGKWA
-------
  GGMYJ

Each letter stands for a unique digit (0-9). No leading letter can be zero.
Provide a comma separated mapping from letters to digits that satisfies the equation in your final answer. Output format: ""A=1,B=2,C=3"" (without quotes)
","A=6,G=8,J=9,K=0,L=4,M=2,P=3,W=7,Y=1"
"Solve this cryptarithm:

   NLNFJ
   BWOBF
+   WWNT
--------
  EOTJNB

Each letter stands for a unique digit (0-9). No leading letter can be zero.
Provide a comma separated mapping from letters to digits that satisfies the equation in your final answer. Output format: ""A=1,B=2,C=3"" (without quotes)
","B=3,E=1,F=6,J=2,L=7,N=9,O=4,T=5,W=8"
"Solve this cryptarithm:

  IBWI
+  VIV
------
  VBJW

Each letter stands for a unique digit (0-9). No leading letter can be zero.
Provide a comma separated mapping from letters to digits that satisfies the equation in your final answer. Output format: ""A=1,B=2,C=3"" (without quotes)
","B=0,I=8,J=6,V=9,W=7"
"Solve this cryptarithm:

   ULQ
+  UWW
------
  HLDJ

Each letter stands for a unique digit (0-9). No leading letter can be zero.
Provide a comma separated mapping from letters to digits that satisfies the equation in your final answer. Output format: ""A=1,B=2,C=3"" (without quotes)
","D=8,H=1,J=2,L=4,Q=9,U=7,W=3"
"Solve this cryptarithm:

    GZW
+ OGNXQ
-------
  OGXNZ

Each letter stands for a unique digit (0-9). No leading letter can be zero.
Provide a comma separated mapping from letters to digits that satisfies the equation in your final answer. Output format: ""A=1,B=2,C=3"" (without quotes)
","G=1,N=7,O=2,Q=3,W=5,X=9,Z=8"
"Solve this cryptarithm:

   TNBW
  LBPMN
+   URF
-------
  LUUWW

Each letter stands for a unique digit (0-9). No leading letter can be zero.
Provide a comma separated mapping from letters to digits that satisfies the equation in your final answer. Output format: ""A=1,B=2,C=3"" (without quotes)
","B=6,F=7,L=2,M=4,N=3,P=5,R=9,T=1,U=8,W=0"
"Solve this cryptarithm:

  YTLQS
+ YQQTQ
-------
  XQAAZ

Each letter stands for a unique digit (0-9). No leading letter can be zero.
Provide a comma separated mapping from letters to digits that satisfies the equation in your final answer. Output format: ""A=1,B=2,C=3"" (without quotes)
","A=8,L=1,Q=7,S=9,T=0,X=4,Y=2,Z=6"
"Solve this cryptarithm:

   IXILE
   OXDLE
+   RSZN
--------
  DOXSZZ

Each letter stands for a unique digit (0-9). No leading letter can be zero.
Provide a comma separated mapping from letters to digits that satisfies the equation in your final answer. Output format: ""A=1,B=2,C=3"" (without quotes)
","D=1,E=2,I=9,L=0,N=3,O=8,R=5,S=6,X=4,Z=7"
"Solve this cryptarithm:

  PMPV
   MWB
+ MPPX
------
  XOBO

Each letter stands for a unique digit (0-9). No leading letter can be zero.
Provide a comma separated mapping from letters to digits that satisfies the equation in your final answer. Output format: ""A=1,B=2,C=3"" (without quotes)
","B=3,M=2,O=9,P=4,V=0,W=5,X=6"
"Solve this cryptarithm:

   OZUUU
   EMZEM
+    EXA
--------
  XOLAEZ

Each letter stands for a unique digit (0-9). No leading letter can be zero.
Provide a comma separated mapping from letters to digits that satisfies the equation in your final answer. Output format: ""A=1,B=2,C=3"" (without quotes)
","A=5,E=9,L=3,M=4,O=6,U=8,X=1,Z=7"
"Solve this cryptarithm:

  SZR
+ ZHF
-----
  RPH

Each letter stands for a unique digit (0-9). No leading letter can be zero.
Provide a comma separated mapping from letters to digits that satisfies the equation in your final answer. Output format: ""A=1,B=2,C=3"" (without quotes)
","F=8,H=5,P=0,R=7,S=2,Z=4"
"Solve this cryptarithm:

  EGXXC
+  UCGO
-------
  GXCWD

Each letter stands for a unique digit (0-9). No leading letter can be zero.
Provide a comma separated mapping from letters to digits that satisfies the equation in your final answer. Output format: ""A=1,B=2,C=3"" (without quotes)
","C=3,D=1,E=5,G=6,O=8,U=4,W=7,X=0"
"Solve this cryptarithm:

    SMF
   XMFE
+ XYWSM
-------
  MXFMF

Each letter stands for a unique digit (0-9). No leading letter can be zero.
Provide a comma separated mapping from letters to digits that satisfies the equation in your final answer. Output format: ""A=1,B=2,C=3"" (without quotes)
","E=8,F=3,M=2,S=6,W=4,X=1,Y=9"
"Solve this cryptarithm:

  WCOYS
   GOFF
+   YFO
-------
  WFCWI

Each letter stands for a unique digit (0-9). No leading letter can be zero.
Provide a comma separated mapping from letters to digits that satisfies the equation in your final answer. Output format: ""A=1,B=2,C=3"" (without quotes)
","C=0,F=6,G=4,I=1,O=7,S=8,W=9,Y=5"
"Solve this cryptarithm:

  KFXE
+ XHSE
------
  ESNS

Each letter stands for a unique digit (0-9). No leading letter can be zero.
Provide a comma separated mapping from letters to digits that satisfies the equation in your final answer. Output format: ""A=1,B=2,C=3"" (without quotes)
","E=8,F=5,H=0,K=1,N=4,S=6,X=7"
"Solve this cryptarithm:

  FHMGT
    TFS
+  WHSD
-------
  FPTTS

Each letter stands for a unique digit (0-9). No leading letter can be zero.
Provide a comma separated mapping from letters to digits that satisfies the equation in your final answer. Output format: ""A=1,B=2,C=3"" (without quotes)
","D=6,F=2,G=0,H=3,M=7,P=9,S=1,T=4,W=5"
"Solve this cryptarithm:

   ZAA
  CLUE
+ OJCE
------
  UCJZ

Each letter stands for a unique digit (0-9). No leading letter can be zero.
Provide a comma separated mapping from letters to digits that satisfies the equation in your final answer. Output format: ""A=1,B=2,C=3"" (without quotes)
","A=9,C=4,E=3,J=0,L=7,O=1,U=6,Z=5"
"Solve this cryptarithm:

   TZRHD
+  ZDDVD
--------
  HTDFTT

Each letter stands for a unique digit (0-9). No leading letter can be zero.
Provide a comma separated mapping from letters to digits that satisfies the equation in your final answer. Output format: ""A=1,B=2,C=3"" (without quotes)
","D=2,F=0,H=1,R=8,T=4,V=3,Z=9"
"Solve this cryptarithm:

  LZCJ
+ HZZZ
------
  ZNYL

Each letter stands for a unique digit (0-9). No leading letter can be zero.
Provide a comma separated mapping from letters to digits that satisfies the equation in your final answer. Output format: ""A=1,B=2,C=3"" (without quotes)
","C=5,H=2,J=8,L=1,N=6,Y=9,Z=3"
"Solve this cryptarithm:

   NGLEQ
    MENE
+   RLNP
--------
  WGMWMG

Each letter stands for a unique digit (0-9). No leading letter can be zero.
Provide a comma separated mapping from letters to digits that satisfies the equation in your final answer. Output format: ""A=1,B=2,C=3"" (without quotes)
","E=5,G=0,L=7,M=4,N=9,P=2,Q=3,R=8,W=1"
"Solve this cryptarithm:

  JNFJB
+  JRIT
-------
  JINDT

Each letter stands for a unique digit (0-9). No leading letter can be zero.
Provide a comma separated mapping from letters to digits that satisfies the equation in your final answer. Output format: ""A=1,B=2,C=3"" (without quotes)
","B=0,D=6,F=2,I=9,J=7,N=1,R=8,T=5"
"Solve this cryptarithm:

  LLDM
+  INN
------
  SMIL

Each letter stands for a unique digit (0-9). No leading letter can be zero.
Provide a comma separated mapping from letters to digits that satisfies the equation in your final answer. Output format: ""A=1,B=2,C=3"" (without quotes)
","D=7,I=3,L=8,M=2,N=6,S=9"
"Solve this cryptarithm:

   IMFW
   TWFK
+  AKMW
-------
  DNSNA

Each letter stands for a unique digit (0-9). No leading letter can be zero.
Provide a comma separated mapping from letters to digits that satisfies the equation in your final answer. Output format: ""A=1,B=2,C=3"" (without quotes)
","A=3,D=1,F=5,I=2,K=7,M=4,N=6,S=0,T=9,W=8"
"Solve this cryptarithm:

  QCQLT
+  IIEG
-------
  QITIL

Each letter stands for a unique digit (0-9). No leading letter can be zero.
Provide a comma separated mapping from letters to digits that satisfies the equation in your final answer. Output format: ""A=1,B=2,C=3"" (without quotes)
","C=0,E=8,G=7,I=1,L=2,Q=3,T=5"
"Solve this cryptarithm:

    GVA
+ ALGLP
-------
  ALLGZ

Each letter stands for a unique digit (0-9). No leading letter can be zero.
Provide a comma separated mapping from letters to digits that satisfies the equation in your final answer. Output format: ""A=1,B=2,C=3"" (without quotes)
","A=9,G=3,L=7,P=2,V=5,Z=1"
"Solve this cryptarithm:

     IXD
    MLXV
+  HXHHM
--------
  CDLCMI

Each letter stands for a unique digit (0-9). No leading letter can be zero.
Provide a comma separated mapping from letters to digits that satisfies the equation in your final answer. Output format: ""A=1,B=2,C=3"" (without quotes)
","C=1,D=0,H=9,I=8,L=2,M=3,V=5,X=7"
"Solve this cryptarithm:

  CDBCL
+ XMBTM
-------
  MOMDM

Each letter stands for a unique digit (0-9). No leading letter can be zero.
Provide a comma separated mapping from letters to digits that satisfies the equation in your final answer. Output format: ""A=1,B=2,C=3"" (without quotes)
","B=8,C=5,D=1,L=0,M=7,O=9,T=6,X=2"
"Solve this cryptarithm:

   UVN
+ MNTM
------
  MVMG

Each letter stands for a unique digit (0-9). No leading letter can be zero.
Provide a comma separated mapping from letters to digits that satisfies the equation in your final answer. Output format: ""A=1,B=2,C=3"" (without quotes)
","G=1,M=9,N=2,T=0,U=6,V=8"
"Solve this cryptarithm:

  VUIHN
+  JLLJ
-------
  VHIHE

Each letter stands for a unique digit (0-9). No leading letter can be zero.
Provide a comma separated mapping from letters to digits that satisfies the equation in your final answer. Output format: ""A=1,B=2,C=3"" (without quotes)
","E=7,H=8,I=4,J=6,L=0,N=1,U=2,V=3"
"Solve this cryptarithm:

   JLHH
    IJH
+  OOLH
-------
  IAJLO

Each letter stands for a unique digit (0-9). No leading letter can be zero.
Provide a comma separated mapping from letters to digits that satisfies the equation in your final answer. Output format: ""A=1,B=2,C=3"" (without quotes)
","A=4,H=2,I=1,J=8,L=0,O=6"
"Solve this cryptarithm:

  XELLI
+ WEHGJ
-------
  HIXLP

Each letter stands for a unique digit (0-9). No leading letter can be zero.
Provide a comma separated mapping from letters to digits that satisfies the equation in your final answer. Output format: ""A=1,B=2,C=3"" (without quotes)
","E=5,G=0,H=9,I=1,J=3,L=7,P=4,W=2,X=6"
"Solve this cryptarithm:

   LBQL
   GGGB
+   OYQ
-------
  AAGQN

Each letter stands for a unique digit (0-9). No leading letter can be zero.
Provide a comma separated mapping from letters to digits that satisfies the equation in your final answer. Output format: ""A=1,B=2,C=3"" (without quotes)
","A=1,B=2,G=6,L=4,N=5,O=7,Q=9,Y=3"
"Solve this cryptarithm:

   JCGC
+ HPSJJ
-------
  JKKJS

Each letter stands for a unique digit (0-9). No leading letter can be zero.
Provide a comma separated mapping from letters to digits that satisfies the equation in your final answer. Output format: ""A=1,B=2,C=3"" (without quotes)
","C=2,G=9,H=7,J=8,K=3,P=5,S=0"
"Solve this cryptarithm:

  ZZJVK
+   EEE
-------
  ZVZBJ

Each letter stands for a unique digit (0-9). No leading letter can be zero.
Provide a comma separated mapping from letters to digits that satisfies the equation in your final answer. Output format: ""A=1,B=2,C=3"" (without quotes)
","B=2,E=7,J=5,K=8,V=4,Z=3"
"Solve this cryptarithm:

   CUKR
+  ZKUZ
-------
  FCWWK

Each letter stands for a unique digit (0-9). No leading letter can be zero.
Provide a comma separated mapping from letters to digits that satisfies the equation in your final answer. Output format: ""A=1,B=2,C=3"" (without quotes)
","C=5,F=1,K=6,R=7,U=3,W=0,Z=9"
"Solve this cryptarithm:

   ZCIZ
  DKNNI
+   OOZ
-------
  RRZDO

Each letter stands for a unique digit (0-9). No leading letter can be zero.
Provide a comma separated mapping from letters to digits that satisfies the equation in your final answer. Output format: ""A=1,B=2,C=3"" (without quotes)
","C=9,D=1,I=7,K=6,N=8,O=5,R=2,Z=4"
"Solve this cryptarithm:

   FGDH
+ UKEDE
-------
  HNEFL

Each letter stands for a unique digit (0-9). No leading letter can be zero.
Provide a comma separated mapping from letters to digits that satisfies the equation in your final answer. Output format: ""A=1,B=2,C=3"" (without quotes)
","D=2,E=4,F=5,G=0,H=7,K=8,L=1,N=3,U=6"
"Solve this cryptarithm:

    MGE
  YMEFY
+  BEMI
-------
  YFEVQ

Each letter stands for a unique digit (0-9). No leading letter can be zero.
Provide a comma separated mapping from letters to digits that satisfies the equation in your final answer. Output format: ""A=1,B=2,C=3"" (without quotes)
","B=2,E=3,F=8,G=7,I=4,M=5,Q=6,V=1,Y=9"
"Solve this cryptarithm:

   OQOP
   FDRQ
+ POOPO
-------
  ABRBO

Each letter stands for a unique digit (0-9). No leading letter can be zero.
Provide a comma separated mapping from letters to digits that satisfies the equation in your final answer. Output format: ""A=1,B=2,C=3"" (without quotes)
","A=2,B=8,D=5,F=4,O=6,P=1,Q=9,R=0"
"Solve this cryptarithm:

  ZVZG
+  JJX
------
  ZWMM

Each letter stands for a unique digit (0-9). No leading letter can be zero.
Provide a comma separated mapping from letters to digits that satisfies the equation in your final answer. Output format: ""A=1,B=2,C=3"" (without quotes)
","G=2,J=3,M=7,V=6,W=9,X=5,Z=4"
"Solve this cryptarithm:

  ZYLSX
+   NYC
-------
  ZYMZM

Each letter stands for a unique digit (0-9). No leading letter can be zero.
Provide a comma separated mapping from letters to digits that satisfies the equation in your final answer. Output format: ""A=1,B=2,C=3"" (without quotes)
","C=9,L=1,M=5,N=4,S=0,X=6,Y=2,Z=3"
"Solve this cryptarithm:

   FOH
+ FFHD
------
  MHOD

Each letter stands for a unique digit (0-9). No leading letter can be zero.
Provide a comma separated mapping from letters to digits that satisfies the equation in your final answer. Output format: ""A=1,B=2,C=3"" (without quotes)
","D=3,F=5,H=0,M=6,O=1"
"Solve this cryptarithm:

   ZCW
   VCN
+ VIIC
------
  NICT

Each letter stands for a unique digit (0-9). No leading letter can be zero.
Provide a comma separated mapping from letters to digits that satisfies the equation in your final answer. Output format: ""A=1,B=2,C=3"" (without quotes)
","C=2,I=7,N=9,T=6,V=8,W=5,Z=1"
"Solve this cryptarithm:

    BLU
+ VUUIP
-------
  VULHG

Each letter stands for a unique digit (0-9). No leading letter can be zero.
Provide a comma separated mapping from letters to digits that satisfies the equation in your final answer. Output format: ""A=1,B=2,C=3"" (without quotes)
","B=6,G=3,H=7,I=9,L=8,P=2,U=1,V=4"
"Solve this cryptarithm:

  LXCW
+  EUX
------
  XUGG

Each letter stands for a unique digit (0-9). No leading letter can be zero.
Provide a comma separated mapping from letters to digits that satisfies the equation in your final answer. Output format: ""A=1,B=2,C=3"" (without quotes)
","C=6,E=8,G=7,L=2,U=1,W=4,X=3"
"Solve this cryptarithm:

  YPFVY
   RZZV
+   FEZ
-------
  ENZRN

Each letter stands for a unique digit (0-9). No leading letter can be zero.
Provide a comma separated mapping from letters to digits that satisfies the equation in your final answer. Output format: ""A=1,B=2,C=3"" (without quotes)
","E=9,F=4,N=0,P=6,R=3,V=7,Y=8,Z=5"
"Solve this cryptarithm:

  DMLMH
  XUORH
+  MMOB
-------
  HBLBM

Each letter stands for a unique digit (0-9). No leading letter can be zero.
Provide a comma separated mapping from letters to digits that satisfies the equation in your final answer. Output format: ""A=1,B=2,C=3"" (without quotes)
","B=5,D=7,H=9,L=0,M=3,O=6,R=4,U=8,X=1"
"Solve this cryptarithm:

  KQRQF
+ VRQXQ
-------
  XRRXF

Each letter stands for a unique digit (0-9). No leading letter can be zero.
Provide a comma separated mapping from letters to digits that satisfies the equation in your final answer. Output format: ""A=1,B=2,C=3"" (without quotes)
","F=5,K=2,Q=0,R=8,V=4,X=6"
"Solve this cryptarithm:

  SVSQD
   VDTF
+ VXSCU
-------
  TUTUD

Each letter stands for a unique digit (0-9). No leading letter can be zero.
Provide a comma separated mapping from letters to digits that satisfies the equation in your final answer. Output format: ""A=1,B=2,C=3"" (without quotes)
","C=5,D=6,F=2,Q=3,S=1,T=9,U=8,V=7,X=4"
"Solve this cryptarithm:

   JILM
  FWLYC
+  WICI
-------
  ICYXX

Each letter stands for a unique digit (0-9). No leading letter can be zero.
Provide a comma separated mapping from letters to digits that satisfies the equation in your final answer. Output format: ""A=1,B=2,C=3"" (without quotes)
","C=6,F=2,I=3,J=1,L=8,M=0,W=7,X=9,Y=5"
"Solve this cryptarithm:

   KVVT
+ WCKHM
-------
  XTKHC

Each letter stands for a unique digit (0-9). No leading letter can be zero.
Provide a comma separated mapping from letters to digits that satisfies the equation in your final answer. Output format: ""A=1,B=2,C=3"" (without quotes)
","C=9,H=5,K=7,M=3,T=6,V=0,W=1,X=2"
"Solve this cryptarithm:

   OLG
   AMO
+ OFIL
------
  DFGI

Each letter stands for a unique digit (0-9). No leading letter can be zero.
Provide a comma separated mapping from letters to digits that satisfies the equation in your final answer. Output format: ""A=1,B=2,C=3"" (without quotes)
","A=5,D=4,F=6,G=0,I=2,L=9,M=8,O=3"
"Solve this cryptarithm:

  XUSD
+  YXD
------
  BXZA

Each letter stands for a unique digit (0-9). No leading letter can be zero.
Provide a comma separated mapping from letters to digits that satisfies the equation in your final answer. Output format: ""A=1,B=2,C=3"" (without quotes)
","A=8,B=2,D=9,S=3,U=7,X=1,Y=4,Z=5"
"Solve this cryptarithm:

  DYWDU
+  UUGG
-------
  DDYGJ

Each letter stands for a unique digit (0-9). No leading letter can be zero.
Provide a comma separated mapping from letters to digits that satisfies the equation in your final answer. Output format: ""A=1,B=2,C=3"" (without quotes)
","D=9,G=8,J=2,U=4,W=0,Y=5"
"Solve this cryptarithm:

   BRGHH
     HGB
+  QEWBP
--------
  TSWEES

Each letter stands for a unique digit (0-9). No leading letter can be zero.
Provide a comma separated mapping from letters to digits that satisfies the equation in your final answer. Output format: ""A=1,B=2,C=3"" (without quotes)
","B=9,E=0,G=7,H=3,P=2,Q=5,R=6,S=4,T=1,W=8"
"Solve this cryptarithm:

   OTGA
  OOZZN
+  WPWE
-------
  PAKGA

Each letter stands for a unique digit (0-9). No leading letter can be zero.
Provide a comma separated mapping from letters to digits that satisfies the equation in your final answer. Output format: ""A=1,B=2,C=3"" (without quotes)
","A=5,E=2,G=7,K=6,N=8,O=3,P=4,T=1,W=9,Z=0"
"Solve this cryptarithm:

    YFF
  VTGRW
+  RYTW
-------
  PTFWY

Each letter stands for a unique digit (0-9). No leading letter can be zero.
Provide a comma separated mapping from letters to digits that satisfies the equation in your final answer. Output format: ""A=1,B=2,C=3"" (without quotes)
","F=5,G=0,P=4,R=9,T=1,V=3,W=6,Y=7"
"Solve this cryptarithm:

   RTC
+ ZERZ
------
  KETD

Each letter stands for a unique digit (0-9). No leading letter can be zero.
Provide a comma separated mapping from letters to digits that satisfies the equation in your final answer. Output format: ""A=1,B=2,C=3"" (without quotes)
","C=4,D=0,E=3,K=7,R=9,T=8,Z=6"
"Solve this cryptarithm:

   HHGT
+ DOSDO
-------
  DTOOP

Each letter stands for a unique digit (0-9). No leading letter can be zero.
Provide a comma separated mapping from letters to digits that satisfies the equation in your final answer. Output format: ""A=1,B=2,C=3"" (without quotes)
","D=8,G=5,H=2,O=4,P=0,S=1,T=6"
"Solve this cryptarithm:

   NYDT
+  DNOW
-------
  DSHWY

Each letter stands for a unique digit (0-9). No leading letter can be zero.
Provide a comma separated mapping from letters to digits that satisfies the equation in your final answer. Output format: ""A=1,B=2,C=3"" (without quotes)
","D=1,H=7,N=8,O=2,S=0,T=6,W=3,Y=9"
"Solve this cryptarithm:

  SGRYH
+   ZSE
-------
  SHRRR

Each letter stands for a unique digit (0-9). No leading letter can be zero.
Provide a comma separated mapping from letters to digits that satisfies the equation in your final answer. Output format: ""A=1,B=2,C=3"" (without quotes)
","E=7,G=3,H=4,R=1,S=8,Y=2,Z=9"
"Solve this cryptarithm:

   HJJ
+  JNY
------
  GYSO

Each letter stands for a unique digit (0-9). No leading letter can be zero.
Provide a comma separated mapping from letters to digits that satisfies the equation in your final answer. Output format: ""A=1,B=2,C=3"" (without quotes)
","G=1,H=7,J=6,N=8,O=0,S=5,Y=4"
"Solve this cryptarithm:

  GFKYW
    FGK
+   WWG
-------
  GQKXQ

Each letter stands for a unique digit (0-9). No leading letter can be zero.
Provide a comma separated mapping from letters to digits that satisfies the equation in your final answer. Output format: ""A=1,B=2,C=3"" (without quotes)
","F=8,G=5,K=3,Q=9,W=1,X=0,Y=4"
"Solve this cryptarithm:

   QMLY
    LOO
+ LAATQ
-------
  JQYTT

Each letter stands for a unique digit (0-9). No leading letter can be zero.
Provide a comma separated mapping from letters to digits that satisfies the equation in your final answer. Output format: ""A=1,B=2,C=3"" (without quotes)
","A=8,J=3,L=2,M=9,O=7,Q=4,T=1,Y=0"
"Solve this cryptarithm:

   OOSW
  ILTWW
+   XWS
-------
  LXWLL

Each letter stands for a unique digit (0-9). No leading letter can be zero.
Provide a comma separated mapping from letters to digits that satisfies the equation in your final answer. Output format: ""A=1,B=2,C=3"" (without quotes)
","I=3,L=4,O=6,S=0,T=5,W=2,X=1"
"Solve this cryptarithm:

  PWBE
  RMPJ
+  PPP
------
  JAGY

Each letter stands for a unique digit (0-9). No leading letter can be zero.
Provide a comma separated mapping from letters to digits that satisfies the equation in your final answer. Output format: ""A=1,B=2,C=3"" (without quotes)
","A=4,B=0,E=8,G=7,J=5,M=2,P=3,R=1,W=9,Y=6"
"Solve this cryptarithm:

  TQMBC
+  BTZZ
-------
  BSSTP

Each letter stands for a unique digit (0-9). No leading letter can be zero.
Provide a comma separated mapping from letters to digits that satisfies the equation in your final answer. Output format: ""A=1,B=2,C=3"" (without quotes)
","B=4,C=9,M=6,P=7,Q=5,S=0,T=3,Z=8"
"Solve this cryptarithm:

    YEN
  KXEKL
+  XFNG
-------
  KNCKV

Each letter stands for a unique digit (0-9). No leading letter can be zero.
Provide a comma separated mapping from letters to digits that satisfies the equation in your final answer. Output format: ""A=1,B=2,C=3"" (without quotes)
","C=8,E=7,F=4,G=0,K=9,L=2,N=3,V=5,X=1,Y=6"
"Solve this cryptarithm:

   MAHX
    MMJ
+ HYXMI
-------
  AIYXJ

Each letter stands for a unique digit (0-9). No leading letter can be zero.
Provide a comma separated mapping from letters to digits that satisfies the equation in your final answer. Output format: ""A=1,B=2,C=3"" (without quotes)
","A=5,H=4,I=1,J=0,M=7,X=9,Y=2"
"Solve this cryptarithm:

    QIQ
+ JGIZT
-------
  ZXTCJ

Each letter stands for a unique digit (0-9). No leading letter can be zero.
Provide a comma separated mapping from letters to digits that satisfies the equation in your final answer. Output format: ""A=1,B=2,C=3"" (without quotes)
","C=4,G=9,I=8,J=5,Q=3,T=2,X=0,Z=6"
"Solve this cryptarithm:

    CDO
  DDWIK
+  IDNU
-------
  DNHIU

Each letter stands for a unique digit (0-9). No leading letter can be zero.
Provide a comma separated mapping from letters to digits that satisfies the equation in your final answer. Output format: ""A=1,B=2,C=3"" (without quotes)
","C=9,D=3,H=0,I=1,K=2,N=6,O=8,U=4,W=7"
"Solve this cryptarithm:

  EQW
+ FBF
-----
  YBB

Each letter stands for a unique digit (0-9). No leading letter can be zero.
Provide a comma separated mapping from letters to digits that satisfies the equation in your final answer. Output format: ""A=1,B=2,C=3"" (without quotes)
","B=0,E=2,F=4,Q=9,W=6,Y=7"
"Solve this cryptarithm:

   BLSB
  MDGLO
+   BBH
-------
  MMODC

Each letter stands for a unique digit (0-9). No leading letter can be zero.
Provide a comma separated mapping from letters to digits that satisfies the equation in your final answer. Output format: ""A=1,B=2,C=3"" (without quotes)
","B=3,C=6,D=4,G=0,H=8,L=1,M=7,O=5,S=9"
"Solve this cryptarithm:

  POKDO
+   DDK
-------
  PDKDU

Each letter stands for a unique digit (0-9). No leading letter can be zero.
Provide a comma separated mapping from letters to digits that satisfies the equation in your final answer. Output format: ""A=1,B=2,C=3"" (without quotes)
","D=9,K=3,O=8,P=4,U=1"
"Solve this cryptarithm:

   NXQR
+  ANNB
-------
  MLENE

Each letter stands for a unique digit (0-9). No leading letter can be zero.
Provide a comma separated mapping from letters to digits that satisfies the equation in your final answer. Output format: ""A=1,B=2,C=3"" (without quotes)
","A=8,B=7,E=9,L=3,M=1,N=5,Q=0,R=2,X=4"
"Solve this cryptarithm:

   MEAL
  BASMB
+ DRSPA
-------
  AIILP

Each letter stands for a unique digit (0-9). No leading letter can be zero.
Provide a comma separated mapping from letters to digits that satisfies the equation in your final answer. Output format: ""A=1,B=2,C=3"" (without quotes)
","A=9,B=3,D=5,E=1,I=7,L=4,M=8,P=6,R=0,S=2"
"Solve this cryptarithm:

   BPCBT
+  ULCUZ
--------
  ILBILB

Each letter stands for a unique digit (0-9). No leading letter can be zero.
Provide a comma separated mapping from letters to digits that satisfies the equation in your final answer. Output format: ""A=1,B=2,C=3"" (without quotes)
","B=9,C=0,I=1,L=6,P=3,T=5,U=7,Z=4"
"Solve this cryptarithm:

   DSHIK
+  EYYET
--------
  DHTIIS

Each letter stands for a unique digit (0-9). No leading letter can be zero.
Provide a comma separated mapping from letters to digits that satisfies the equation in your final answer. Output format: ""A=1,B=2,C=3"" (without quotes)
","D=1,E=9,H=0,I=7,K=4,S=2,T=8,Y=6"
"Solve this cryptarithm:

  XTT
  EAB
+ NGA
-----
  UHN

Each letter stands for a unique digit (0-9). No leading letter can be zero.
Provide a comma separated mapping from letters to digits that satisfies the equation in your final answer. Output format: ""A=1,B=2,C=3"" (without quotes)
","A=6,B=9,E=3,G=5,H=0,N=2,T=7,U=8,X=1"
"Solve this cryptarithm:

   ZQSM
    ASC
+  JAJF
-------
  SOOFO

Each letter stands for a unique digit (0-9). No leading letter can be zero.
Provide a comma separated mapping from letters to digits that satisfies the equation in your final answer. Output format: ""A=1,B=2,C=3"" (without quotes)
","A=6,C=4,F=9,J=5,M=7,O=0,Q=8,S=1,Z=3"
"Solve this cryptarithm:

  MWHR
+  ABH
------
  PBMH

Each letter stands for a unique digit (0-9). No leading letter can be zero.
Provide a comma separated mapping from letters to digits that satisfies the equation in your final answer. Output format: ""A=1,B=2,C=3"" (without quotes)
","A=7,B=3,H=8,M=1,P=2,R=0,W=5"
"Solve this cryptarithm:

  EKKQE
+   SIT
-------
  KQONO

Each letter stands for a unique digit (0-9). No leading letter can be zero.
Provide a comma separated mapping from letters to digits that satisfies the equation in your final answer. Output format: ""A=1,B=2,C=3"" (without quotes)
","E=8,I=2,K=9,N=3,O=4,Q=0,S=5,T=6"
"Solve this cryptarithm:

   CPKK
   AKAQ
+ FCNRZ
-------
  ACCCN

Each letter stands for a unique digit (0-9). No leading letter can be zero.
Provide a comma separated mapping from letters to digits that satisfies the equation in your final answer. Output format: ""A=1,B=2,C=3"" (without quotes)
","A=6,C=3,F=5,K=4,N=0,P=8,Q=9,R=1,Z=7"
"Solve this cryptarithm:

  FFD
+ PFL
-----
  LLE

Each letter stands for a unique digit (0-9). No leading letter can be zero.
Provide a comma separated mapping from letters to digits that satisfies the equation in your final answer. Output format: ""A=1,B=2,C=3"" (without quotes)
","D=9,E=6,F=3,L=7,P=4"
"Solve this cryptarithm:

  GDDA
   ONF
+  PVA
------
  PGGF

Each letter stands for a unique digit (0-9). No leading letter can be zero.
Provide a comma separated mapping from letters to digits that satisfies the equation in your final answer. Output format: ""A=1,B=2,C=3"" (without quotes)
","A=0,D=1,F=5,G=6,N=2,O=8,P=7,V=3"
"Solve this cryptarithm:

   QQUOQ
   QKFUR
+   XOKW
--------
  YWUXOW

Each letter stands for a unique digit (0-9). No leading letter can be zero.
Provide a comma separated mapping from letters to digits that satisfies the equation in your final answer. Output format: ""A=1,B=2,C=3"" (without quotes)
","F=5,K=6,O=8,Q=9,R=1,U=3,W=0,X=7,Y=2"
"Solve this cryptarithm:

     SZN
   CYDBG
+  DDGSS
--------
  NSDLZN

Each letter stands for a unique digit (0-9). No leading letter can be zero.
Provide a comma separated mapping from letters to digits that satisfies the equation in your final answer. Output format: ""A=1,B=2,C=3"" (without quotes)
","B=6,C=8,D=4,G=7,L=5,N=1,S=3,Y=9,Z=2"
"Solve this cryptarithm:

  VNZZL
+ ZZVQZ
-------
  FJFVA

Each letter stands for a unique digit (0-9). No leading letter can be zero.
Provide a comma separated mapping from letters to digits that satisfies the equation in your final answer. Output format: ""A=1,B=2,C=3"" (without quotes)
","A=4,F=6,J=0,L=1,N=7,Q=9,V=2,Z=3"
"Solve this cryptarithm:

   LXYX
+ IKPYP
-------
  OKUZU

Each letter stands for a unique digit (0-9). No leading letter can be zero.
Provide a comma separated mapping from letters to digits that satisfies the equation in your final answer. Output format: ""A=1,B=2,C=3"" (without quotes)
","I=5,K=7,L=9,O=6,P=4,U=2,X=8,Y=1,Z=3"
"Solve this cryptarithm:

   FGSU
  TWTFG
+ TUGSU
-------
  ZWZGT

Each letter stands for a unique digit (0-9). No leading letter can be zero.
Provide a comma separated mapping from letters to digits that satisfies the equation in your final answer. Output format: ""A=1,B=2,C=3"" (without quotes)
","F=4,G=1,S=8,T=3,U=6,W=9,Z=7"
"Solve this cryptarithm:

   PWPOX
+  LPNPR
--------
  TMNPXL

Each letter stands for a unique digit (0-9). No leading letter can be zero.
Provide a comma separated mapping from letters to digits that satisfies the equation in your final answer. Output format: ""A=1,B=2,C=3"" (without quotes)
","L=7,M=2,N=0,O=3,P=4,R=9,T=1,W=6,X=8"
"Solve this cryptarithm:

  QTJCQ
+  OFFJ
-------
  TTUJC

Each letter stands for a unique digit (0-9). No leading letter can be zero.
Provide a comma separated mapping from letters to digits that satisfies the equation in your final answer. Output format: ""A=1,B=2,C=3"" (without quotes)
","C=2,F=4,J=7,O=9,Q=5,T=6,U=1"
"Solve this cryptarithm:

    JTG
  TMSSG
+   TMM
-------
  TRSMF

Each letter stands for a unique digit (0-9). No leading letter can be zero.
Provide a comma separated mapping from letters to digits that satisfies the equation in your final answer. Output format: ""A=1,B=2,C=3"" (without quotes)
","F=4,G=9,J=1,M=6,R=7,S=0,T=8"
"Solve this cryptarithm:

   RZZZS
    RLCK
+  VZRZS
--------
  ZSNEES

Each letter stands for a unique digit (0-9). No leading letter can be zero.
Provide a comma separated mapping from letters to digits that satisfies the equation in your final answer. Output format: ""A=1,B=2,C=3"" (without quotes)
","C=7,E=0,K=6,L=3,N=8,R=5,S=4,V=9,Z=1"
"Solve this cryptarithm:

    NXX
+ CHIWZ
-------
  CLLDH

Each letter stands for a unique digit (0-9). No leading letter can be zero.
Provide a comma separated mapping from letters to digits that satisfies the equation in your final answer. Output format: ""A=1,B=2,C=3"" (without quotes)
","C=6,D=8,H=3,I=5,L=4,N=9,W=7,X=1,Z=2"
"Solve this cryptarithm:

  LMLY
+ QLLS
------
  VLYS

Each letter stands for a unique digit (0-9). No leading letter can be zero.
Provide a comma separated mapping from letters to digits that satisfies the equation in your final answer. Output format: ""A=1,B=2,C=3"" (without quotes)
","L=5,M=9,Q=2,S=6,V=8,Y=0"
"Solve this cryptarithm:

  KGJTW
+   CGP
-------
  WTFTT

Each letter stands for a unique digit (0-9). No leading letter can be zero.
Provide a comma separated mapping from letters to digits that satisfies the equation in your final answer. Output format: ""A=1,B=2,C=3"" (without quotes)
","C=2,F=1,G=9,J=8,K=6,P=3,T=0,W=7"
"Solve this cryptarithm:

   ZHI
+ IHHI
------
  IGPY

Each letter stands for a unique digit (0-9). No leading letter can be zero.
Provide a comma separated mapping from letters to digits that satisfies the equation in your final answer. Output format: ""A=1,B=2,C=3"" (without quotes)
","G=9,H=1,I=5,P=3,Y=0,Z=8"
"Solve this cryptarithm:

   NNNXR
+    XSR
--------
  SKKXKV

Each letter stands for a unique digit (0-9). No leading letter can be zero.
Provide a comma separated mapping from letters to digits that satisfies the equation in your final answer. Output format: ""A=1,B=2,C=3"" (without quotes)
","K=0,N=9,R=6,S=1,V=2,X=8"
"Solve this cryptarithm:

   KNLD
   ANAM
+ KLMKD
-------
  LGMGG

Each letter stands for a unique digit (0-9). No leading letter can be zero.
Provide a comma separated mapping from letters to digits that satisfies the equation in your final answer. Output format: ""A=1,B=2,C=3"" (without quotes)
","A=3,D=1,G=0,K=7,L=9,M=8,N=4"
"Solve this cryptarithm:

     ZVN
    VSLE
+  LKZRW
--------
  WNKNNR

Each letter stands for a unique digit (0-9). No leading letter can be zero.
Provide a comma separated mapping from letters to digits that satisfies the equation in your final answer. Output format: ""A=1,B=2,C=3"" (without quotes)
","E=2,K=6,L=9,N=0,R=3,S=4,V=8,W=1,Z=7"
"Solve this cryptarithm:

    RDR
    FTW
+  JRTR
-------
  CARTR

Each letter stands for a unique digit (0-9). No leading letter can be zero.
Provide a comma separated mapping from letters to digits that satisfies the equation in your final answer. Output format: ""A=1,B=2,C=3"" (without quotes)
","A=0,C=1,D=7,F=5,J=9,R=4,T=2,W=6"
"Solve this cryptarithm:

  CCAYH
   AHMA
+   CYI
-------
  ABBCA

Each letter stands for a unique digit (0-9). No leading letter can be zero.
Provide a comma separated mapping from letters to digits that satisfies the equation in your final answer. Output format: ""A=1,B=2,C=3"" (without quotes)
","A=7,B=4,C=6,H=1,I=9,M=5,Y=0"
"Solve this cryptarithm:

    EGH
    QLL
+ ULDLM
-------
  QHZNE

Each letter stands for a unique digit (0-9). No leading letter can be zero.
Provide a comma separated mapping from letters to digits that satisfies the equation in your final answer. Output format: ""A=1,B=2,C=3"" (without quotes)
","D=7,E=5,G=2,H=0,L=9,M=6,N=1,Q=4,U=3,Z=8"
"Solve this cryptarithm:

  RSAUR
    YER
+   SYA
-------
  JBBYB

Each letter stands for a unique digit (0-9). No leading letter can be zero.
Provide a comma separated mapping from letters to digits that satisfies the equation in your final answer. Output format: ""A=1,B=2,C=3"" (without quotes)
","A=2,B=0,E=6,J=5,R=4,S=8,U=3,Y=9"
"Solve this cryptarithm:

   KYX
+ YJXJ
------
  YETE

Each letter stands for a unique digit (0-9). No leading letter can be zero.
Provide a comma separated mapping from letters to digits that satisfies the equation in your final answer. Output format: ""A=1,B=2,C=3"" (without quotes)
","E=8,J=1,K=6,T=2,X=7,Y=5"
"Solve this cryptarithm:

   PIDHN
   HDVPN
+  RIRVU
--------
  UMNPUI

Each letter stands for a unique digit (0-9). No leading letter can be zero.
Provide a comma separated mapping from letters to digits that satisfies the equation in your final answer. Output format: ""A=1,B=2,C=3"" (without quotes)
","D=3,H=5,I=7,M=4,N=8,P=6,R=2,U=1,V=9"
"Solve this cryptarithm:

    DBD
    QSQ
+ HTNSN
-------
  HSQTX

Each letter stands for a unique digit (0-9). No leading letter can be zero.
Provide a comma separated mapping from letters to digits that satisfies the equation in your final answer. Output format: ""A=1,B=2,C=3"" (without quotes)
","B=2,D=1,H=9,N=8,Q=4,S=6,T=5,X=3"
"Solve this cryptarithm:

  YZEYG
  VTTBF
+   EVD
-------
  DFFVF

Each letter stands for a unique digit (0-9). No leading letter can be zero.
Provide a comma separated mapping from letters to digits that satisfies the equation in your final answer. Output format: ""A=1,B=2,C=3"" (without quotes)
","B=5,D=8,E=6,F=0,G=2,T=7,V=3,Y=4,Z=1"
"Solve this cryptarithm:

   IWQW
+  QFIW
-------
  FWQWD

Each letter stands for a unique digit (0-9). No leading letter can be zero.
Provide a comma separated mapping from letters to digits that satisfies the equation in your final answer. Output format: ""A=1,B=2,C=3"" (without quotes)
","D=6,F=1,I=8,Q=5,W=3"
"Solve this cryptarithm:

   QZZC
+ ONPHP
-------
  WXNZU

Each letter stands for a unique digit (0-9). No leading letter can be zero.
Provide a comma separated mapping from letters to digits that satisfies the equation in your final answer. Output format: ""A=1,B=2,C=3"" (without quotes)
","C=4,H=0,N=2,O=5,P=3,Q=8,U=7,W=6,X=1,Z=9"
"Solve this cryptarithm:

   OWP
+ HAPO
------
  CAHC

Each letter stands for a unique digit (0-9). No leading letter can be zero.
Provide a comma separated mapping from letters to digits that satisfies the equation in your final answer. Output format: ""A=1,B=2,C=3"" (without quotes)
","A=1,C=3,H=2,O=9,P=4,W=7"
"Solve this cryptarithm:

   UYJP
+ OHAPS
-------
  OYYHY

Each letter stands for a unique digit (0-9). No leading letter can be zero.
Provide a comma separated mapping from letters to digits that satisfies the equation in your final answer. Output format: ""A=1,B=2,C=3"" (without quotes)
","A=0,H=8,J=6,O=3,P=2,S=7,U=1,Y=9"
"Solve this cryptarithm:

  FWWDF
  YTLBX
+   DNW
-------
  DTXYY

Each letter stands for a unique digit (0-9). No leading letter can be zero.
Provide a comma separated mapping from letters to digits that satisfies the equation in your final answer. Output format: ""A=1,B=2,C=3"" (without quotes)
","B=5,D=7,F=4,L=3,N=9,T=1,W=8,X=0,Y=2"
"Solve this cryptarithm:

  DTXUF
    UHO
+   XTU
-------
  DOFMD

Each letter stands for a unique digit (0-9). No leading letter can be zero.
Provide a comma separated mapping from letters to digits that satisfies the equation in your final answer. Output format: ""A=1,B=2,C=3"" (without quotes)
","D=8,F=5,H=7,M=0,O=4,T=3,U=9,X=2"
"Solve this cryptarithm:

    GAX
  XSXMZ
+  GYWX
-------
  GXWMM

Each letter stands for a unique digit (0-9). No leading letter can be zero.
Provide a comma separated mapping from letters to digits that satisfies the equation in your final answer. Output format: ""A=1,B=2,C=3"" (without quotes)
","A=6,G=2,M=5,S=9,W=4,X=1,Y=0,Z=3"
"Solve this cryptarithm:

  PFETT
+  NEPT
-------
  RCCPF

Each letter stands for a unique digit (0-9). No leading letter can be zero.
Provide a comma separated mapping from letters to digits that satisfies the equation in your final answer. Output format: ""A=1,B=2,C=3"" (without quotes)
","C=5,E=2,F=8,N=7,P=3,R=4,T=9"
"Solve this cryptarithm:

  TXSJT
+   JFJ
-------
  TVJNX

Each letter stands for a unique digit (0-9). No leading letter can be zero.
Provide a comma separated mapping from letters to digits that satisfies the equation in your final answer. Output format: ""A=1,B=2,C=3"" (without quotes)
","F=2,J=8,N=1,S=9,T=6,V=5,X=4"
"Solve this cryptarithm:

   QNQQS
   JJJHN
+  MPPPJ
--------
  JNEPHE

Each letter stands for a unique digit (0-9). No leading letter can be zero.
Provide a comma separated mapping from letters to digits that satisfies the equation in your final answer. Output format: ""A=1,B=2,C=3"" (without quotes)
","E=9,H=7,J=1,M=6,N=5,P=2,Q=8,S=3"
"Solve this cryptarithm:

   WJJBL
   VHLTB
+    RHJ
--------
  PVARPA

Each letter stands for a unique digit (0-9). No leading letter can be zero.
Provide a comma separated mapping from letters to digits that satisfies the equation in your final answer. Output format: ""A=1,B=2,C=3"" (without quotes)
","A=2,B=3,H=7,J=4,L=5,P=1,R=6,T=0,V=8,W=9"
"Solve this cryptarithm:

  FCJFZ
  XUFYU
+   YYF
-------
  YHUXF

Each letter stands for a unique digit (0-9). No leading letter can be zero.
Provide a comma separated mapping from letters to digits that satisfies the equation in your final answer. Output format: ""A=1,B=2,C=3"" (without quotes)
","C=7,F=1,H=5,J=0,U=8,X=4,Y=6,Z=2"
"Solve this cryptarithm:

   YAKJC
+  XCJXZ
--------
  ZJQKXY

Each letter stands for a unique digit (0-9). No leading letter can be zero.
Provide a comma separated mapping from letters to digits that satisfies the equation in your final answer. Output format: ""A=1,B=2,C=3"" (without quotes)
","A=9,C=3,J=0,K=6,Q=2,X=5,Y=4,Z=1"
"Solve this cryptarithm:

   COJ
+ QANA
------
  SPSC

Each letter stands for a unique digit (0-9). No leading letter can be zero.
Provide a comma separated mapping from letters to digits that satisfies the equation in your final answer. Output format: ""A=1,B=2,C=3"" (without quotes)
","A=8,C=9,J=1,N=3,O=2,P=7,Q=4,S=5"
"Solve this cryptarithm:

   GQJ
   BHJ
+  QQB
------
  TRJB

Each letter stands for a unique digit (0-9). No leading letter can be zero.
Provide a comma separated mapping from letters to digits that satisfies the equation in your final answer. Output format: ""A=1,B=2,C=3"" (without quotes)
","B=2,G=4,H=6,J=0,Q=7,R=5,T=1"
"Solve this cryptarithm:

  LLMN
   NBN
+  MAT
------
  TMLU

Each letter stands for a unique digit (0-9). No leading letter can be zero.
Provide a comma separated mapping from letters to digits that satisfies the equation in your final answer. Output format: ""A=1,B=2,C=3"" (without quotes)
","A=8,B=9,L=5,M=7,N=3,T=6,U=2"
"Solve this cryptarithm:

  CZD
+ CKD
-----
  SHD

Each letter stands for a unique digit (0-9). No leading letter can be zero.
Provide a comma separated mapping from letters to digits that satisfies the equation in your final answer. Output format: ""A=1,B=2,C=3"" (without quotes)
","C=4,D=0,H=3,K=7,S=9,Z=6"
"Solve this cryptarithm:

  FFJF
+  SBP
------
  SFYW

Each letter stands for a unique digit (0-9). No leading letter can be zero.
Provide a comma separated mapping from letters to digits that satisfies the equation in your final answer. Output format: ""A=1,B=2,C=3"" (without quotes)
","B=3,F=8,J=6,P=7,S=9,W=5,Y=0"
"Solve this cryptarithm:

   UIBIV
   AABDU
+  BVRSU
--------
  ADISUI

Each letter stands for a unique digit (0-9). No leading letter can be zero.
Provide a comma separated mapping from letters to digits that satisfies the equation in your final answer. Output format: ""A=1,B=2,C=3"" (without quotes)
","A=1,B=7,D=5,I=0,R=4,S=9,U=6,V=8"
"Solve this cryptarithm:

  ZRRZ
+  NZN
------
  ROKY

Each letter stands for a unique digit (0-9). No leading letter can be zero.
Provide a comma separated mapping from letters to digits that satisfies the equation in your final answer. Output format: ""A=1,B=2,C=3"" (without quotes)
","K=5,N=7,O=0,R=3,Y=9,Z=2"
"Solve this cryptarithm:

   YDT
  TYTT
+  YUS
------
  SUSK

Each letter stands for a unique digit (0-9). No leading letter can be zero.
Provide a comma separated mapping from letters to digits that satisfies the equation in your final answer. Output format: ""A=1,B=2,C=3"" (without quotes)
","D=0,K=2,S=8,T=7,U=9,Y=6"
"Solve this cryptarithm:

   PJR
+ PPYR
------
  PTRJ

Each letter stands for a unique digit (0-9). No leading letter can be zero.
Provide a comma separated mapping from letters to digits that satisfies the equation in your final answer. Output format: ""A=1,B=2,C=3"" (without quotes)
","J=8,P=2,R=9,T=4,Y=0"
"Solve this cryptarithm:

  LJD
+ MXJ
-----
  WLX

Each letter stands for a unique digit (0-9). No leading letter can be zero.
Provide a comma separated mapping from letters to digits that satisfies the equation in your final answer. Output format: ""A=1,B=2,C=3"" (without quotes)
","D=6,J=8,L=3,M=1,W=5,X=4"
"Solve this cryptarithm:

  XEUQE
    EON
+ XDBON
-------
  OPDPB

Each letter stands for a unique digit (0-9). No leading letter can be zero.
Provide a comma separated mapping from letters to digits that satisfies the equation in your final answer. Output format: ""A=1,B=2,C=3"" (without quotes)
","B=9,D=0,E=3,N=8,O=4,P=5,Q=6,U=7,X=2"
"Solve this cryptarithm:

   BQA
+ HHDX
------
  DABV

Each letter stands for a unique digit (0-9). No leading letter can be zero.
Provide a comma separated mapping from letters to digits that satisfies the equation in your final answer. Output format: ""A=1,B=2,C=3"" (without quotes)
","A=3,B=8,D=6,H=5,Q=1,V=0,X=7"
"Solve this cryptarithm:

  XJKKE
+  CRJK
-------
  CEEZX

Each letter stands for a unique digit (0-9). No leading letter can be zero.
Provide a comma separated mapping from letters to digits that satisfies the equation in your final answer. Output format: ""A=1,B=2,C=3"" (without quotes)
","C=5,E=3,J=8,K=1,R=2,X=4,Z=9"
"Solve this cryptarithm:

   ZHIU
+ ZVCZQ
-------
  DICKH

Each letter stands for a unique digit (0-9). No leading letter can be zero.
Provide a comma separated mapping from letters to digits that satisfies the equation in your final answer. Output format: ""A=1,B=2,C=3"" (without quotes)
","C=9,D=5,H=0,I=1,K=6,Q=2,U=8,V=7,Z=4"
"Solve this cryptarithm:

  XWGC
+  WPX
------
  XUWX

Each letter stands for a unique digit (0-9). No leading letter can be zero.
Provide a comma separated mapping from letters to digits that satisfies the equation in your final answer. Output format: ""A=1,B=2,C=3"" (without quotes)
","C=0,G=4,P=9,U=7,W=3,X=6"
"Solve this cryptarithm:

   OCC
+  EQO
------
  VDFV

Each letter stands for a unique digit (0-9). No leading letter can be zero.
Provide a comma separated mapping from letters to digits that satisfies the equation in your final answer. Output format: ""A=1,B=2,C=3"" (without quotes)
","C=5,D=0,E=4,F=9,O=6,Q=3,V=1"
"Solve this cryptarithm:

   ENXFX
+   LWXK
--------
  RWKXEC

Each letter stands for a unique digit (0-9). No leading letter can be zero.
Provide a comma separated mapping from letters to digits that satisfies the equation in your final answer. Output format: ""A=1,B=2,C=3"" (without quotes)
","C=8,E=9,F=3,K=2,L=7,N=5,R=1,W=0,X=6"
"Solve this cryptarithm:

   PRPS
+ JBUSI
-------
  BUUJM

Each letter stands for a unique digit (0-9). No leading letter can be zero.
Provide a comma separated mapping from letters to digits that satisfies the equation in your final answer. Output format: ""A=1,B=2,C=3"" (without quotes)
","B=7,I=3,J=6,M=4,P=5,R=0,S=1,U=2"
"Solve this cryptarithm:

  DWOW
   MJM
+  WOP
------
  OJMP

Each letter stands for a unique digit (0-9). No leading letter can be zero.
Provide a comma separated mapping from letters to digits that satisfies the equation in your final answer. Output format: ""A=1,B=2,C=3"" (without quotes)
","D=2,J=7,M=4,O=3,P=1,W=6"
"Solve this cryptarithm:

   JZHI
   LEIC
+  FNIZ
-------
  CFEHE

Each letter stands for a unique digit (0-9). No leading letter can be zero.
Provide a comma separated mapping from letters to digits that satisfies the equation in your final answer. Output format: ""A=1,B=2,C=3"" (without quotes)
","C=1,E=9,F=4,H=5,I=0,J=3,L=6,N=2,Z=8"
"Solve this cryptarithm:

   ERKH
+ RKNNR
-------
  BKKBC

Each letter stands for a unique digit (0-9). No leading letter can be zero.
Provide a comma separated mapping from letters to digits that satisfies the equation in your final answer. Output format: ""A=1,B=2,C=3"" (without quotes)
","B=8,C=3,E=9,H=6,K=2,N=5,R=7"
"Solve this cryptarithm:

   GWWPL
+  GTZWJ
--------
  XPTZPX

Each letter stands for a unique digit (0-9). No leading letter can be zero.
Provide a comma separated mapping from letters to digits that satisfies the equation in your final answer. Output format: ""A=1,B=2,C=3"" (without quotes)
","G=7,J=8,L=3,P=5,T=4,W=9,X=1,Z=2"
"Solve this cryptarithm:

  RJNJQ
    EJQ
+  KJJJ
-------
  JRISQ

Each letter stands for a unique digit (0-9). No leading letter can be zero.
Provide a comma separated mapping from letters to digits that satisfies the equation in your final answer. Output format: ""A=1,B=2,C=3"" (without quotes)
","E=1,I=0,J=6,K=8,N=2,Q=4,R=5,S=9"
"Solve this cryptarithm:

   LLI
+  OIL
------
  NNFO

Each letter stands for a unique digit (0-9). No leading letter can be zero.
Provide a comma separated mapping from letters to digits that satisfies the equation in your final answer. Output format: ""A=1,B=2,C=3"" (without quotes)
","F=5,I=8,L=6,N=1,O=4"
"Solve this cryptarithm:

   CQW
   LUL
+  DCG
------
  HDGU

Each letter stands for a unique digit (0-9). No leading letter can be zero.
Provide a comma separated mapping from letters to digits that satisfies the equation in your final answer. Output format: ""A=1,B=2,C=3"" (without quotes)
","C=3,D=2,G=0,H=1,L=5,Q=8,U=9,W=4"
"Solve this cryptarithm:

  FNFNV
   GXLO
+   EVU
-------
  FOEFE

Each letter stands for a unique digit (0-9). No leading letter can be zero.
Provide a comma separated mapping from letters to digits that satisfies the equation in your final answer. Output format: ""A=1,B=2,C=3"" (without quotes)
","E=6,F=7,G=8,L=1,N=0,O=9,U=2,V=5,X=3"
"Solve this cryptarithm:

     RPD
   JOOKR
+  ORRJO
--------
  NOPKPP

Each letter stands for a unique digit (0-9). No leading letter can be zero.
Provide a comma separated mapping from letters to digits that satisfies the equation in your final answer. Output format: ""A=1,B=2,C=3"" (without quotes)
","D=2,J=9,K=0,N=1,O=7,P=5,R=6"
"Solve this cryptarithm:

   RELL
  RWTRA
+  NENX
-------
  WWMXN

Each letter stands for a unique digit (0-9). No leading letter can be zero.
Provide a comma separated mapping from letters to digits that satisfies the equation in your final answer. Output format: ""A=1,B=2,C=3"" (without quotes)
","A=1,E=9,L=2,M=7,N=3,R=5,T=8,W=6,X=0"
"Solve this cryptarithm:

   DDN
   KDQ
+ HNYF
------
  HTQH

Each letter stands for a unique digit (0-9). No leading letter can be zero.
Provide a comma separated mapping from letters to digits that satisfies the equation in your final answer. Output format: ""A=1,B=2,C=3"" (without quotes)
","D=1,F=4,H=6,K=3,N=2,Q=0,T=7,Y=8"
"Solve this cryptarithm:

  IFTFQ
+   TIH
-------
  IQVVF

Each letter stands for a unique digit (0-9). No leading letter can be zero.
Provide a comma separated mapping from letters to digits that satisfies the equation in your final answer. Output format: ""A=1,B=2,C=3"" (without quotes)
","F=0,H=9,I=5,Q=1,T=8,V=6"
"Solve this cryptarithm:

   ZOWU
    SNS
+ YOOUS
-------
  YYNSJ

Each letter stands for a unique digit (0-9). No leading letter can be zero.
Provide a comma separated mapping from letters to digits that satisfies the equation in your final answer. Output format: ""A=1,B=2,C=3"" (without quotes)
","J=0,N=5,O=6,S=1,U=8,W=7,Y=9,Z=2"
"Solve this cryptarithm:

   WYN
+ NTRW
------
  NYOE

Each letter stands for a unique digit (0-9). No leading letter can be zero.
Provide a comma separated mapping from letters to digits that satisfies the equation in your final answer. Output format: ""A=1,B=2,C=3"" (without quotes)
","E=0,N=9,O=4,R=6,T=5,W=1,Y=7"
"Solve this cryptarithm:

  GKCKK
+   ZOO
-------
  GOKHH

Each letter stands for a unique digit (0-9). No leading letter can be zero.
Provide a comma separated mapping from letters to digits that satisfies the equation in your final answer. Output format: ""A=1,B=2,C=3"" (without quotes)
","C=8,G=6,H=7,K=3,O=4,Z=5"
"Solve this cryptarithm:

   VBRQ
    QQJ
+  YWFV
-------
  KWBWJ

Each letter stands for a unique digit (0-9). No leading letter can be zero.
Provide a comma separated mapping from letters to digits that satisfies the equation in your final answer. Output format: ""A=1,B=2,C=3"" (without quotes)
","B=9,F=4,J=5,K=1,Q=7,R=0,V=3,W=2,Y=8"
"Solve this cryptarithm:

   QBQ
   XFK
+ BREX
------
  FSFK

Each letter stands for a unique digit (0-9). No leading letter can be zero.
Provide a comma separated mapping from letters to digits that satisfies the equation in your final answer. Output format: ""A=1,B=2,C=3"" (without quotes)
","B=1,E=8,F=2,K=0,Q=3,R=4,S=5,X=7"
"Solve this cryptarithm:

    RBBS
   SRREL
+  SAYAN
--------
  LNHAYW

Each letter stands for a unique digit (0-9). No leading letter can be zero.
Provide a comma separated mapping from letters to digits that satisfies the equation in your final answer. Output format: ""A=1,B=2,C=3"" (without quotes)
","A=3,B=0,E=5,H=2,L=1,N=7,R=4,S=8,W=6,Y=9"
"Solve this cryptarithm:

   VBK
+ TQVT
------
  JYKM

Each letter stands for a unique digit (0-9). No leading letter can be zero.
Provide a comma separated mapping from letters to digits that satisfies the equation in your final answer. Output format: ""A=1,B=2,C=3"" (without quotes)
","B=3,J=8,K=5,M=2,Q=9,T=7,V=1,Y=0"
"Solve this cryptarithm:

   FGII
+  IGII
-------
  CICGB

Each letter stands for a unique digit (0-9). No leading letter can be zero.
Provide a comma separated mapping from letters to digits that satisfies the equation in your final answer. Output format: ""A=1,B=2,C=3"" (without quotes)
","B=4,C=1,F=9,G=5,I=7"
"Solve this cryptarithm:

   QQJAB
    ZHAA
+  CBZAH
--------
  WQZHWG

Each letter stands for a unique digit (0-9). No leading letter can be zero.
Provide a comma separated mapping from letters to digits that satisfies the equation in your final answer. Output format: ""A=1,B=2,C=3"" (without quotes)
","A=0,B=4,C=9,G=2,H=8,J=7,Q=5,W=1,Z=3"
"Solve this cryptarithm:

  BBDDB
   GLMG
+   FJA
-------
  BAXDL

Each letter stands for a unique digit (0-9). No leading letter can be zero.
Provide a comma separated mapping from letters to digits that satisfies the equation in your final answer. Output format: ""A=1,B=2,C=3"" (without quotes)
","A=9,B=2,D=3,F=4,G=6,J=1,L=7,M=8,X=5"
"Solve this cryptarithm:

   HKIJQ
    PGIP
+  LZKHC
--------
  IIJQCK

Each letter stands for a unique digit (0-9). No leading letter can be zero.
Provide a comma separated mapping from letters to digits that satisfies the equation in your final answer. Output format: ""A=1,B=2,C=3"" (without quotes)
","C=9,G=6,H=2,I=1,J=5,K=3,L=8,P=4,Q=0,Z=7"
"Solve this cryptarithm:

  YGPQ
+  QUG
------
  VPPC

Each letter stands for a unique digit (0-9). No leading letter can be zero.
Provide a comma separated mapping from letters to digits that satisfies the equation in your final answer. Output format: ""A=1,B=2,C=3"" (without quotes)
","C=4,G=6,P=5,Q=8,U=9,V=3,Y=2"
"Solve this cryptarithm:

   YSH
+ MDXH
------
  YVAX

Each letter stands for a unique digit (0-9). No leading letter can be zero.
Provide a comma separated mapping from letters to digits that satisfies the equation in your final answer. Output format: ""A=1,B=2,C=3"" (without quotes)
","A=3,D=6,H=2,M=7,S=9,V=5,X=4,Y=8"
"Solve this cryptarithm:

  CJMJR
+   XCE
-------
  CJXRL

Each letter stands for a unique digit (0-9). No leading letter can be zero.
Provide a comma separated mapping from letters to digits that satisfies the equation in your final answer. Output format: ""A=1,B=2,C=3"" (without quotes)
","C=4,E=7,J=3,L=5,M=0,R=8,X=6"
"Solve this cryptarithm:

   GUXG
+ RXFRX
-------
  RVRFQ

Each letter stands for a unique digit (0-9). No leading letter can be zero.
Provide a comma separated mapping from letters to digits that satisfies the equation in your final answer. Output format: ""A=1,B=2,C=3"" (without quotes)
","F=3,G=6,Q=7,R=2,U=9,V=8,X=1"
"Solve this cryptarithm:

  MWVJX
   KZAV
+  WALK
-------
  VLXLW

Each letter stands for a unique digit (0-9). No leading letter can be zero.
Provide a comma separated mapping from letters to digits that satisfies the equation in your final answer. Output format: ""A=1,B=2,C=3"" (without quotes)
","A=1,J=8,K=7,L=0,M=2,V=4,W=6,X=5,Z=9"
"Solve this cryptarithm:

   GHSC
+  SCRG
-------
  RCURR

Each letter stands for a unique digit (0-9). No leading letter can be zero.
Provide a comma separated mapping from letters to digits that satisfies the equation in your final answer. Output format: ""A=1,B=2,C=3"" (without quotes)
","C=5,G=6,H=2,R=1,S=9,U=8"
"Solve this cryptarithm:

  FVT
+ NOS
-----
  ZHS

Each letter stands for a unique digit (0-9). No leading letter can be zero.
Provide a comma separated mapping from letters to digits that satisfies the equation in your final answer. Output format: ""A=1,B=2,C=3"" (without quotes)
","F=3,H=6,N=4,O=5,S=2,T=0,V=1,Z=7"
"Solve this cryptarithm:

   EYBB
+  BYYB
-------
  SZWGP

Each letter stands for a unique digit (0-9). No leading letter can be zero.
Provide a comma separated mapping from letters to digits that satisfies the equation in your final answer. Output format: ""A=1,B=2,C=3"" (without quotes)
","B=5,E=7,G=9,P=0,S=1,W=6,Y=3,Z=2"
"Solve this cryptarithm:

   FCR
+  EAD
------
  HFOO

Each letter stands for a unique digit (0-9). No leading letter can be zero.
Provide a comma separated mapping from letters to digits that satisfies the equation in your final answer. Output format: ""A=1,B=2,C=3"" (without quotes)
","A=4,C=5,D=7,E=9,F=6,H=1,O=0,R=3"
"Solve this cryptarithm:

   AMHOM
    AZJO
+  RJJAP
--------
  JJOAYH

Each letter stands for a unique digit (0-9). No leading letter can be zero.
Provide a comma separated mapping from letters to digits that satisfies the equation in your final answer. Output format: ""A=1,B=2,C=3"" (without quotes)
","A=4,H=0,J=1,M=3,O=8,P=9,R=7,Y=5,Z=2"
"Solve this cryptarithm:

   JWMCJ
   FZZUH
+  FJJTT
--------
  WBUCFH

Each letter stands for a unique digit (0-9). No leading letter can be zero.
Provide a comma separated mapping from letters to digits that satisfies the equation in your final answer. Output format: ""A=1,B=2,C=3"" (without quotes)
","B=9,C=6,F=8,H=5,J=3,M=2,T=7,U=4,W=1,Z=0"
"Solve this cryptarithm:

   BRHP
+ ORCHC
-------
  OOIIO

Each letter stands for a unique digit (0-9). No leading letter can be zero.
Provide a comma separated mapping from letters to digits that satisfies the equation in your final answer. Output format: ""A=1,B=2,C=3"" (without quotes)
","B=3,C=8,H=7,I=4,O=9,P=1,R=5"
"Solve this cryptarithm:

   DEL
+ QKOD
------
  EQNM

Each letter stands for a unique digit (0-9). No leading letter can be zero.
Provide a comma separated mapping from letters to digits that satisfies the equation in your final answer. Output format: ""A=1,B=2,C=3"" (without quotes)
","D=4,E=2,K=7,L=6,M=0,N=8,O=5,Q=1"
"Solve this cryptarithm:

  COZYW
  PWKZK
+  WWYP
-------
  ZYHDJ

Each letter stands for a unique digit (0-9). No leading letter can be zero.
Provide a comma separated mapping from letters to digits that satisfies the equation in your final answer. Output format: ""A=1,B=2,C=3"" (without quotes)
","C=3,D=7,H=6,J=1,K=2,O=0,P=5,W=4,Y=9,Z=8"
"Solve this cryptarithm:

  OIIRX
+  LZZI
-------
  RLTIQ

Each letter stands for a unique digit (0-9). No leading letter can be zero.
Provide a comma separated mapping from letters to digits that satisfies the equation in your final answer. Output format: ""A=1,B=2,C=3"" (without quotes)
","I=9,L=2,O=6,Q=4,R=7,T=0,X=5,Z=1"
"Solve this cryptarithm:

  EWNWV
+   WRI
-------
  EWEWE

Each letter stands for a unique digit (0-9). No leading letter can be zero.
Provide a comma separated mapping from letters to digits that satisfies the equation in your final answer. Output format: ""A=1,B=2,C=3"" (without quotes)
","E=2,I=7,N=0,R=9,V=5,W=1"
"Solve this cryptarithm:

   QNO
  QGQU
+  TGG
------
  VTNN

Each letter stands for a unique digit (0-9). No leading letter can be zero.
Provide a comma separated mapping from letters to digits that satisfies the equation in your final answer. Output format: ""A=1,B=2,C=3"" (without quotes)
","G=8,N=7,O=3,Q=1,T=4,U=6,V=2"
"Solve this cryptarithm:

  HOBXW
  OKWBB
+ OBJHX
-------
  BBJGK

Each letter stands for a unique digit (0-9). No leading letter can be zero.
Provide a comma separated mapping from letters to digits that satisfies the equation in your final answer. Output format: ""A=1,B=2,C=3"" (without quotes)
","B=5,G=7,H=2,J=0,K=8,O=1,W=4,X=9"
"Solve this cryptarithm:

    ODIP
+  OYVPI
--------
  PDRVVV

Each letter stands for a unique digit (0-9). No leading letter can be zero.
Provide a comma separated mapping from letters to digits that satisfies the equation in your final answer. Output format: ""A=1,B=2,C=3"" (without quotes)
","D=0,I=7,O=9,P=1,R=5,V=8,Y=6"
"Solve this cryptarithm:

   UWA
+ ADAZ
------
  AUMD

Each letter stands for a unique digit (0-9). No leading letter can be zero.
Provide a comma separated mapping from letters to digits that satisfies the equation in your final answer. Output format: ""A=1,B=2,C=3"" (without quotes)
","A=3,D=0,M=9,U=2,W=5,Z=7"
"Solve this cryptarithm:

    PKC
+ CYPKY
-------
  CYUKS

Each letter stands for a unique digit (0-9). No leading letter can be zero.
Provide a comma separated mapping from letters to digits that satisfies the equation in your final answer. Output format: ""A=1,B=2,C=3"" (without quotes)
","C=1,K=0,P=2,S=8,U=4,Y=7"
"Solve this cryptarithm:

     EUS
   ZBBDP
+  IBUBX
--------
  XIDPZD

Each letter stands for a unique digit (0-9). No leading letter can be zero.
Provide a comma separated mapping from letters to digits that satisfies the equation in your final answer. Output format: ""A=1,B=2,C=3"" (without quotes)
","B=8,D=7,E=3,I=5,P=6,S=0,U=4,X=1,Z=9"
"Solve this cryptarithm:

   WXB
  YYSF
+ LYLS
------
  MBBL

Each letter stands for a unique digit (0-9). No leading letter can be zero.
Provide a comma separated mapping from letters to digits that satisfies the equation in your final answer. Output format: ""A=1,B=2,C=3"" (without quotes)
","B=9,F=8,L=2,M=6,S=5,W=1,X=0,Y=4"
"Solve this cryptarithm:

   SBO
+ OTSN
------
  OBWT

Each letter stands for a unique digit (0-9). No leading letter can be zero.
Provide a comma separated mapping from letters to digits that satisfies the equation in your final answer. Output format: ""A=1,B=2,C=3"" (without quotes)
","B=5,N=8,O=6,S=1,T=4,W=7"
"Solve this cryptarithm:

  WQWT
  DTDX
+  WIG
------
  QTGD

Each letter stands for a unique digit (0-9). No leading letter can be zero.
Provide a comma separated mapping from letters to digits that satisfies the equation in your final answer. Output format: ""A=1,B=2,C=3"" (without quotes)
","D=1,G=9,I=2,Q=6,T=7,W=4,X=5"
"Solve this cryptarithm:

  TVXS
+ XGVG
------
  UUMT

Each letter stands for a unique digit (0-9). No leading letter can be zero.
Provide a comma separated mapping from letters to digits that satisfies the equation in your final answer. Output format: ""A=1,B=2,C=3"" (without quotes)
","G=6,M=4,S=2,T=8,U=9,V=3,X=1"
"Solve this cryptarithm:

   EOOGE
+  GGXRK
--------
  RGIKOE

Each letter stands for a unique digit (0-9). No leading letter can be zero.
Provide a comma separated mapping from letters to digits that satisfies the equation in your final answer. Output format: ""A=1,B=2,C=3"" (without quotes)
","E=9,G=6,I=4,K=0,O=7,R=1,X=3"
"Solve this cryptarithm:

  VEUDO
   JFJD
+   FPE
-------
  JVDPO

Each letter stands for a unique digit (0-9). No leading letter can be zero.
Provide a comma separated mapping from letters to digits that satisfies the equation in your final answer. Output format: ""A=1,B=2,C=3"" (without quotes)
","D=3,E=7,F=9,J=6,O=0,P=8,U=4,V=5"
"Solve this cryptarithm:

   MGPA
+  NMNN
-------
  KVNVM

Each letter stands for a unique digit (0-9). No leading letter can be zero.
Provide a comma separated mapping from letters to digits that satisfies the equation in your final answer. Output format: ""A=1,B=2,C=3"" (without quotes)
","A=7,G=2,K=1,M=5,N=8,P=4,V=3"
"Solve this cryptarithm:

  KFII
   DDV
+  IDQ
------
  KQTV

Each letter stands for a unique digit (0-9). No leading letter can be zero.
Provide a comma separated mapping from letters to digits that satisfies the equation in your final answer. Output format: ""A=1,B=2,C=3"" (without quotes)
","D=7,F=0,I=1,K=2,Q=9,T=6,V=4"
"Solve this cryptarithm:

   WWT
   UUE
+ NTUN
------
  UEVC

Each letter stands for a unique digit (0-9). No leading letter can be zero.
Provide a comma separated mapping from letters to digits that satisfies the equation in your final answer. Output format: ""A=1,B=2,C=3"" (without quotes)
","C=0,E=3,N=5,T=2,U=6,V=7,W=4"
"Solve this cryptarithm:

  BBKEJ
   GBXA
+  GXJH
-------
  AXXJB

Each letter stands for a unique digit (0-9). No leading letter can be zero.
Provide a comma separated mapping from letters to digits that satisfies the equation in your final answer. Output format: ""A=1,B=2,C=3"" (without quotes)
","A=6,B=5,E=9,G=2,H=8,J=1,K=4,X=0"
"Solve this cryptarithm:

  RRARK
+   UAJ
-------
  RURJJ

Each letter stands for a unique digit (0-9). No leading letter can be zero.
Provide a comma separated mapping from letters to digits that satisfies the equation in your final answer. Output format: ""A=1,B=2,C=3"" (without quotes)
","A=8,J=2,K=0,R=4,U=5"
"Solve this cryptarithm:

  SKHDA
+   WWX
-------
  SKAWK

Each letter stands for a unique digit (0-9). No leading letter can be zero.
Provide a comma separated mapping from letters to digits that satisfies the equation in your final answer. Output format: ""A=1,B=2,C=3"" (without quotes)
","A=3,D=9,H=0,K=1,S=5,W=2,X=8"
"Solve this cryptarithm:

    CWSW
   WMJRC
+  JSTSX
--------
  RJTMYY

Each letter stands for a unique digit (0-9). No leading letter can be zero.
Provide a comma separated mapping from letters to digits that satisfies the equation in your final answer. Output format: ""A=1,B=2,C=3"" (without quotes)
","C=6,J=4,M=5,R=1,S=0,T=2,W=9,X=8,Y=3"
"Solve this cryptarithm:

  NRUWR
+   YYN
-------
  NNYOP

Each letter stands for a unique digit (0-9). No leading letter can be zero.
Provide a comma separated mapping from letters to digits that satisfies the equation in your final answer. Output format: ""A=1,B=2,C=3"" (without quotes)
","N=8,O=1,P=5,R=7,U=9,W=4,Y=6"
"Solve this cryptarithm:

   JAY
+ CCMS
------
  DMAD

Each letter stands for a unique digit (0-9). No leading letter can be zero.
Provide a comma separated mapping from letters to digits that satisfies the equation in your final answer. Output format: ""A=1,B=2,C=3"" (without quotes)
","A=8,C=4,D=5,J=6,M=0,S=3,Y=2"
"Solve this cryptarithm:

   GZZ
+ UYKR
------
  RKKR

Each letter stands for a unique digit (0-9). No leading letter can be zero.
Provide a comma separated mapping from letters to digits that satisfies the equation in your final answer. Output format: ""A=1,B=2,C=3"" (without quotes)
","G=3,K=1,R=7,U=6,Y=8,Z=0"
"Solve this cryptarithm:

  CFYG
+ CLLI
------
  GCIV

Each letter stands for a unique digit (0-9). No leading letter can be zero.
Provide a comma separated mapping from letters to digits that satisfies the equation in your final answer. Output format: ""A=1,B=2,C=3"" (without quotes)
","C=4,F=6,G=9,I=1,L=7,V=0,Y=3"
"Solve this cryptarithm:

  TJYBY
    KKK
+   SJJ
-------
  TYMBJ

Each letter stands for a unique digit (0-9). No leading letter can be zero.
Provide a comma separated mapping from letters to digits that satisfies the equation in your final answer. Output format: ""A=1,B=2,C=3"" (without quotes)
","B=1,J=3,K=6,M=9,S=8,T=2,Y=4"
"Solve this cryptarithm:

    LOW
+ DLDLC
-------
  DLKYO

Each letter stands for a unique digit (0-9). No leading letter can be zero.
Provide a comma separated mapping from letters to digits that satisfies the equation in your final answer. Output format: ""A=1,B=2,C=3"" (without quotes)
","C=2,D=4,K=6,L=1,O=9,W=7,Y=0"
"Solve this cryptarithm:

  IOW
+ TTI
-----
  VSO

Each letter stands for a unique digit (0-9). No leading letter can be zero.
Provide a comma separated mapping from letters to digits that satisfies the equation in your final answer. Output format: ""A=1,B=2,C=3"" (without quotes)
","I=1,O=3,S=0,T=7,V=9,W=2"
"Solve this cryptarithm:

   GGNU
    GGP
+  JGFH
-------
  HBBHX

Each letter stands for a unique digit (0-9). No leading letter can be zero.
Provide a comma separated mapping from letters to digits that satisfies the equation in your final answer. Output format: ""A=1,B=2,C=3"" (without quotes)
","B=0,F=9,G=6,H=1,J=2,N=5,P=8,U=4,X=3"
"Solve this cryptarithm:

   JSS
+ SSIX
------
  SHYW

Each letter stands for a unique digit (0-9). No leading letter can be zero.
Provide a comma separated mapping from letters to digits that satisfies the equation in your final answer. Output format: ""A=1,B=2,C=3"" (without quotes)
","H=8,I=0,J=6,S=2,W=1,X=9,Y=3"
"Solve this cryptarithm:

    AVJ
+ AXAQY
-------
  ACCJC

Each letter stands for a unique digit (0-9). No leading letter can be zero.
Provide a comma separated mapping from letters to digits that satisfies the equation in your final answer. Output format: ""A=1,B=2,C=3"" (without quotes)
","A=6,C=3,J=4,Q=8,V=5,X=2,Y=9"
"Solve this cryptarithm:

  NCATS
+   DIH
-------
  NCIQH

Each letter stands for a unique digit (0-9). No leading letter can be zero.
Provide a comma separated mapping from letters to digits that satisfies the equation in your final answer. Output format: ""A=1,B=2,C=3"" (without quotes)
","A=1,C=8,D=6,H=4,I=7,N=5,Q=9,S=0,T=2"
"Solve this cryptarithm:

  PNYL
+  PDL
------
  PGGP

Each letter stands for a unique digit (0-9). No leading letter can be zero.
Provide a comma separated mapping from letters to digits that satisfies the equation in your final answer. Output format: ""A=1,B=2,C=3"" (without quotes)
","D=8,G=3,L=1,N=0,P=2,Y=5"
"Solve this cryptarithm:

   YGGDI
   CIUXD
+   XEDY
--------
  IZZIGC

Each letter stands for a unique digit (0-9). No leading letter can be zero.
Provide a comma separated mapping from letters to digits that satisfies the equation in your final answer. Output format: ""A=1,B=2,C=3"" (without quotes)
","C=6,D=7,E=3,G=4,I=1,U=2,X=9,Y=8,Z=5"
"Solve this cryptarithm:

  AFIA
+ PENA
------
  EIES

Each letter stands for a unique digit (0-9). No leading letter can be zero.
Provide a comma separated mapping from letters to digits that satisfies the equation in your final answer. Output format: ""A=1,B=2,C=3"" (without quotes)
","A=3,E=9,F=8,I=7,N=2,P=5,S=6"
"Solve this cryptarithm:

   WAOE
    OOE
+  OMGG
-------
  MOMLG

Each letter stands for a unique digit (0-9). No leading letter can be zero.
Provide a comma separated mapping from letters to digits that satisfies the equation in your final answer. Output format: ""A=1,B=2,C=3"" (without quotes)
","A=2,E=5,G=3,L=8,M=1,O=7,W=9"
"Solve this cryptarithm:

  ICRID
    CLO
+ JGOGJ
-------
  DPRCO

Each letter stands for a unique digit (0-9). No leading letter can be zero.
Provide a comma separated mapping from letters to digits that satisfies the equation in your final answer. Output format: ""A=1,B=2,C=3"" (without quotes)
","C=6,D=9,G=8,I=7,J=1,L=0,O=3,P=5,R=2"
"Solve this cryptarithm:

  SSVYN
    VFV
+  AAOJ
-------
  STFNX

Each letter stands for a unique digit (0-9). No leading letter can be zero.
Provide a comma separated mapping from letters to digits that satisfies the equation in your final answer. Output format: ""A=1,B=2,C=3"" (without quotes)
","A=6,F=3,J=7,N=0,O=2,S=1,T=9,V=8,X=5,Y=4"
"Solve this cryptarithm:

   DEZE
+  PEZG
-------
  PPBGZ

Each letter stands for a unique digit (0-9). No leading letter can be zero.
Provide a comma separated mapping from letters to digits that satisfies the equation in your final answer. Output format: ""A=1,B=2,C=3"" (without quotes)
","B=2,D=9,E=6,G=7,P=1,Z=3"
"Solve this cryptarithm:

   RGWC
    URG
+ URWAB
-------
  BCWFC

Each letter stands for a unique digit (0-9). No leading letter can be zero.
Provide a comma separated mapping from letters to digits that satisfies the equation in your final answer. Output format: ""A=1,B=2,C=3"" (without quotes)
","A=9,B=4,C=5,F=8,G=6,R=7,U=3,W=1"
"Solve this cryptarithm:

  HOSPN
    OII
+  NUMH
-------
  HXXII

Each letter stands for a unique digit (0-9). No leading letter can be zero.
Provide a comma separated mapping from letters to digits that satisfies the equation in your final answer. Output format: ""A=1,B=2,C=3"" (without quotes)
","H=8,I=5,M=6,N=2,O=7,P=3,S=0,U=1,X=9"
"Solve this cryptarithm:

  IZEE
   WEG
+  CTE
------
  GAIT

Each letter stands for a unique digit (0-9). No leading letter can be zero.
Provide a comma separated mapping from letters to digits that satisfies the equation in your final answer. Output format: ""A=1,B=2,C=3"" (without quotes)
","A=0,C=5,E=7,G=4,I=3,T=8,W=1,Z=2"
"Solve this cryptarithm:

   HTH
   XUX
+  MYU
------
  AQYX

Each letter stands for a unique digit (0-9). No leading letter can be zero.
Provide a comma separated mapping from letters to digits that satisfies the equation in your final answer. Output format: ""A=1,B=2,C=3"" (without quotes)
","A=1,H=8,M=4,Q=9,T=7,U=2,X=6,Y=0"
"Solve this cryptarithm:

   TIT
   NQS
+ ZHZO
------
  QOQZ

Each letter stands for a unique digit (0-9). No leading letter can be zero.
Provide a comma separated mapping from letters to digits that satisfies the equation in your final answer. Output format: ""A=1,B=2,C=3"" (without quotes)
","H=1,I=4,N=9,O=8,Q=6,S=0,T=7,Z=5"
"Solve this cryptarithm:

   FSU
+ JUDF
------
  JOGO

Each letter stands for a unique digit (0-9). No leading letter can be zero.
Provide a comma separated mapping from letters to digits that satisfies the equation in your final answer. Output format: ""A=1,B=2,C=3"" (without quotes)
","D=1,F=4,G=6,J=8,O=7,S=5,U=3"
"Solve this cryptarithm:

   YEQ
+ LLYZ
------
  TQSZ

Each letter stands for a unique digit (0-9). No leading letter can be zero.
Provide a comma separated mapping from letters to digits that satisfies the equation in your final answer. Output format: ""A=1,B=2,C=3"" (without quotes)
","E=9,L=5,Q=0,S=3,T=6,Y=4,Z=8"
"Solve this cryptarithm:

    XKV
  FVZZK
+   KOX
-------
  FKZQG

Each letter stands for a unique digit (0-9). No leading letter can be zero.
Provide a comma separated mapping from letters to digits that satisfies the equation in your final answer. Output format: ""A=1,B=2,C=3"" (without quotes)
","F=9,G=0,K=2,O=6,Q=4,V=1,X=7,Z=5"
"Solve this cryptarithm:

  GQGZY
   CGOO
+   OFF
-------
  OZCYG

Each letter stands for a unique digit (0-9). No leading letter can be zero.
Provide a comma separated mapping from letters to digits that satisfies the equation in your final answer. Output format: ""A=1,B=2,C=3"" (without quotes)
","C=7,F=0,G=2,O=3,Q=8,Y=9,Z=5"
"Solve this cryptarithm:

    QIOD
   BKKOL
+  GLCCB
--------
  CQGBIB

Each letter stands for a unique digit (0-9). No leading letter can be zero.
Provide a comma separated mapping from letters to digits that satisfies the equation in your final answer. Output format: ""A=1,B=2,C=3"" (without quotes)
","B=8,C=1,D=4,G=3,I=0,K=5,L=6,O=9,Q=2"
"Solve this cryptarithm:

  HSBMS
+ GHNSW
-------
  BWMSH

Each letter stands for a unique digit (0-9). No leading letter can be zero.
Provide a comma separated mapping from letters to digits that satisfies the equation in your final answer. Output format: ""A=1,B=2,C=3"" (without quotes)
","B=8,G=7,H=1,M=9,N=0,S=5,W=6"
"Solve this cryptarithm:

   ZZAE
+  ZGGF
-------
  IGAGG

Each letter stands for a unique digit (0-9). No leading letter can be zero.
Provide a comma separated mapping from letters to digits that satisfies the equation in your final answer. Output format: ""A=1,B=2,C=3"" (without quotes)
","A=9,E=8,F=4,G=2,I=1,Z=6"
"Solve this cryptarithm:

  RNWMU
+  ACAM
-------
  CIRWI

Each letter stands for a unique digit (0-9). No leading letter can be zero.
Provide a comma separated mapping from letters to digits that satisfies the equation in your final answer. Output format: ""A=1,B=2,C=3"" (without quotes)
","A=8,C=7,I=4,M=1,N=5,R=6,U=3,W=9"
"Solve this cryptarithm:

  QAAAI
    KQN
+   WSK
-------
  QASUN

Each letter stands for a unique digit (0-9). No leading letter can be zero.
Provide a comma separated mapping from letters to digits that satisfies the equation in your final answer. Output format: ""A=1,B=2,C=3"" (without quotes)
","A=3,I=8,K=2,N=9,Q=5,S=7,U=6,W=1"
"Solve this cryptarithm:

   RQVI
  GIWEW
+  EZGQ
-------
  IEVCK

Each letter stands for a unique digit (0-9). No leading letter can be zero.
Provide a comma separated mapping from letters to digits that satisfies the equation in your final answer. Output format: ""A=1,B=2,C=3"" (without quotes)
","C=0,E=4,G=5,I=6,K=1,Q=8,R=3,V=9,W=7,Z=2"
"Solve this cryptarithm:

   BIC
+ HIBK
------
  XICK

Each letter stands for a unique digit (0-9). No leading letter can be zero.
Provide a comma separated mapping from letters to digits that satisfies the equation in your final answer. Output format: ""A=1,B=2,C=3"" (without quotes)
","B=9,C=0,H=7,I=1,K=6,X=8"
"Solve this cryptarithm:

   YQYW
   WQST
+   DJK
-------
  QKTJD

Each letter stands for a unique digit (0-9). No leading letter can be zero.
Provide a comma separated mapping from letters to digits that satisfies the equation in your final answer. Output format: ""A=1,B=2,C=3"" (without quotes)
","D=7,J=8,K=2,Q=1,S=4,T=0,W=5,Y=6"
"Solve this cryptarithm:

    IEUN
   HCULH
+  UECVH
--------
  JLNCJV

Each letter stands for a unique digit (0-9). No leading letter can be zero.
Provide a comma separated mapping from letters to digits that satisfies the equation in your final answer. Output format: ""A=1,B=2,C=3"" (without quotes)
","C=8,E=4,H=6,I=7,J=1,L=3,N=0,U=5,V=2"
"Solve this cryptarithm:

   VNN
  HUHX
+ JFIU
------
  VXZM

Each letter stands for a unique digit (0-9). No leading letter can be zero.
Provide a comma separated mapping from letters to digits that satisfies the equation in your final answer. Output format: ""A=1,B=2,C=3"" (without quotes)
","F=1,H=4,I=3,J=2,M=0,N=9,U=6,V=7,X=5,Z=8"
"Solve this cryptarithm:

    BPI
  VNVNO
+  GOPN
-------
  TTBNU

Each letter stands for a unique digit (0-9). No leading letter can be zero.
Provide a comma separated mapping from letters to digits that satisfies the equation in your final answer. Output format: ""A=1,B=2,C=3"" (without quotes)
","B=9,G=6,I=7,N=5,O=8,P=4,T=2,U=0,V=1"
"Solve this cryptarithm:

  QMOZ
   LDA
+  JMJ
------
  LODQ

Each letter stands for a unique digit (0-9). No leading letter can be zero.
Provide a comma separated mapping from letters to digits that satisfies the equation in your final answer. Output format: ""A=1,B=2,C=3"" (without quotes)
","A=4,D=9,J=8,L=6,M=2,O=7,Q=5,Z=3"
"Solve this cryptarithm:

  QNZOQ
  XZAZO
+  VOZC
-------
  NVZQB

Each letter stands for a unique digit (0-9). No leading letter can be zero.
Provide a comma separated mapping from letters to digits that satisfies the equation in your final answer. Output format: ""A=1,B=2,C=3"" (without quotes)
","A=6,B=1,C=2,N=9,O=4,Q=5,V=8,X=3,Z=0"
"Solve this cryptarithm:

  MNHWH
   RGGM
+   RWM
-------
  HTRRG

Each letter stands for a unique digit (0-9). No leading letter can be zero.
Provide a comma separated mapping from letters to digits that satisfies the equation in your final answer. Output format: ""A=1,B=2,C=3"" (without quotes)
","G=2,H=8,M=7,N=3,R=6,T=0,W=1"
"Solve this cryptarithm:

   QBX
+  TCB
------
  ANTO

Each letter stands for a unique digit (0-9). No leading letter can be zero.
Provide a comma separated mapping from letters to digits that satisfies the equation in your final answer. Output format: ""A=1,B=2,C=3"" (without quotes)
","A=1,B=5,C=2,N=0,O=9,Q=3,T=7,X=4"
"Solve this cryptarithm:

   TTB
  ULTX
+ XMJU
------
  MHHQ

Each letter stands for a unique digit (0-9). No leading letter can be zero.
Provide a comma separated mapping from letters to digits that satisfies the equation in your final answer. Output format: ""A=1,B=2,C=3"" (without quotes)
","B=4,H=0,J=7,L=3,M=9,Q=1,T=6,U=2,X=5"
"Solve this cryptarithm:

   VCL
+ HNSS
------
  HSLH

Each letter stands for a unique digit (0-9). No leading letter can be zero.
Provide a comma separated mapping from letters to digits that satisfies the equation in your final answer. Output format: ""A=1,B=2,C=3"" (without quotes)
","C=3,H=9,L=1,N=0,S=8,V=7"
"Solve this cryptarithm:

   OTWY
+ BYWGY
-------
  TLWXB

Each letter stands for a unique digit (0-9). No leading letter can be zero.
Provide a comma separated mapping from letters to digits that satisfies the equation in your final answer. Output format: ""A=1,B=2,C=3"" (without quotes)
","B=8,G=6,L=0,O=5,T=9,W=7,X=3,Y=4"
"Solve this cryptarithm:

    KYA
    KZA
+ ASSAA
-------
  AAYSY

Each letter stands for a unique digit (0-9). No leading letter can be zero.
Provide a comma separated mapping from letters to digits that satisfies the equation in your final answer. Output format: ""A=1,B=2,C=3"" (without quotes)
","A=3,K=8,S=2,Y=9,Z=0"
"Solve this cryptarithm:

  QQOAD
+   DDJ
-------
  QDFOS

Each letter stands for a unique digit (0-9). No leading letter can be zero.
Provide a comma separated mapping from letters to digits that satisfies the equation in your final answer. Output format: ""A=1,B=2,C=3"" (without quotes)
","A=6,D=8,F=4,J=2,O=5,Q=7,S=0"
"Solve this cryptarithm:

  COHH
  CPOY
+  KXH
------
  HHYX

Each letter stands for a unique digit (0-9). No leading letter can be zero.
Provide a comma separated mapping from letters to digits that satisfies the equation in your final answer. Output format: ""A=1,B=2,C=3"" (without quotes)
","C=3,H=7,K=2,O=8,P=5,X=4,Y=0"
"Solve this cryptarithm:

     NLM
   NNKWF
+  MFHBW
--------
  LFRKNW

Each letter stands for a unique digit (0-9). No leading letter can be zero.
Provide a comma separated mapping from letters to digits that satisfies the equation in your final answer. Output format: ""A=1,B=2,C=3"" (without quotes)
","B=0,F=4,H=3,K=9,L=1,M=6,N=7,R=2,W=5"
"Solve this cryptarithm:

   VZJBG
    JJJV
+  HJMHM
--------
  ZMBPZB

Each letter stands for a unique digit (0-9). No leading letter can be zero.
Provide a comma separated mapping from letters to digits that satisfies the equation in your final answer. Output format: ""A=1,B=2,C=3"" (without quotes)
","B=8,G=5,H=9,J=3,M=6,P=4,V=7,Z=1"
"Solve this cryptarithm:

   QVNM
   WNMF
+   YZV
-------
  YYZMN

Each letter stands for a unique digit (0-9). No leading letter can be zero.
Provide a comma separated mapping from letters to digits that satisfies the equation in your final answer. Output format: ""A=1,B=2,C=3"" (without quotes)
","F=9,M=0,N=2,Q=5,V=3,W=6,Y=1,Z=7"
"Solve this cryptarithm:

   GPU
+ TBGB
------
  NGUI

Each letter stands for a unique digit (0-9). No leading letter can be zero.
Provide a comma separated mapping from letters to digits that satisfies the equation in your final answer. Output format: ""A=1,B=2,C=3"" (without quotes)
","B=9,G=6,I=0,N=3,P=4,T=2,U=1"
"Solve this cryptarithm:

   VWYT
   UZTL
+   WEY
-------
  KTJZJ

Each letter stands for a unique digit (0-9). No leading letter can be zero.
Provide a comma separated mapping from letters to digits that satisfies the equation in your final answer. Output format: ""A=1,B=2,C=3"" (without quotes)
","E=2,J=9,K=1,L=6,T=3,U=4,V=8,W=7,Y=0,Z=5"
"Solve this cryptarithm:

   LZKO
+  OZTK
-------
  KOTOI

Each letter stands for a unique digit (0-9). No leading letter can be zero.
Provide a comma separated mapping from letters to digits that satisfies the equation in your final answer. Output format: ""A=1,B=2,C=3"" (without quotes)
","I=4,K=1,L=9,O=3,T=2,Z=6"
"Solve this cryptarithm:

   NJABA
+  LCCNH
--------
  HAPHLL

Each letter stands for a unique digit (0-9). No leading letter can be zero.
Provide a comma separated mapping from letters to digits that satisfies the equation in your final answer. Output format: ""A=1,B=2,C=3"" (without quotes)
","A=3,B=6,C=7,H=1,J=2,L=4,N=8,P=0"
"Solve this cryptarithm:

    MWB
   EBKR
+ MXBIX
-------
  XXBBR

Each letter stands for a unique digit (0-9). No leading letter can be zero.
Provide a comma separated mapping from letters to digits that satisfies the equation in your final answer. Output format: ""A=1,B=2,C=3"" (without quotes)
","B=8,E=9,I=6,K=4,M=1,R=0,W=7,X=2"
"Solve this cryptarithm:

    ZJJ
  ZPPRJ
+ EZLLJ
-------
  BRRZG

Each letter stands for a unique digit (0-9). No leading letter can be zero.
Provide a comma separated mapping from letters to digits that satisfies the equation in your final answer. Output format: ""A=1,B=2,C=3"" (without quotes)
","B=7,E=6,G=4,J=8,L=9,P=0,R=2,Z=1"
"Solve this cryptarithm:

   GGJ
+ JJPA
------
  APLX

Each letter stands for a unique digit (0-9). No leading letter can be zero.
Provide a comma separated mapping from letters to digits that satisfies the equation in your final answer. Output format: ""A=1,B=2,C=3"" (without quotes)
","A=4,G=8,J=3,L=0,P=2,X=7"
"Solve this cryptarithm:

    VCU
   QNBV
+ VQKUZ
-------
  UPNKK

Each letter stands for a unique digit (0-9). No leading letter can be zero.
Provide a comma separated mapping from letters to digits that satisfies the equation in your final answer. Output format: ""A=1,B=2,C=3"" (without quotes)
","B=4,C=3,K=9,N=0,P=7,Q=8,U=2,V=1,Z=6"
"Solve this cryptarithm:

   HLM
+  FXG
------
  HHJG

Each letter stands for a unique digit (0-9). No leading letter can be zero.
Provide a comma separated mapping from letters to digits that satisfies the equation in your final answer. Output format: ""A=1,B=2,C=3"" (without quotes)
","F=9,G=6,H=1,J=2,L=7,M=0,X=5"
"Solve this cryptarithm:

   FQTQ
  ZZZXK
+  RQWF
-------
  SSQDW

Each letter stands for a unique digit (0-9). No leading letter can be zero.
Provide a comma separated mapping from letters to digits that satisfies the equation in your final answer. Output format: ""A=1,B=2,C=3"" (without quotes)
","D=5,F=9,K=0,Q=3,R=1,S=7,T=4,W=2,X=8,Z=6"
"Solve this cryptarithm:

  MRXA
   WXI
+  IRX
------
  APOR

Each letter stands for a unique digit (0-9). No leading letter can be zero.
Provide a comma separated mapping from letters to digits that satisfies the equation in your final answer. Output format: ""A=1,B=2,C=3"" (without quotes)
","A=6,I=7,M=4,O=0,P=1,R=5,W=8,X=2"
"Solve this cryptarithm:

   ZMNY
  EEAUF
+ ENANA
-------
  AEEZN

Each letter stands for a unique digit (0-9). No leading letter can be zero.
Provide a comma separated mapping from letters to digits that satisfies the equation in your final answer. Output format: ""A=1,B=2,C=3"" (without quotes)
","A=5,E=2,F=7,M=0,N=8,U=4,Y=6,Z=1"
"Solve this cryptarithm:

   OFORB
     FWB
+  QOBAO
--------
  YWQYWK

Each letter stands for a unique digit (0-9). No leading letter can be zero.
Provide a comma separated mapping from letters to digits that satisfies the equation in your final answer. Output format: ""A=1,B=2,C=3"" (without quotes)
","A=6,B=7,F=9,K=8,O=4,Q=5,R=3,W=0,Y=1"
"Solve this cryptarithm:

   OBWOX
+  SXORC
--------
  BWWXOO

Each letter stands for a unique digit (0-9). No leading letter can be zero.
Provide a comma separated mapping from letters to digits that satisfies the equation in your final answer. Output format: ""A=1,B=2,C=3"" (without quotes)
","B=1,C=3,O=8,R=0,S=9,W=7,X=5"
"Solve this cryptarithm:

  PPLSS
+ SMDFW
-------
  WDDVD

Each letter stands for a unique digit (0-9). No leading letter can be zero.
Provide a comma separated mapping from letters to digits that satisfies the equation in your final answer. Output format: ""A=1,B=2,C=3"" (without quotes)
","D=0,F=7,L=9,M=8,P=1,S=4,V=2,W=6"
"Solve this cryptarithm:

  QQXQ
+  SZH
------
  QWWQ

Each letter stands for a unique digit (0-9). No leading letter can be zero.
Provide a comma separated mapping from letters to digits that satisfies the equation in your final answer. Output format: ""A=1,B=2,C=3"" (without quotes)
","H=0,Q=1,S=2,W=4,X=6,Z=8"
"Solve this cryptarithm:

  ZJJOV
+   PVK
-------
  ZPZKR

Each letter stands for a unique digit (0-9). No leading letter can be zero.
Provide a comma separated mapping from letters to digits that satisfies the equation in your final answer. Output format: ""A=1,B=2,C=3"" (without quotes)
","J=6,K=2,O=3,P=7,R=0,V=8,Z=4"
"Solve this cryptarithm:

   MMIZM
     MJP
+  SSTIT
--------
  ZRRSZP

Each letter stands for a unique digit (0-9). No leading letter can be zero.
Provide a comma separated mapping from letters to digits that satisfies the equation in your final answer. Output format: ""A=1,B=2,C=3"" (without quotes)
","I=7,J=2,M=4,P=5,R=3,S=8,T=6,Z=1"
"Solve this cryptarithm:

   IDRI
  CWDMW
+ ITFDI
-------
  FQRRM

Each letter stands for a unique digit (0-9). No leading letter can be zero.
Provide a comma separated mapping from letters to digits that satisfies the equation in your final answer. Output format: ""A=1,B=2,C=3"" (without quotes)
","C=7,D=2,F=9,I=1,M=8,Q=3,R=4,T=5,W=6"
"Solve this cryptarithm:

   WMCM
+ MPYMD
-------
  PLGMA

Each letter stands for a unique digit (0-9). No leading letter can be zero.
Provide a comma separated mapping from letters to digits that satisfies the equation in your final answer. Output format: ""A=1,B=2,C=3"" (without quotes)
","A=9,C=0,D=6,G=8,L=1,M=3,P=4,W=7,Y=5"
"Solve this cryptarithm:

   YCYI
+  UNNI
-------
  NIETI

Each letter stands for a unique digit (0-9). No leading letter can be zero.
Provide a comma separated mapping from letters to digits that satisfies the equation in your final answer. Output format: ""A=1,B=2,C=3"" (without quotes)
","C=6,E=7,I=0,N=1,T=3,U=8,Y=2"
"Solve this cryptarithm:

   DLQ
   DLK
+  JLQ
------
  KQQZ

Each letter stands for a unique digit (0-9). No leading letter can be zero.
Provide a comma separated mapping from letters to digits that satisfies the equation in your final answer. Output format: ""A=1,B=2,C=3"" (without quotes)
","D=3,J=6,K=1,L=8,Q=4,Z=9"
"Solve this cryptarithm:

   CBM
  WIDP
+  KDN
------
  BBDC

Each letter stands for a unique digit (0-9). No leading letter can be zero.
Provide a comma separated mapping from letters to digits that satisfies the equation in your final answer. Output format: ""A=1,B=2,C=3"" (without quotes)
","B=8,C=2,D=1,I=6,K=9,M=3,N=4,P=5,W=7"
"Solve this cryptarithm:

  UEVDB
+   WCB
-------
  UUCUU

Each letter stands for a unique digit (0-9). No leading letter can be zero.
Provide a comma separated mapping from letters to digits that satisfies the equation in your final answer. Output format: ""A=1,B=2,C=3"" (without quotes)
","B=8,C=1,D=4,E=5,U=6,V=9,W=2"
"Solve this cryptarithm:

   SDXD
    BPM
+ PSIXE
-------
  PBXLS

Each letter stands for a unique digit (0-9). No leading letter can be zero.
Provide a comma separated mapping from letters to digits that satisfies the equation in your final answer. Output format: ""A=1,B=2,C=3"" (without quotes)
","B=3,D=7,E=0,I=6,L=2,M=4,P=5,S=1,X=8"
"Solve this cryptarithm:

   IJKHH
   FBFHP
+   PFKK
--------
  KBPWHV

Each letter stands for a unique digit (0-9). No leading letter can be zero.
Provide a comma separated mapping from letters to digits that satisfies the equation in your final answer. Output format: ""A=1,B=2,C=3"" (without quotes)
","B=0,F=5,H=8,I=4,J=9,K=1,P=7,V=6,W=2"
"Solve this cryptarithm:

  YUSZL
+   TSZ
-------
  YUCTD

Each letter stands for a unique digit (0-9). No leading letter can be zero.
Provide a comma separated mapping from letters to digits that satisfies the equation in your final answer. Output format: ""A=1,B=2,C=3"" (without quotes)
","C=9,D=0,L=6,S=2,T=7,U=8,Y=5,Z=4"
"Solve this cryptarithm:

   ZPP
+ ZNNZ
------
  NYNR

Each letter stands for a unique digit (0-9). No leading letter can be zero.
Provide a comma separated mapping from letters to digits that satisfies the equation in your final answer. Output format: ""A=1,B=2,C=3"" (without quotes)
","N=7,P=9,R=5,Y=4,Z=6"
"Solve this cryptarithm:

   HBSQ
   UQOV
+   DUO
-------
  OHVSI

Each letter stands for a unique digit (0-9). No leading letter can be zero.
Provide a comma separated mapping from letters to digits that satisfies the equation in your final answer. Output format: ""A=1,B=2,C=3"" (without quotes)
","B=5,D=9,H=3,I=0,O=1,Q=7,S=4,U=8,V=2"
"Solve this cryptarithm:

  YXXPT
+   PXL
-------
  YAYWW

Each letter stands for a unique digit (0-9). No leading letter can be zero.
Provide a comma separated mapping from letters to digits that satisfies the equation in your final answer. Output format: ""A=1,B=2,C=3"" (without quotes)
","A=9,L=1,P=6,T=3,W=4,X=8,Y=5"
"Solve this cryptarithm:

    DXL
    CPL
+ XYWYL
-------
  XDWGO

Each letter stands for a unique digit (0-9). No leading letter can be zero.
Provide a comma separated mapping from letters to digits that satisfies the equation in your final answer. Output format: ""A=1,B=2,C=3"" (without quotes)
","C=2,D=6,G=0,L=7,O=1,P=9,W=8,X=4,Y=5"
"Solve this cryptarithm:

   AHV
+ MYMH
------
  MMYJ

Each letter stands for a unique digit (0-9). No leading letter can be zero.
Provide a comma separated mapping from letters to digits that satisfies the equation in your final answer. Output format: ""A=1,B=2,C=3"" (without quotes)
","A=4,H=5,J=8,M=6,V=3,Y=1"
"Solve this cryptarithm:

   JJZRB
     OHM
+   WVBL
--------
  BRWLJV

Each letter stands for a unique digit (0-9). No leading letter can be zero.
Provide a comma separated mapping from letters to digits that satisfies the equation in your final answer. Output format: ""A=1,B=2,C=3"" (without quotes)
","B=1,H=7,J=9,L=3,M=8,O=5,R=0,V=2,W=4,Z=6"
"Solve this cryptarithm:

  LXTZP
  KLTZV
+  ZKTS
-------
  PZSXU

Each letter stands for a unique digit (0-9). No leading letter can be zero.
Provide a comma separated mapping from letters to digits that satisfies the equation in your final answer. Output format: ""A=1,B=2,C=3"" (without quotes)
","K=2,L=6,P=9,S=4,T=5,U=0,V=7,X=3,Z=8"
"Solve this cryptarithm:

  BRXH
+  CWX
------
  EEGX

Each letter stands for a unique digit (0-9). No leading letter can be zero.
Provide a comma separated mapping from letters to digits that satisfies the equation in your final answer. Output format: ""A=1,B=2,C=3"" (without quotes)
","B=4,C=6,E=5,G=2,H=0,R=8,W=9,X=3"
"Solve this cryptarithm:

   PPAMA
     CWS
+  FWQFF
--------
  MAJFPW

Each letter stands for a unique digit (0-9). No leading letter can be zero.
Provide a comma separated mapping from letters to digits that satisfies the equation in your final answer. Output format: ""A=1,B=2,C=3"" (without quotes)
","A=2,C=4,F=5,J=8,M=1,P=7,Q=9,S=3,W=0"
"Solve this cryptarithm:

   GMC
   CCC
+ GMKV
------
  SCAV

Each letter stands for a unique digit (0-9). No leading letter can be zero.
Provide a comma separated mapping from letters to digits that satisfies the equation in your final answer. Output format: ""A=1,B=2,C=3"" (without quotes)
","A=7,C=5,G=1,K=3,M=8,S=2,V=0"
"Solve this cryptarithm:

   BHR
+ EEHP
------
  RGGG

Each letter stands for a unique digit (0-9). No leading letter can be zero.
Provide a comma separated mapping from letters to digits that satisfies the equation in your final answer. Output format: ""A=1,B=2,C=3"" (without quotes)
","B=4,E=7,G=1,H=0,P=3,R=8"
"Solve this cryptarithm:

   EVXZ
+ XXWIF
-------
  IAAAA

Each letter stands for a unique digit (0-9). No leading letter can be zero.
Provide a comma separated mapping from letters to digits that satisfies the equation in your final answer. Output format: ""A=1,B=2,C=3"" (without quotes)
","A=2,E=7,F=4,I=6,V=1,W=0,X=5,Z=8"
"Solve this cryptarithm:

  QAJF
  APDJ
+  AFF
------
  DKJF

Each letter stands for a unique digit (0-9). No leading letter can be zero.
Provide a comma separated mapping from letters to digits that satisfies the equation in your final answer. Output format: ""A=1,B=2,C=3"" (without quotes)
","A=1,D=5,F=4,J=6,K=0,P=7,Q=3"
"Solve this cryptarithm:

  LYQJU
+  PQPD
-------
  UNDUU

Each letter stands for a unique digit (0-9). No leading letter can be zero.
Provide a comma separated mapping from letters to digits that satisfies the equation in your final answer. Output format: ""A=1,B=2,C=3"" (without quotes)
","D=0,J=3,L=8,N=4,P=6,Q=5,U=9,Y=7"
"Solve this cryptarithm:

  ENEGN
   VVSQ
+ VRTRN
-------
  QNRSQ

Each letter stands for a unique digit (0-9). No leading letter can be zero.
Provide a comma separated mapping from letters to digits that satisfies the equation in your final answer. Output format: ""A=1,B=2,C=3"" (without quotes)
","E=2,G=7,N=0,Q=9,R=3,S=5,T=4,V=6"
"Solve this cryptarithm:

   OECE
+  CCEA
-------
  MCKKK

Each letter stands for a unique digit (0-9). No leading letter can be zero.
Provide a comma separated mapping from letters to digits that satisfies the equation in your final answer. Output format: ""A=1,B=2,C=3"" (without quotes)
","A=7,C=6,E=3,K=0,M=1,O=9"
"Solve this cryptarithm:

    KWJZ
   GIUCM
+  UUDMC
--------
  JMJWZW

Each letter stands for a unique digit (0-9). No leading letter can be zero.
Provide a comma separated mapping from letters to digits that satisfies the equation in your final answer. Output format: ""A=1,B=2,C=3"" (without quotes)
","C=9,D=2,G=6,I=0,J=1,K=3,M=4,U=7,W=8,Z=5"
"Solve this cryptarithm:

  UKUUU
+  QBRI
-------
  IOROB

Each letter stands for a unique digit (0-9). No leading letter can be zero.
Provide a comma separated mapping from letters to digits that satisfies the equation in your final answer. Output format: ""A=1,B=2,C=3"" (without quotes)
","B=1,I=6,K=4,O=3,Q=9,R=7,U=5"
"Solve this cryptarithm:

   RDPE
+ BYSKN
-------
  BSPDE

Each letter stands for a unique digit (0-9). No leading letter can be zero.
Provide a comma separated mapping from letters to digits that satisfies the equation in your final answer. Output format: ""A=1,B=2,C=3"" (without quotes)
","B=4,D=5,E=8,K=6,N=0,P=9,R=2,S=3,Y=1"
"Solve this cryptarithm:

  FQFQD
+ SLDLF
-------
  GCSCF

Each letter stands for a unique digit (0-9). No leading letter can be zero.
Provide a comma separated mapping from letters to digits that satisfies the equation in your final answer. Output format: ""A=1,B=2,C=3"" (without quotes)
","C=1,D=0,F=3,G=8,L=5,Q=6,S=4"
"Solve this cryptarithm:

   KEEE
+  ABGR
-------
  BBBGR

Each letter stands for a unique digit (0-9). No leading letter can be zero.
Provide a comma separated mapping from letters to digits that satisfies the equation in your final answer. Output format: ""A=1,B=2,C=3"" (without quotes)
","A=9,B=1,E=0,G=3,K=2,R=6"
"Solve this cryptarithm:

   WUDU
+ MALNL
-------
  MWHPH

Each letter stands for a unique digit (0-9). No leading letter can be zero.
Provide a comma separated mapping from letters to digits that satisfies the equation in your final answer. Output format: ""A=1,B=2,C=3"" (without quotes)
","A=0,D=2,H=9,L=1,M=4,N=3,P=5,U=8,W=7"
"Solve this cryptarithm:

    LZA
+ FFALJ
-------
  FQZAA

Each letter stands for a unique digit (0-9). No leading letter can be zero.
Provide a comma separated mapping from letters to digits that satisfies the equation in your final answer. Output format: ""A=1,B=2,C=3"" (without quotes)
","A=6,F=7,J=0,L=5,Q=8,Z=1"
"Solve this cryptarithm:

   YPPPB
+  DVBLP
--------
  PLYVAV

Each letter stands for a unique digit (0-9). No leading letter can be zero.
Provide a comma separated mapping from letters to digits that satisfies the equation in your final answer. Output format: ""A=1,B=2,C=3"" (without quotes)
","A=3,B=6,D=4,L=2,P=1,V=7,Y=8"
"Solve this cryptarithm:

   KKXU
+  RVPD
-------
  XAUMW

Each letter stands for a unique digit (0-9). No leading letter can be zero.
Provide a comma separated mapping from letters to digits that satisfies the equation in your final answer. Output format: ""A=1,B=2,C=3"" (without quotes)
","A=6,D=3,K=7,M=0,P=9,R=8,U=2,V=4,W=5,X=1"
"Solve this cryptarithm:

  JMWGZ
    RKS
+   JKI
-------
  JSIZS

Each letter stands for a unique digit (0-9). No leading letter can be zero.
Provide a comma separated mapping from letters to digits that satisfies the equation in your final answer. Output format: ""A=1,B=2,C=3"" (without quotes)
","G=1,I=4,J=7,K=2,M=3,R=8,S=5,W=9,Z=6"
"Solve this cryptarithm:

   RBO
   VMA
+ VAQB
------
  IQVB

Each letter stands for a unique digit (0-9). No leading letter can be zero.
Provide a comma separated mapping from letters to digits that satisfies the equation in your final answer. Output format: ""A=1,B=2,C=3"" (without quotes)
","A=2,B=7,I=5,M=6,O=8,Q=0,R=3,V=4"
"Solve this cryptarithm:

   GMIM
+ OTOBJ
-------
  IBICJ

Each letter stands for a unique digit (0-9). No leading letter can be zero.
Provide a comma separated mapping from letters to digits that satisfies the equation in your final answer. Output format: ""A=1,B=2,C=3"" (without quotes)
","B=7,C=1,G=9,I=4,J=2,M=0,O=3,T=8"
"Solve this cryptarithm:

   HNH
  FBPL
+ BCNK
------
  MJKP

Each letter stands for a unique digit (0-9). No leading letter can be zero.
Provide a comma separated mapping from letters to digits that satisfies the equation in your final answer. Output format: ""A=1,B=2,C=3"" (without quotes)
","B=1,C=2,F=7,H=6,J=9,K=5,L=3,M=8,N=0,P=4"
"Solve this cryptarithm:

  JBNBK
    LVB
+   BWT
-------
  JBDWK

Each letter stands for a unique digit (0-9). No leading letter can be zero.
Provide a comma separated mapping from letters to digits that satisfies the equation in your final answer. Output format: ""A=1,B=2,C=3"" (without quotes)
","B=4,D=8,J=7,K=3,L=2,N=1,T=6,V=5,W=0"
"Solve this cryptarithm:

   NLS
   QSW
+ AAWC
------
  YYRW

Each letter stands for a unique digit (0-9). No leading letter can be zero.
Provide a comma separated mapping from letters to digits that satisfies the equation in your final answer. Output format: ""A=1,B=2,C=3"" (without quotes)
","A=4,C=2,L=7,N=9,Q=1,R=6,S=8,W=0,Y=5"
"Solve this cryptarithm:

   OHH
+ OFAO
------
  OTFI

Each letter stands for a unique digit (0-9). No leading letter can be zero.
Provide a comma separated mapping from letters to digits that satisfies the equation in your final answer. Output format: ""A=1,B=2,C=3"" (without quotes)
","A=5,F=0,H=4,I=2,O=8,T=9"
"Solve this cryptarithm:

   YUF
+  JFG
------
  FGYF

Each letter stands for a unique digit (0-9). No leading letter can be zero.
Provide a comma separated mapping from letters to digits that satisfies the equation in your final answer. Output format: ""A=1,B=2,C=3"" (without quotes)
","F=1,G=0,J=2,U=7,Y=8"
"Solve this cryptarithm:

  VBNZC
+  GEBV
-------
  SGSCV

Each letter stands for a unique digit (0-9). No leading letter can be zero.
Provide a comma separated mapping from letters to digits that satisfies the equation in your final answer. Output format: ""A=1,B=2,C=3"" (without quotes)
","B=9,C=0,E=5,G=6,N=7,S=3,V=2,Z=1"
"Solve this cryptarithm:

  GBRRC
+  PRYX
-------
  XXPRR

Each letter stands for a unique digit (0-9). No leading letter can be zero.
Provide a comma separated mapping from letters to digits that satisfies the equation in your final answer. Output format: ""A=1,B=2,C=3"" (without quotes)
","B=3,C=7,G=1,P=8,R=9,X=2,Y=0"
"Solve this cryptarithm:

  EEZZ
+  ZNK
------
  EDUZ

Each letter stands for a unique digit (0-9). No leading letter can be zero.
Provide a comma separated mapping from letters to digits that satisfies the equation in your final answer. Output format: ""A=1,B=2,C=3"" (without quotes)
","D=5,E=4,K=0,N=7,U=8,Z=1"
"Solve this cryptarithm:

   SYGSY
+  YSPEW
--------
  KSSEKG

Each letter stands for a unique digit (0-9). No leading letter can be zero.
Provide a comma separated mapping from letters to digits that satisfies the equation in your final answer. Output format: ""A=1,B=2,C=3"" (without quotes)
","E=2,G=4,K=1,P=7,S=8,W=5,Y=9"
"Solve this cryptarithm:

  AAMAO
+   NAU
-------
  AOMKG

Each letter stands for a unique digit (0-9). No leading letter can be zero.
Provide a comma separated mapping from letters to digits that satisfies the equation in your final answer. Output format: ""A=1,B=2,C=3"" (without quotes)
","A=5,G=0,K=1,M=2,N=9,O=6,U=4"
"Solve this cryptarithm:

  QQX
+ FCE
-----
  XHX

Each letter stands for a unique digit (0-9). No leading letter can be zero.
Provide a comma separated mapping from letters to digits that satisfies the equation in your final answer. Output format: ""A=1,B=2,C=3"" (without quotes)
","C=4,E=0,F=5,H=7,Q=3,X=8"
"Solve this cryptarithm:

   XRLD
    YGY
+ RHROR
-------
  ROOPL

Each letter stands for a unique digit (0-9). No leading letter can be zero.
Provide a comma separated mapping from letters to digits that satisfies the equation in your final answer. Output format: ""A=1,B=2,C=3"" (without quotes)
","D=2,G=8,H=5,L=4,O=7,P=0,R=3,X=1,Y=9"
"Solve this cryptarithm:

  EJJOO
   KWXO
+   AJT
-------
  GZGGZ

Each letter stands for a unique digit (0-9). No leading letter can be zero.
Provide a comma separated mapping from letters to digits that satisfies the equation in your final answer. Output format: ""A=1,B=2,C=3"" (without quotes)
","A=6,E=1,G=2,J=5,K=3,O=8,T=4,W=9,X=7,Z=0"
"Solve this cryptarithm:

    PNJ
  QRJOR
+  RRRG
-------
  JQPAG

Each letter stands for a unique digit (0-9). No leading letter can be zero.
Provide a comma separated mapping from letters to digits that satisfies the equation in your final answer. Output format: ""A=1,B=2,C=3"" (without quotes)
","A=9,G=1,J=4,N=0,O=2,P=8,Q=3,R=6"
"Solve this cryptarithm:

   POUS
+  UHPU
-------
  JUJUO

Each letter stands for a unique digit (0-9). No leading letter can be zero.
Provide a comma separated mapping from letters to digits that satisfies the equation in your final answer. Output format: ""A=1,B=2,C=3"" (without quotes)
","H=8,J=1,O=2,P=9,S=7,U=5"
"Solve this cryptarithm:

   YMVOT
   MTOTM
+   TNYH
--------
  TNHTGG

Each letter stands for a unique digit (0-9). No leading letter can be zero.
Provide a comma separated mapping from letters to digits that satisfies the equation in your final answer. Output format: ""A=1,B=2,C=3"" (without quotes)
","G=8,H=0,M=7,N=2,O=3,T=1,V=6,Y=4"
"Solve this cryptarithm:

    BRL
+ EBBGL
-------
  EBAGK

Each letter stands for a unique digit (0-9). No leading letter can be zero.
Provide a comma separated mapping from letters to digits that satisfies the equation in your final answer. Output format: ""A=1,B=2,C=3"" (without quotes)
","A=3,B=1,E=2,G=4,K=0,L=5,R=9"
"Solve this cryptarithm:

   QJVN
  JJCSL
+ LVJQH
-------
  CVQLQ

Each letter stands for a unique digit (0-9). No leading letter can be zero.
Provide a comma separated mapping from letters to digits that satisfies the equation in your final answer. Output format: ""A=1,B=2,C=3"" (without quotes)
","C=6,H=5,J=1,L=4,N=0,Q=9,S=3,V=2"
"Solve this cryptarithm:

   ZEUU
   ETAZ
+  ERNT
-------
  RNUZU

Each letter stands for a unique digit (0-9). No leading letter can be zero.
Provide a comma separated mapping from letters to digits that satisfies the equation in your final answer. Output format: ""A=1,B=2,C=3"" (without quotes)
","A=6,E=3,N=4,R=1,T=2,U=7,Z=8"
"Solve this cryptarithm:

    RBJ
+ AUPMB
-------
  AUBQT

Each letter stands for a unique digit (0-9). No leading letter can be zero.
Provide a comma separated mapping from letters to digits that satisfies the equation in your final answer. Output format: ""A=1,B=2,C=3"" (without quotes)
","A=9,B=8,J=7,M=3,P=1,Q=2,R=6,T=5,U=4"
"Solve this cryptarithm:

  TSWWO
   SVAA
+  VRXR
-------
  SAWOR

Each letter stands for a unique digit (0-9). No leading letter can be zero.
Provide a comma separated mapping from letters to digits that satisfies the equation in your final answer. Output format: ""A=1,B=2,C=3"" (without quotes)
","A=1,O=9,R=2,S=6,T=4,V=8,W=7,X=0"
"Solve this cryptarithm:

   PDM
  MMWW
+  XYK
------
  PDTG

Each letter stands for a unique digit (0-9). No leading letter can be zero.
Provide a comma separated mapping from letters to digits that satisfies the equation in your final answer. Output format: ""A=1,B=2,C=3"" (without quotes)
","D=1,G=5,K=9,M=6,P=8,T=4,W=0,X=7,Y=2"
"Solve this cryptarithm:

  BBXGK
+   WFK
-------
  BWYKF

Each letter stands for a unique digit (0-9). No leading letter can be zero.
Provide a comma separated mapping from letters to digits that satisfies the equation in your final answer. Output format: ""A=1,B=2,C=3"" (without quotes)
","B=2,F=6,G=1,K=8,W=3,X=7,Y=0"
"Solve this cryptarithm:

   VQQAQ
     SIO
+  XLQAX
--------
  TVLTSI

Each letter stands for a unique digit (0-9). No leading letter can be zero.
Provide a comma separated mapping from letters to digits that satisfies the equation in your final answer. Output format: ""A=1,B=2,C=3"" (without quotes)
","A=3,I=7,L=2,O=0,Q=8,S=4,T=1,V=6,X=9"
"Solve this cryptarithm:

  WGZZ
+  ZGE
------
  XWWW

Each letter stands for a unique digit (0-9). No leading letter can be zero.
Provide a comma separated mapping from letters to digits that satisfies the equation in your final answer. Output format: ""A=1,B=2,C=3"" (without quotes)
","E=8,G=7,W=1,X=2,Z=3"
"Solve this cryptarithm:

   RSC
   BBG
+ KRCY
------
  BCRC

Each letter stands for a unique digit (0-9). No leading letter can be zero.
Provide a comma separated mapping from letters to digits that satisfies the equation in your final answer. Output format: ""A=1,B=2,C=3"" (without quotes)
","B=7,C=0,G=1,K=5,R=6,S=8,Y=9"
"Solve this cryptarithm:

   ZXDX
  FFNFB
+   HQQ
-------
  NDVUB

Each letter stands for a unique digit (0-9). No leading letter can be zero.
Provide a comma separated mapping from letters to digits that satisfies the equation in your final answer. Output format: ""A=1,B=2,C=3"" (without quotes)
","B=9,D=1,F=7,H=5,N=8,Q=4,U=3,V=0,X=6,Z=2"
"Solve this cryptarithm:

    PMA
  DIHAJ
+ ANHPN
-------
  MAIAP

Each letter stands for a unique digit (0-9). No leading letter can be zero.
Provide a comma separated mapping from letters to digits that satisfies the equation in your final answer. Output format: ""A=1,B=2,C=3"" (without quotes)
","A=1,D=4,H=9,I=2,J=5,M=6,N=7,P=3"
"Solve this cryptarithm:

   SOCV
+  VCWJ
-------
  ATSVI

Each letter stands for a unique digit (0-9). No leading letter can be zero.
Provide a comma separated mapping from letters to digits that satisfies the equation in your final answer. Output format: ""A=1,B=2,C=3"" (without quotes)
","A=1,C=3,I=7,J=5,O=4,S=8,T=0,V=2,W=9"
"Solve this cryptarithm:

    KFFD
   YAFNN
+  FFAKK
--------
  RACFRS

Each letter stands for a unique digit (0-9). No leading letter can be zero.
Provide a comma separated mapping from letters to digits that satisfies the equation in your final answer. Output format: ""A=1,B=2,C=3"" (without quotes)
","A=2,C=8,D=7,F=6,K=9,N=4,R=1,S=0,Y=5"
"Solve this cryptarithm:

  HAHXK
  HPAHX
+ ZQGKH
-------
  VPPAA

Each letter stands for a unique digit (0-9). No leading letter can be zero.
Provide a comma separated mapping from letters to digits that satisfies the equation in your final answer. Output format: ""A=1,B=2,C=3"" (without quotes)
","A=6,G=0,H=1,K=2,P=7,Q=4,V=8,X=3,Z=5"
"Solve this cryptarithm:

   TJAJ
   TXBK
+ BBITA
-------
  BKMJA

Each letter stands for a unique digit (0-9). No leading letter can be zero.
Provide a comma separated mapping from letters to digits that satisfies the equation in your final answer. Output format: ""A=1,B=2,C=3"" (without quotes)
","A=0,B=1,I=5,J=4,K=6,M=7,T=2,X=8"
"Solve this cryptarithm:

   RRHS
   SESH
+   SWV
-------
  NLSRF

Each letter stands for a unique digit (0-9). No leading letter can be zero.
Provide a comma separated mapping from letters to digits that satisfies the equation in your final answer. Output format: ""A=1,B=2,C=3"" (without quotes)
","E=6,F=7,H=0,L=2,N=1,R=3,S=8,V=9,W=4"
"Solve this cryptarithm:

   ANDRA
   DKANR
+   BAGG
--------
  OSDBKB

Each letter stands for a unique digit (0-9). No leading letter can be zero.
Provide a comma separated mapping from letters to digits that satisfies the equation in your final answer. Output format: ""A=1,B=2,C=3"" (without quotes)
","A=6,B=9,D=7,G=0,K=5,N=2,O=1,R=3,S=4"
"Solve this cryptarithm:

  ZEVBJ
    EEX
+   SNE
-------
  ZEJNX

Each letter stands for a unique digit (0-9). No leading letter can be zero.
Provide a comma separated mapping from letters to digits that satisfies the equation in your final answer. Output format: ""A=1,B=2,C=3"" (without quotes)
","B=8,E=1,J=9,N=3,S=2,V=5,X=7,Z=4"
"Solve this cryptarithm:

   VKCC
   KKBC
+   KOV
-------
  NNJBJ

Each letter stands for a unique digit (0-9). No leading letter can be zero.
Provide a comma separated mapping from letters to digits that satisfies the equation in your final answer. Output format: ""A=1,B=2,C=3"" (without quotes)
","B=8,C=4,J=7,K=2,N=1,O=5,V=9"
"Solve this cryptarithm:

   USWV
+  SISE
-------
  QSWQU

Each letter stands for a unique digit (0-9). No leading letter can be zero.
Provide a comma separated mapping from letters to digits that satisfies the equation in your final answer. Output format: ""A=1,B=2,C=3"" (without quotes)
","E=7,I=8,Q=1,S=6,U=9,V=2,W=5"
"Solve this cryptarithm:

  QPPAO
+  ZPOH
-------
  QAQAH

Each letter stands for a unique digit (0-9). No leading letter can be zero.
Provide a comma separated mapping from letters to digits that satisfies the equation in your final answer. Output format: ""A=1,B=2,C=3"" (without quotes)
","A=5,H=3,O=0,P=1,Q=2,Z=4"
"Solve this cryptarithm:

  INMVU
   MMVG
+   AMM
-------
  IJMOV

Each letter stands for a unique digit (0-9). No leading letter can be zero.
Provide a comma separated mapping from letters to digits that satisfies the equation in your final answer. Output format: ""A=1,B=2,C=3"" (without quotes)
","A=2,G=6,I=8,J=9,M=7,N=1,O=4,U=0,V=3"
"Solve this cryptarithm:

   WPHWA
+  NNIHP
--------
  BLKLBI

Each letter stands for a unique digit (0-9). No leading letter can be zero.
Provide a comma separated mapping from letters to digits that satisfies the equation in your final answer. Output format: ""A=1,B=2,C=3"" (without quotes)
","A=4,B=1,H=7,I=2,K=5,L=0,N=6,P=8,W=3"
"Solve this cryptarithm:

  LHENX
   EEHH
+   WNS
-------
  LXVVF

Each letter stands for a unique digit (0-9). No leading letter can be zero.
Provide a comma separated mapping from letters to digits that satisfies the equation in your final answer. Output format: ""A=1,B=2,C=3"" (without quotes)
","E=2,F=5,H=6,L=9,N=0,S=1,V=7,W=3,X=8"
"Solve this cryptarithm:

   OPW
+ YPWR
------
  YBCY

Each letter stands for a unique digit (0-9). No leading letter can be zero.
Provide a comma separated mapping from letters to digits that satisfies the equation in your final answer. Output format: ""A=1,B=2,C=3"" (without quotes)
","B=5,C=9,O=2,P=3,R=1,W=6,Y=7"
"Solve this cryptarithm:

   VBGV
   UHHO
+ GGUHI
-------
  NUNNB

Each letter stands for a unique digit (0-9). No leading letter can be zero.
Provide a comma separated mapping from letters to digits that satisfies the equation in your final answer. Output format: ""A=1,B=2,C=3"" (without quotes)
","B=5,G=6,H=0,I=3,N=7,O=8,U=2,V=4"
"Solve this cryptarithm:

  NJJN
+  SNW
------
  NKYC

Each letter stands for a unique digit (0-9). No leading letter can be zero.
Provide a comma separated mapping from letters to digits that satisfies the equation in your final answer. Output format: ""A=1,B=2,C=3"" (without quotes)
","C=8,J=2,K=6,N=5,S=4,W=3,Y=7"
"Solve this cryptarithm:

   SZMPP
    SIIM
+  VQPMZ
--------
  DPDDDD

Each letter stands for a unique digit (0-9). No leading letter can be zero.
Provide a comma separated mapping from letters to digits that satisfies the equation in your final answer. Output format: ""A=1,B=2,C=3"" (without quotes)
","D=1,I=8,M=0,P=2,Q=7,S=4,V=6,Z=9"
"Solve this cryptarithm:

   NGNHP
    IEPH
+  ETHLE
--------
  GEIGPG

Each letter stands for a unique digit (0-9). No leading letter can be zero.
Provide a comma separated mapping from letters to digits that satisfies the equation in your final answer. Output format: ""A=1,B=2,C=3"" (without quotes)
","E=5,G=1,H=6,I=8,L=3,N=9,P=0,T=7"
"Solve this cryptarithm:

   GFSD
   FIDY
+  GYXH
-------
  GIOFG

Each letter stands for a unique digit (0-9). No leading letter can be zero.
Provide a comma separated mapping from letters to digits that satisfies the equation in your final answer. Output format: ""A=1,B=2,C=3"" (without quotes)
","D=7,F=9,G=1,H=0,I=2,O=6,S=3,X=8,Y=4"
"Solve this cryptarithm:

   RKT
+ OKJJ
------
  NKTO

Each letter stands for a unique digit (0-9). No leading letter can be zero.
Provide a comma separated mapping from letters to digits that satisfies the equation in your final answer. Output format: ""A=1,B=2,C=3"" (without quotes)
","J=3,K=8,N=5,O=4,R=9,T=1"
"Solve this cryptarithm:

    QOS
+ TUWVU
-------
  TQVVC

Each letter stands for a unique digit (0-9). No leading letter can be zero.
Provide a comma separated mapping from letters to digits that satisfies the equation in your final answer. Output format: ""A=1,B=2,C=3"" (without quotes)
","C=1,O=9,Q=4,S=8,T=7,U=3,V=0,W=5"
"Solve this cryptarithm:

   ABPX
+  BRLP
-------
  PIAAP

Each letter stands for a unique digit (0-9). No leading letter can be zero.
Provide a comma separated mapping from letters to digits that satisfies the equation in your final answer. Output format: ""A=1,B=2,C=3"" (without quotes)
","A=8,B=6,I=4,L=7,P=1,R=2,X=0"
"Solve this cryptarithm:

  PAYEE
+  GEEA
-------
  PPYEA

Each letter stands for a unique digit (0-9). No leading letter can be zero.
Provide a comma separated mapping from letters to digits that satisfies the equation in your final answer. Output format: ""A=1,B=2,C=3"" (without quotes)
","A=6,E=0,G=2,P=8,Y=3"
"Solve this cryptarithm:

  VHNNA
   ABMK
+  HKBY
-------
  YRHQR

Each letter stands for a unique digit (0-9). No leading letter can be zero.
Provide a comma separated mapping from letters to digits that satisfies the equation in your final answer. Output format: ""A=1,B=2,C=3"" (without quotes)
","A=5,B=2,H=6,K=3,M=0,N=1,Q=4,R=7,V=8,Y=9"
"Solve this cryptarithm:

   CWPW
  IIUYU
+  YPGH
-------
  YEGWF

Each letter stands for a unique digit (0-9). No leading letter can be zero.
Provide a comma separated mapping from letters to digits that satisfies the equation in your final answer. Output format: ""A=1,B=2,C=3"" (without quotes)
","C=3,E=0,F=1,G=6,H=5,I=7,P=8,U=2,W=4,Y=9"
"Solve this cryptarithm:

  SZZSD
    ESE
+  PDYD
-------
  ZSYSE

Each letter stands for a unique digit (0-9). No leading letter can be zero.
Provide a comma separated mapping from letters to digits that satisfies the equation in your final answer. Output format: ""A=1,B=2,C=3"" (without quotes)
","D=5,E=6,P=7,S=8,Y=1,Z=9"
"Solve this cryptarithm:

  ILIQR
    FIR
+   XDQ
-------
  IVUYI

Each letter stands for a unique digit (0-9). No leading letter can be zero.
Provide a comma separated mapping from letters to digits that satisfies the equation in your final answer. Output format: ""A=1,B=2,C=3"" (without quotes)
","D=4,F=7,I=6,L=2,Q=0,R=8,U=9,V=3,X=5,Y=1"
"Solve this cryptarithm:

  UEJEK
  EPOSN
+  PEPU
-------
  LOLPL

Each letter stands for a unique digit (0-9). No leading letter can be zero.
Provide a comma separated mapping from letters to digits that satisfies the equation in your final answer. Output format: ""A=1,B=2,C=3"" (without quotes)
","E=5,J=3,K=9,L=7,N=6,O=8,P=1,S=4,U=2"
"Solve this cryptarithm:

  RQQ
+ DWA
-----
  BAQ

Each letter stands for a unique digit (0-9). No leading letter can be zero.
Provide a comma separated mapping from letters to digits that satisfies the equation in your final answer. Output format: ""A=1,B=2,C=3"" (without quotes)
","A=0,B=7,D=5,Q=6,R=1,W=4"
"Solve this cryptarithm:

  XBRBD
+   DPP
-------
  XXPBD

Each letter stands for a unique digit (0-9). No leading letter can be zero.
Provide a comma separated mapping from letters to digits that satisfies the equation in your final answer. Output format: ""A=1,B=2,C=3"" (without quotes)
","B=8,D=3,P=0,R=7,X=9"
"Solve this cryptarithm:

    NNU
+ QLEWR
-------
  QLNQQ

Each letter stands for a unique digit (0-9). No leading letter can be zero.
Provide a comma separated mapping from letters to digits that satisfies the equation in your final answer. Output format: ""A=1,B=2,C=3"" (without quotes)
","E=0,L=9,N=1,Q=5,R=3,U=2,W=4"
"Solve this cryptarithm:

    YPG
   CACK
+ FFFKC
-------
  PRAZA

Each letter stands for a unique digit (0-9). No leading letter can be zero.
Provide a comma separated mapping from letters to digits that satisfies the equation in your final answer. Output format: ""A=1,B=2,C=3"" (without quotes)
","A=0,C=5,F=8,G=3,K=2,P=9,R=4,Y=1,Z=7"
"Solve this cryptarithm:

  BFMZU
   NUUQ
+   UYQ
-------
  BBYYA

Each letter stands for a unique digit (0-9). No leading letter can be zero.
Provide a comma separated mapping from letters to digits that satisfies the equation in your final answer. Output format: ""A=1,B=2,C=3"" (without quotes)
","A=9,B=5,F=0,M=3,N=4,Q=6,U=7,Y=8,Z=2"
"Solve this cryptarithm:

  YAHV
+ HYFD
------
  ZUDP

Each letter stands for a unique digit (0-9). No leading letter can be zero.
Provide a comma separated mapping from letters to digits that satisfies the equation in your final answer. Output format: ""A=1,B=2,C=3"" (without quotes)
","A=7,D=1,F=5,H=6,P=4,U=0,V=3,Y=2,Z=9"
"Solve this cryptarithm:

    FFJS
   WFGQQ
+  TWHGG
--------
  FLTFTG

Each letter stands for a unique digit (0-9). No leading letter can be zero.
Provide a comma separated mapping from letters to digits that satisfies the equation in your final answer. Output format: ""A=1,B=2,C=3"" (without quotes)
","F=1,G=2,H=7,J=9,L=3,Q=6,S=4,T=8,W=5"
"Solve this cryptarithm:

  PHQIO
  HJPTO
+  HTPI
-------
  IVJZJ

Each letter stands for a unique digit (0-9). No leading letter can be zero.
Provide a comma separated mapping from letters to digits that satisfies the equation in your final answer. Output format: ""A=1,B=2,C=3"" (without quotes)
","H=5,I=9,J=1,O=6,P=3,Q=7,T=0,V=2,Z=4"
"Solve this cryptarithm:

    AST
+ LXXQS
-------
  LXJFJ

Each letter stands for a unique digit (0-9). No leading letter can be zero.
Provide a comma separated mapping from letters to digits that satisfies the equation in your final answer. Output format: ""A=1,B=2,C=3"" (without quotes)
","A=8,F=1,J=9,L=6,Q=7,S=4,T=5,X=0"
"Solve this cryptarithm:

   HFIAH
    ABRF
+  OFGBB
--------
  RGODRR

Each letter stands for a unique digit (0-9). No leading letter can be zero.
Provide a comma separated mapping from letters to digits that satisfies the equation in your final answer. Output format: ""A=1,B=2,C=3"" (without quotes)
","A=9,B=0,D=7,F=3,G=4,H=8,I=2,O=5,R=1"
"Solve this cryptarithm:

    DLB
   BSYY
+  OSOD
-------
  YOSLD

Each letter stands for a unique digit (0-9). No leading letter can be zero.
Provide a comma separated mapping from letters to digits that satisfies the equation in your final answer. Output format: ""A=1,B=2,C=3"" (without quotes)
","B=9,D=5,L=3,O=8,S=4,Y=1"
"Solve this cryptarithm:

    XSU
+ SUADD
-------
  SUBZV

Each letter stands for a unique digit (0-9). No leading letter can be zero.
Provide a comma separated mapping from letters to digits that satisfies the equation in your final answer. Output format: ""A=1,B=2,C=3"" (without quotes)
","A=7,B=9,D=3,S=5,U=1,V=4,X=2,Z=8"
"Solve this cryptarithm:

  EPUN
+  HYU
------
  USPL

Each letter stands for a unique digit (0-9). No leading letter can be zero.
Provide a comma separated mapping from letters to digits that satisfies the equation in your final answer. Output format: ""A=1,B=2,C=3"" (without quotes)
","E=6,H=5,L=8,N=1,P=9,S=4,U=7,Y=2"
"Solve this cryptarithm:

   XAIW
+ UTDIX
-------
  UKWDI

Each letter stands for a unique digit (0-9). No leading letter can be zero.
Provide a comma separated mapping from letters to digits that satisfies the equation in your final answer. Output format: ""A=1,B=2,C=3"" (without quotes)
","A=7,D=1,I=0,K=5,T=3,U=4,W=8,X=2"
"Solve this cryptarithm:

     DTD
   XXZDE
+  SSSZN
--------
  ZWWDZT

Each letter stands for a unique digit (0-9). No leading letter can be zero.
Provide a comma separated mapping from letters to digits that satisfies the equation in your final answer. Output format: ""A=1,B=2,C=3"" (without quotes)
","D=3,E=0,N=4,S=8,T=7,W=5,X=6,Z=1"
"Solve this cryptarithm:

  KOOJJ
   QOAA
+   CCD
-------
  QPPQC

Each letter stands for a unique digit (0-9). No leading letter can be zero.
Provide a comma separated mapping from letters to digits that satisfies the equation in your final answer. Output format: ""A=1,B=2,C=3"" (without quotes)
","A=5,C=3,D=0,J=8,K=6,O=4,P=2,Q=7"
"Solve this cryptarithm:

  NDGRD
+  GGDL
-------
  NHNNV

Each letter stands for a unique digit (0-9). No leading letter can be zero.
Provide a comma separated mapping from letters to digits that satisfies the equation in your final answer. Output format: ""A=1,B=2,C=3"" (without quotes)
","D=2,G=3,H=5,L=7,N=6,R=4,V=9"
"Solve this cryptarithm:

    BRJB
   WTBBT
+   TAJR
--------
  CRTRGW

Each letter stands for a unique digit (0-9). No leading letter can be zero.
Provide a comma separated mapping from letters to digits that satisfies the equation in your final answer. Output format: ""A=1,B=2,C=3"" (without quotes)
","A=6,B=4,C=1,G=8,J=2,R=0,T=5,W=9"
"Solve this cryptarithm:

   RSV
   VRV
+  GQJ
------
  GMJM

Each letter stands for a unique digit (0-9). No leading letter can be zero.
Provide a comma separated mapping from letters to digits that satisfies the equation in your final answer. Output format: ""A=1,B=2,C=3"" (without quotes)
","G=1,J=5,M=7,Q=3,R=9,S=2,V=6"
"Solve this cryptarithm:

  JDCUS
  CERRD
+  JUDJ
-------
  EURFU

Each letter stands for a unique digit (0-9). No leading letter can be zero.
Provide a comma separated mapping from letters to digits that satisfies the equation in your final answer. Output format: ""A=1,B=2,C=3"" (without quotes)
","C=2,D=1,E=9,F=3,J=6,R=5,S=0,U=7"
"Solve this cryptarithm:

   QQYMQ
   ZZIII
+   IQYY
--------
  KYHLHY

Each letter stands for a unique digit (0-9). No leading letter can be zero.
Provide a comma separated mapping from letters to digits that satisfies the equation in your final answer. Output format: ""A=1,B=2,C=3"" (without quotes)
","H=8,I=6,K=1,L=3,M=9,Q=4,Y=2,Z=7"
"Solve this cryptarithm:

  BMPD
+ BEPP
------
  MVVT

Each letter stands for a unique digit (0-9). No leading letter can be zero.
Provide a comma separated mapping from letters to digits that satisfies the equation in your final answer. Output format: ""A=1,B=2,C=3"" (without quotes)
","B=4,D=2,E=7,M=9,P=3,T=5,V=6"
"Solve this cryptarithm:

  AFDF
+  DDD
------
  FAFL

Each letter stands for a unique digit (0-9). No leading letter can be zero.
Provide a comma separated mapping from letters to digits that satisfies the equation in your final answer. Output format: ""A=1,B=2,C=3"" (without quotes)
","A=6,D=8,F=7,L=5"
"Solve this cryptarithm:

  OEVT
+ OLFL
------
  XOFU

Each letter stands for a unique digit (0-9). No leading letter can be zero.
Provide a comma separated mapping from letters to digits that satisfies the equation in your final answer. Output format: ""A=1,B=2,C=3"" (without quotes)
","E=4,F=8,L=7,O=1,T=2,U=9,V=0,X=3"
"Solve this cryptarithm:

   XFLQ
  IOXIM
+ FLLHQ
-------
  VMMMO

Each letter stands for a unique digit (0-9). No leading letter can be zero.
Provide a comma separated mapping from letters to digits that satisfies the equation in your final answer. Output format: ""A=1,B=2,C=3"" (without quotes)
","F=6,H=3,I=1,L=2,M=7,O=5,Q=4,V=8,X=9"
"Solve this cryptarithm:

    YQQ
   QKGL
+  GGUQ
-------
  LDNKQ

Each letter stands for a unique digit (0-9). No leading letter can be zero.
Provide a comma separated mapping from letters to digits that satisfies the equation in your final answer. Output format: ""A=1,B=2,C=3"" (without quotes)
","D=3,G=4,K=0,L=1,N=8,Q=9,U=6,Y=2"
"Solve this cryptarithm:

  JZWYY
+  WZYN
-------
  HWTXY

Each letter stands for a unique digit (0-9). No leading letter can be zero.
Provide a comma separated mapping from letters to digits that satisfies the equation in your final answer. Output format: ""A=1,B=2,C=3"" (without quotes)
","H=6,J=5,N=0,T=1,W=2,X=8,Y=4,Z=9"
"Solve this cryptarithm:

  ACUKX
    SMU
+  AKTV
-------
  VXMKM

Each letter stands for a unique digit (0-9). No leading letter can be zero.
Provide a comma separated mapping from letters to digits that satisfies the equation in your final answer. Output format: ""A=1,B=2,C=3"" (without quotes)
","A=8,C=4,K=5,M=2,S=6,T=7,U=0,V=9,X=3"
"Solve this cryptarithm:

   AOZBL
   UGLYB
+    ZYZ
--------
  GZZLOS

Each letter stands for a unique digit (0-9). No leading letter can be zero.
Provide a comma separated mapping from letters to digits that satisfies the equation in your final answer. Output format: ""A=1,B=2,C=3"" (without quotes)
","A=7,B=2,G=1,L=9,O=3,S=6,U=8,Y=0,Z=5"
"Solve this cryptarithm:

    FCF
+ ZAACA
-------
  ZBABS

Each letter stands for a unique digit (0-9). No leading letter can be zero.
Provide a comma separated mapping from letters to digits that satisfies the equation in your final answer. Output format: ""A=1,B=2,C=3"" (without quotes)
","A=6,B=7,C=8,F=9,S=5,Z=2"
"Solve this cryptarithm:

    WWB
+ BSFOS
-------
  BSJJR

Each letter stands for a unique digit (0-9). No leading letter can be zero.
Provide a comma separated mapping from letters to digits that satisfies the equation in your final answer. Output format: ""A=1,B=2,C=3"" (without quotes)
","B=8,F=4,J=6,O=3,R=5,S=7,W=2"
"Solve this cryptarithm:

    AGX
+  XXGH
-------
  TDABB

Each letter stands for a unique digit (0-9). No leading letter can be zero.
Provide a comma separated mapping from letters to digits that satisfies the equation in your final answer. Output format: ""A=1,B=2,C=3"" (without quotes)
","A=8,B=5,D=0,G=7,H=6,T=1,X=9"
"Solve this cryptarithm:

   EJBN
+ ABEBQ
-------
  WWQEU

Each letter stands for a unique digit (0-9). No leading letter can be zero.
Provide a comma separated mapping from letters to digits that satisfies the equation in your final answer. Output format: ""A=1,B=2,C=3"" (without quotes)
","A=5,B=8,E=7,J=4,N=9,Q=2,U=1,W=6"
"Solve this cryptarithm:

  LQDQQ
+   YDN
-------
  LLYPE

Each letter stands for a unique digit (0-9). No leading letter can be zero.
Provide a comma separated mapping from letters to digits that satisfies the equation in your final answer. Output format: ""A=1,B=2,C=3"" (without quotes)
","D=9,E=8,L=3,N=6,P=1,Q=2,Y=4"
"Solve this cryptarithm:

   UHBP
+ MWUYP
-------
  MBBLM

Each letter stands for a unique digit (0-9). No leading letter can be zero.
Provide a comma separated mapping from letters to digits that satisfies the equation in your final answer. Output format: ""A=1,B=2,C=3"" (without quotes)
","B=9,H=5,L=0,M=4,P=2,U=3,W=6,Y=1"
"Solve this cryptarithm:

   NINW
+  FWIR
-------
  MPWNM

Each letter stands for a unique digit (0-9). No leading letter can be zero.
Provide a comma separated mapping from letters to digits that satisfies the equation in your final answer. Output format: ""A=1,B=2,C=3"" (without quotes)
","F=7,I=9,M=1,N=4,P=2,R=3,W=8"
"Solve this cryptarithm:

  FFUSI
   UACA
+   EFB
-------
  FEUIB

Each letter stands for a unique digit (0-9). No leading letter can be zero.
Provide a comma separated mapping from letters to digits that satisfies the equation in your final answer. Output format: ""A=1,B=2,C=3"" (without quotes)
","A=1,B=3,C=7,E=8,F=5,I=9,S=6,U=2"
"Solve this cryptarithm:

  MMQVZ
+   YMY
-------
  MMZQC

Each letter stands for a unique digit (0-9). No leading letter can be zero.
Provide a comma separated mapping from letters to digits that satisfies the equation in your final answer. Output format: ""A=1,B=2,C=3"" (without quotes)
","C=1,M=6,Q=7,V=0,Y=2,Z=9"
"Solve this cryptarithm:

    KCC
   BLAU
+ BXHCL
-------
  BKGGL

Each letter stands for a unique digit (0-9). No leading letter can be zero.
Provide a comma separated mapping from letters to digits that satisfies the equation in your final answer. Output format: ""A=1,B=2,C=3"" (without quotes)
","A=2,B=7,C=1,G=5,H=4,K=8,L=3,U=9,X=0"
"Solve this cryptarithm:

   SYRI
    NYR
+  JRJX
-------
  XXHXA

Each letter stands for a unique digit (0-9). No leading letter can be zero.
Provide a comma separated mapping from letters to digits that satisfies the equation in your final answer. Output format: ""A=1,B=2,C=3"" (without quotes)
","A=0,H=3,I=5,J=7,N=8,R=4,S=2,X=1,Y=9"
"Solve this cryptarithm:

    OOC
+ BBSOV
-------
  BBQCV

Each letter stands for a unique digit (0-9). No leading letter can be zero.
Provide a comma separated mapping from letters to digits that satisfies the equation in your final answer. Output format: ""A=1,B=2,C=3"" (without quotes)
","B=6,C=0,O=5,Q=7,S=1,V=4"
"Solve this cryptarithm:

   ROE
  TKPJ
+  TEM
------
  ORKP

Each letter stands for a unique digit (0-9). No leading letter can be zero.
Provide a comma separated mapping from letters to digits that satisfies the equation in your final answer. Output format: ""A=1,B=2,C=3"" (without quotes)
","E=9,J=0,K=1,M=4,O=8,P=3,R=5,T=7"
"Solve this cryptarithm:

   OWHL
+  WONX
-------
  YQQNQ

Each letter stands for a unique digit (0-9). No leading letter can be zero.
Provide a comma separated mapping from letters to digits that satisfies the equation in your final answer. Output format: ""A=1,B=2,C=3"" (without quotes)
","H=9,L=2,N=7,O=6,Q=0,W=3,X=8,Y=1"
"Solve this cryptarithm:

   UUCQV
   NCQUU
+    UNX
--------
  KNCCNF

Each letter stands for a unique digit (0-9). No leading letter can be zero.
Provide a comma separated mapping from letters to digits that satisfies the equation in your final answer. Output format: ""A=1,B=2,C=3"" (without quotes)
","C=5,F=7,K=1,N=8,Q=0,U=9,V=2,X=6"
"Solve this cryptarithm:

   CPP
+ DNNN
------
  DQCC

Each letter stands for a unique digit (0-9). No leading letter can be zero.
Provide a comma separated mapping from letters to digits that satisfies the equation in your final answer. Output format: ""A=1,B=2,C=3"" (without quotes)
","C=5,D=9,N=1,P=4,Q=6"
"Solve this cryptarithm:

  QCNC
+  MDV
------
  GDMM

Each letter stands for a unique digit (0-9). No leading letter can be zero.
Provide a comma separated mapping from letters to digits that satisfies the equation in your final answer. Output format: ""A=1,B=2,C=3"" (without quotes)
","C=9,D=6,G=2,M=7,N=0,Q=1,V=8"
"Solve this cryptarithm:

  CPPB
+  TDH
------
  CJPC

Each letter stands for a unique digit (0-9). No leading letter can be zero.
Provide a comma separated mapping from letters to digits that satisfies the equation in your final answer. Output format: ""A=1,B=2,C=3"" (without quotes)
","B=5,C=7,D=0,H=2,J=4,P=3,T=1"
"Solve this cryptarithm:

   BBX
+ WBMM
------
  MIXU

Each letter stands for a unique digit (0-9). No leading letter can be zero.
Provide a comma separated mapping from letters to digits that satisfies the equation in your final answer. Output format: ""A=1,B=2,C=3"" (without quotes)
","B=8,I=7,M=3,U=4,W=2,X=1"
"Solve this cryptarithm:

   RKBB
+  YOOF
-------
  KVBVR

Each letter stands for a unique digit (0-9). No leading letter can be zero.
Provide a comma separated mapping from letters to digits that satisfies the equation in your final answer. Output format: ""A=1,B=2,C=3"" (without quotes)
","B=4,F=5,K=1,O=3,R=9,V=7,Y=8"
"Solve this cryptarithm:

    KPB
+ XKGXV
-------
  XBXGW

Each letter stands for a unique digit (0-9). No leading letter can be zero.
Provide a comma separated mapping from letters to digits that satisfies the equation in your final answer. Output format: ""A=1,B=2,C=3"" (without quotes)
","B=9,G=7,K=8,P=1,V=3,W=2,X=5"
"Solve this cryptarithm:

  ZFFZA
+  KDDK
-------
  ZAFFF

Each letter stands for a unique digit (0-9). No leading letter can be zero.
Provide a comma separated mapping from letters to digits that satisfies the equation in your final answer. Output format: ""A=1,B=2,C=3"" (without quotes)
","A=9,D=0,F=4,K=5,Z=3"
"Solve this cryptarithm:

  PDQXD
+  WMPQ
-------
  XXHWM

Each letter stands for a unique digit (0-9). No leading letter can be zero.
Provide a comma separated mapping from letters to digits that satisfies the equation in your final answer. Output format: ""A=1,B=2,C=3"" (without quotes)
","D=6,H=0,M=8,P=3,Q=2,W=7,X=4"
"Solve this cryptarithm:

  UTCUR
+   RIP
-------
  UTVZU

Each letter stands for a unique digit (0-9). No leading letter can be zero.
Provide a comma separated mapping from letters to digits that satisfies the equation in your final answer. Output format: ""A=1,B=2,C=3"" (without quotes)
","C=2,I=1,P=6,R=7,T=4,U=3,V=9,Z=5"
"Solve this cryptarithm:

  RNZRN
    DBZ
+   WWF
-------
  RJZJN

Each letter stands for a unique digit (0-9). No leading letter can be zero.
Provide a comma separated mapping from letters to digits that satisfies the equation in your final answer. Output format: ""A=1,B=2,C=3"" (without quotes)
","B=0,D=1,F=7,J=5,N=4,R=6,W=8,Z=3"
"Solve this cryptarithm:

  GBNB
+  BGF
------
  HLHS

Each letter stands for a unique digit (0-9). No leading letter can be zero.
Provide a comma separated mapping from letters to digits that satisfies the equation in your final answer. Output format: ""A=1,B=2,C=3"" (without quotes)
","B=9,F=5,G=6,H=7,L=8,N=0,S=4"
"Solve this cryptarithm:

    CYW
  XXLMI
+   YYP
-------
  XLLTC

Each letter stands for a unique digit (0-9). No leading letter can be zero.
Provide a comma separated mapping from letters to digits that satisfies the equation in your final answer. Output format: ""A=1,B=2,C=3"" (without quotes)
","C=6,I=8,L=2,M=0,P=5,T=9,W=3,X=1,Y=4"
"Solve this cryptarithm:

  KHXJN
+   JYN
-------
  KKPJQ

Each letter stands for a unique digit (0-9). No leading letter can be zero.
Provide a comma separated mapping from letters to digits that satisfies the equation in your final answer. Output format: ""A=1,B=2,C=3"" (without quotes)
","H=2,J=6,K=3,N=7,P=5,Q=4,X=8,Y=9"
"Solve this cryptarithm:

    NTNL
+  NLIWL
--------
  WBVNWM

Each letter stands for a unique digit (0-9). No leading letter can be zero.
Provide a comma separated mapping from letters to digits that satisfies the equation in your final answer. Output format: ""A=1,B=2,C=3"" (without quotes)
","B=0,I=5,L=7,M=4,N=9,T=3,V=6,W=1"
"Solve this cryptarithm:

  QGUTS
+  TDIG
-------
  QTQDS

Each letter stands for a unique digit (0-9). No leading letter can be zero.
Provide a comma separated mapping from letters to digits that satisfies the equation in your final answer. Output format: ""A=1,B=2,C=3"" (without quotes)
","D=1,G=0,I=8,Q=7,S=2,T=3,U=5"
"Solve this cryptarithm:

   ZREGL
   MLLRN
+  MNSZA
--------
  SWWAGR

Each letter stands for a unique digit (0-9). No leading letter can be zero.
Provide a comma separated mapping from letters to digits that satisfies the equation in your final answer. Output format: ""A=1,B=2,C=3"" (without quotes)
","A=6,E=4,G=0,L=9,M=7,N=8,R=3,S=2,W=1,Z=5"
"Solve this cryptarithm:

   ZYA
+ KWSQ
------
  KYIA

Each letter stands for a unique digit (0-9). No leading letter can be zero.
Provide a comma separated mapping from letters to digits that satisfies the equation in your final answer. Output format: ""A=1,B=2,C=3"" (without quotes)
","A=8,I=4,K=3,Q=0,S=5,W=2,Y=9,Z=6"
"Solve this cryptarithm:

   BBKBK
+  KJSBZ
--------
  PKJZBP

Each letter stands for a unique digit (0-9). No leading letter can be zero.
Provide a comma separated mapping from letters to digits that satisfies the equation in your final answer. Output format: ""A=1,B=2,C=3"" (without quotes)
","B=9,J=2,K=6,P=1,S=8,Z=5"
"Solve this cryptarithm:

  NAAFB
+   FFD
-------
  NAZAD

Each letter stands for a unique digit (0-9). No leading letter can be zero.
Provide a comma separated mapping from letters to digits that satisfies the equation in your final answer. Output format: ""A=1,B=2,C=3"" (without quotes)
","A=2,B=0,D=4,F=6,N=3,Z=9"
"Solve this cryptarithm:

  LCCTI
   UIVI
+  CKVU
-------
  LLKXI

Each letter stands for a unique digit (0-9). No leading letter can be zero.
Provide a comma separated mapping from letters to digits that satisfies the equation in your final answer. Output format: ""A=1,B=2,C=3"" (without quotes)
","C=1,I=8,K=6,L=5,T=7,U=2,V=3,X=4"
"Solve this cryptarithm:

   UQWZ
   BWWM
+   UEK
-------
  EWEET

Each letter stands for a unique digit (0-9). No leading letter can be zero.
Provide a comma separated mapping from letters to digits that satisfies the equation in your final answer. Output format: ""A=1,B=2,C=3"" (without quotes)
","B=6,E=1,K=4,M=2,Q=8,T=9,U=7,W=5,Z=3"
"Solve this cryptarithm:

    RYC
+ SAASC
-------
  SUCAC

Each letter stands for a unique digit (0-9). No leading letter can be zero.
Provide a comma separated mapping from letters to digits that satisfies the equation in your final answer. Output format: ""A=1,B=2,C=3"" (without quotes)
","A=4,C=0,R=6,S=3,U=5,Y=1"
"Solve this cryptarithm:

   ECI
+  IGG
------
  GZGA

Each letter stands for a unique digit (0-9). No leading letter can be zero.
Provide a comma separated mapping from letters to digits that satisfies the equation in your final answer. Output format: ""A=1,B=2,C=3"" (without quotes)
","A=4,C=0,E=9,G=1,I=3,Z=2"
"Solve this cryptarithm:

    CZK
   OLOM
+ ZIAIA
-------
  CCUMK

Each letter stands for a unique digit (0-9). No leading letter can be zero.
Provide a comma separated mapping from letters to digits that satisfies the equation in your final answer. Output format: ""A=1,B=2,C=3"" (without quotes)
","A=4,C=3,I=5,K=7,L=1,M=6,O=8,U=9,Z=2"
"Solve this cryptarithm:

  SHVHX
   OSRF
+   SRX
-------
  SCCCH

Each letter stands for a unique digit (0-9). No leading letter can be zero.
Provide a comma separated mapping from letters to digits that satisfies the equation in your final answer. Output format: ""A=1,B=2,C=3"" (without quotes)
","C=4,F=6,H=2,O=1,R=5,S=3,V=7,X=8"
"Solve this cryptarithm:

  WCYYY
   YMBB
+   YQP
-------
  WBMFB

Each letter stands for a unique digit (0-9). No leading letter can be zero.
Provide a comma separated mapping from letters to digits that satisfies the equation in your final answer. Output format: ""A=1,B=2,C=3"" (without quotes)
","B=7,C=2,F=0,M=1,P=6,Q=8,W=3,Y=4"
"Solve this cryptarithm:

    HHX
    FFM
+ CXCWX
-------
  CHLEH

Each letter stands for a unique digit (0-9). No leading letter can be zero.
Provide a comma separated mapping from letters to digits that satisfies the equation in your final answer. Output format: ""A=1,B=2,C=3"" (without quotes)
","C=5,E=1,F=7,H=3,L=6,M=9,W=0,X=2"
"Solve this cryptarithm:

   KCK
   DBM
+  KBC
------
  DCWM

Each letter stands for a unique digit (0-9). No leading letter can be zero.
Provide a comma separated mapping from letters to digits that satisfies the equation in your final answer. Output format: ""A=1,B=2,C=3"" (without quotes)
","B=6,C=1,D=2,K=9,M=0,W=4"
"Solve this cryptarithm:

   WIZW
+  MJMW
-------
  KRSJJ

Each letter stands for a unique digit (0-9). No leading letter can be zero.
Provide a comma separated mapping from letters to digits that satisfies the equation in your final answer. Output format: ""A=1,B=2,C=3"" (without quotes)
","I=7,J=2,K=1,M=8,R=5,S=0,W=6,Z=3"
"Solve this cryptarithm:

  AKGAP
    QPS
+  OKNN
-------
  KCKBA

Each letter stands for a unique digit (0-9). No leading letter can be zero.
Provide a comma separated mapping from letters to digits that satisfies the equation in your final answer. Output format: ""A=1,B=2,C=3"" (without quotes)
","A=5,B=7,C=0,G=8,K=6,N=9,O=3,P=2,Q=1,S=4"
"Solve this cryptarithm:

   MCYE
    JZJ
+  MEXE
-------
  XXSBY

Each letter stands for a unique digit (0-9). No leading letter can be zero.
Provide a comma separated mapping from letters to digits that satisfies the equation in your final answer. Output format: ""A=1,B=2,C=3"" (without quotes)
","B=2,C=4,E=7,J=6,M=5,S=8,X=1,Y=0,Z=9"
"Solve this cryptarithm:

  YCOVT
    KXP
+  XPPZ
-------
  KZOOS

Each letter stands for a unique digit (0-9). No leading letter can be zero.
Provide a comma separated mapping from letters to digits that satisfies the equation in your final answer. Output format: ""A=1,B=2,C=3"" (without quotes)
","C=1,K=4,O=9,P=5,S=7,T=2,V=6,X=8,Y=3,Z=0"
"Solve this cryptarithm:

   TMDBM
   QXQBR
+    MLT
--------
  RQIQQM

Each letter stands for a unique digit (0-9). No leading letter can be zero.
Provide a comma separated mapping from letters to digits that satisfies the equation in your final answer. Output format: ""A=1,B=2,C=3"" (without quotes)
","B=3,D=4,I=2,L=0,M=6,Q=7,R=1,T=9,X=5"
"Solve this cryptarithm:

   ZXAXA
     ATS
+  PLZAT
--------
  LAAUAA

Each letter stands for a unique digit (0-9). No leading letter can be zero.
Provide a comma separated mapping from letters to digits that satisfies the equation in your final answer. Output format: ""A=1,B=2,C=3"" (without quotes)
","A=5,L=1,P=7,S=4,T=6,U=9,X=3,Z=8"
"Solve this cryptarithm:

  UVSVL
    WKV
+   IVF
-------
  UKIIS

Each letter stands for a unique digit (0-9). No leading letter can be zero.
Provide a comma separated mapping from letters to digits that satisfies the equation in your final answer. Output format: ""A=1,B=2,C=3"" (without quotes)
","F=0,I=4,K=2,L=6,S=7,U=8,V=1,W=3"
"Solve this cryptarithm:

  NWJN
+  SQW
------
  NHJY

Each letter stands for a unique digit (0-9). No leading letter can be zero.
Provide a comma separated mapping from letters to digits that satisfies the equation in your final answer. Output format: ""A=1,B=2,C=3"" (without quotes)
","H=5,J=6,N=7,Q=0,S=3,W=2,Y=9"
"Solve this cryptarithm:

  IHWX
   RKK
+  WRW
------
  RCXW

Each letter stands for a unique digit (0-9). No leading letter can be zero.
Provide a comma separated mapping from letters to digits that satisfies the equation in your final answer. Output format: ""A=1,B=2,C=3"" (without quotes)
","C=6,H=2,I=8,K=3,R=9,W=4,X=7"
"Solve this cryptarithm:

   FEII
  YCYIS
+  FFIG
-------
  YQSSC

Each letter stands for a unique digit (0-9). No leading letter can be zero.
Provide a comma separated mapping from letters to digits that satisfies the equation in your final answer. Output format: ""A=1,B=2,C=3"" (without quotes)
","C=2,E=5,F=3,G=7,I=1,Q=9,S=4,Y=6"
"Solve this cryptarithm:

   XBUU
+ UDLXT
-------
  UXULE

Each letter stands for a unique digit (0-9). No leading letter can be zero.
Provide a comma separated mapping from letters to digits that satisfies the equation in your final answer. Output format: ""A=1,B=2,C=3"" (without quotes)
","B=1,D=0,E=3,L=2,T=9,U=4,X=7"
"Solve this cryptarithm:

   DZZN
  VGEEV
+   DFT
-------
  VTYTZ

Each letter stands for a unique digit (0-9). No leading letter can be zero.
Provide a comma separated mapping from letters to digits that satisfies the equation in your final answer. Output format: ""A=1,B=2,C=3"" (without quotes)
","D=4,E=3,F=1,G=2,N=9,T=6,V=5,Y=7,Z=0"
"Solve this cryptarithm:

  IQSC
  SQPN
+  CIK
------
  UYIS

Each letter stands for a unique digit (0-9). No leading letter can be zero.
Provide a comma separated mapping from letters to digits that satisfies the equation in your final answer. Output format: ""A=1,B=2,C=3"" (without quotes)
","C=5,I=1,K=3,N=9,P=2,Q=0,S=7,U=8,Y=6"
"Solve this cryptarithm:

   CIIT
   XFZM
+ UCTIV
-------
  UZFIF

Each letter stands for a unique digit (0-9). No leading letter can be zero.
Provide a comma separated mapping from letters to digits that satisfies the equation in your final answer. Output format: ""A=1,B=2,C=3"" (without quotes)
","C=3,F=2,I=0,M=6,T=9,U=4,V=7,X=1,Z=8"
"Solve this cryptarithm:

     KIR
   UHVRX
+  USBVX
--------
  HKRBRV

Each letter stands for a unique digit (0-9). No leading letter can be zero.
Provide a comma separated mapping from letters to digits that satisfies the equation in your final answer. Output format: ""A=1,B=2,C=3"" (without quotes)
","B=3,H=1,I=6,K=5,R=0,S=8,U=7,V=4,X=2"
"Solve this cryptarithm:

   MEMW
  EHHMO
+ FCEWC
-------
  CFWZO

Each letter stands for a unique digit (0-9). No leading letter can be zero.
Provide a comma separated mapping from letters to digits that satisfies the equation in your final answer. Output format: ""A=1,B=2,C=3"" (without quotes)
","C=4,E=1,F=2,H=3,M=5,O=8,W=6,Z=7"
"Solve this cryptarithm:

   DLXK
  UDRJE
+   DDK
-------
  IDXOR

Each letter stands for a unique digit (0-9). No leading letter can be zero.
Provide a comma separated mapping from letters to digits that satisfies the equation in your final answer. Output format: ""A=1,B=2,C=3"" (without quotes)
","D=8,E=3,I=5,J=0,K=2,L=6,O=9,R=7,U=4,X=1"
"Solve this cryptarithm:

   PDPM
+  QMBP
-------
  DKBCV

Each letter stands for a unique digit (0-9). No leading letter can be zero.
Provide a comma separated mapping from letters to digits that satisfies the equation in your final answer. Output format: ""A=1,B=2,C=3"" (without quotes)
","B=0,C=6,D=1,K=3,M=9,P=5,Q=7,V=4"
"Solve this cryptarithm:

  GQGMD
    WSM
+   UWW
-------
  WDUWT

Each letter stands for a unique digit (0-9). No leading letter can be zero.
Provide a comma separated mapping from letters to digits that satisfies the equation in your final answer. Output format: ""A=1,B=2,C=3"" (without quotes)
","D=0,G=4,M=2,Q=9,S=8,T=7,U=6,W=5"
"Solve this cryptarithm:

   NVXGM
+  NOVMR
--------
  LLOOGR

Each letter stands for a unique digit (0-9). No leading letter can be zero.
Provide a comma separated mapping from letters to digits that satisfies the equation in your final answer. Output format: ""A=1,B=2,C=3"" (without quotes)
","G=3,L=1,M=0,N=5,O=7,R=4,V=9,X=8"
"Solve this cryptarithm:

   QHIWL
     HWI
+  LLYZM
--------
  XQHMLL

Each letter stands for a unique digit (0-9). No leading letter can be zero.
Provide a comma separated mapping from letters to digits that satisfies the equation in your final answer. Output format: ""A=1,B=2,C=3"" (without quotes)
","H=7,I=6,L=9,M=4,Q=2,W=5,X=1,Y=0,Z=8"
"Solve this cryptarithm:

   QTQG
  TDBQG
+  MQCQ
-------
  DQQCB

Each letter stands for a unique digit (0-9). No leading letter can be zero.
Provide a comma separated mapping from letters to digits that satisfies the equation in your final answer. Output format: ""A=1,B=2,C=3"" (without quotes)
","B=2,C=0,D=8,G=9,M=1,Q=4,T=7"
"Solve this cryptarithm:

   PJNAX
+  OTOHO
--------
  HNPXHH

Each letter stands for a unique digit (0-9). No leading letter can be zero.
Provide a comma separated mapping from letters to digits that satisfies the equation in your final answer. Output format: ""A=1,B=2,C=3"" (without quotes)
","A=9,H=1,J=3,N=2,O=4,P=8,T=5,X=7"
"Solve this cryptarithm:

   IWIW
+  XEYT
-------
  CCCEA

Each letter stands for a unique digit (0-9). No leading letter can be zero.
Provide a comma separated mapping from letters to digits that satisfies the equation in your final answer. Output format: ""A=1,B=2,C=3"" (without quotes)
","A=4,C=1,E=6,I=2,T=9,W=5,X=8,Y=3"
"Solve this cryptarithm:

     CWG
   SVGMF
+  FFSMP
--------
  YVCYCW

Each letter stands for a unique digit (0-9). No leading letter can be zero.
Provide a comma separated mapping from letters to digits that satisfies the equation in your final answer. Output format: ""A=1,B=2,C=3"" (without quotes)
","C=7,F=3,G=5,M=0,P=8,S=9,V=2,W=6,Y=1"
"Solve this cryptarithm:

    CBZ
  CCNTC
+ CWWWG
-------
  SNZWG

Each letter stands for a unique digit (0-9). No leading letter can be zero.
Provide a comma separated mapping from letters to digits that satisfies the equation in your final answer. Output format: ""A=1,B=2,C=3"" (without quotes)
","B=7,C=4,G=1,N=3,S=9,T=2,W=8,Z=6"
"Solve this cryptarithm:

    IFN
   YYYR
+ RFEYY
-------
  FRNIN

Each letter stands for a unique digit (0-9). No leading letter can be zero.
Provide a comma separated mapping from letters to digits that satisfies the equation in your final answer. Output format: ""A=1,B=2,C=3"" (without quotes)
","E=8,F=4,I=9,N=5,R=3,Y=7"
"Solve this cryptarithm:

   NNEY
   GAEY
+ EECNV
-------
  CEGVE

Each letter stands for a unique digit (0-9). No leading letter can be zero.
Provide a comma separated mapping from letters to digits that satisfies the equation in your final answer. Output format: ""A=1,B=2,C=3"" (without quotes)
","A=3,C=7,E=6,G=5,N=4,V=8,Y=9"
"Solve this cryptarithm:

    UWJ
+ TMWNN
-------
  TNWMO

Each letter stands for a unique digit (0-9). No leading letter can be zero.
Provide a comma separated mapping from letters to digits that satisfies the equation in your final answer. Output format: ""A=1,B=2,C=3"" (without quotes)
","J=4,M=5,N=6,O=0,T=2,U=9,W=8"
"Solve this cryptarithm:

   SCJO
    CSI
+   SIJ
-------
  COIOO

Each letter stands for a unique digit (0-9). No leading letter can be zero.
Provide a comma separated mapping from letters to digits that satisfies the equation in your final answer. Output format: ""A=1,B=2,C=3"" (without quotes)
","C=1,I=3,J=7,O=0,S=9"
"Solve this cryptarithm:

    SLDL
   QJQOO
+  OEEQU
--------
  DQUQQW

Each letter stands for a unique digit (0-9). No leading letter can be zero.
Provide a comma separated mapping from letters to digits that satisfies the equation in your final answer. Output format: ""A=1,B=2,C=3"" (without quotes)
","D=1,E=4,J=9,L=5,O=8,Q=7,S=6,U=0,W=3"
"Solve this cryptarithm:

   NMBJ
   BBSA
+   NSM
-------
  BVMAJ

Each letter stands for a unique digit (0-9). No leading letter can be zero.
Provide a comma separated mapping from letters to digits that satisfies the equation in your final answer. Output format: ""A=1,B=2,C=3"" (without quotes)
","A=6,B=1,J=9,M=4,N=8,S=7,V=0"
"Solve this cryptarithm:

    IOH
+ DDZDO
-------
  DDOZI

Each letter stands for a unique digit (0-9). No leading letter can be zero.
Provide a comma separated mapping from letters to digits that satisfies the equation in your final answer. Output format: ""A=1,B=2,C=3"" (without quotes)
","D=6,H=9,I=2,O=3,Z=0"
"Solve this cryptarithm:

    DTT
    MDD
+ EEEPE
-------
  EXITT

Each letter stands for a unique digit (0-9). No leading letter can be zero.
Provide a comma separated mapping from letters to digits that satisfies the equation in your final answer. Output format: ""A=1,B=2,C=3"" (without quotes)
","D=4,E=6,I=3,M=2,P=5,T=0,X=7"
"Solve this cryptarithm:

  ORDR
  DDRO
+  NOX
------
  NHDO

Each letter stands for a unique digit (0-9). No leading letter can be zero.
Provide a comma separated mapping from letters to digits that satisfies the equation in your final answer. Output format: ""A=1,B=2,C=3"" (without quotes)
","D=2,H=5,N=9,O=6,R=3,X=7"
"Solve this cryptarithm:

   GECC
   NEGN
+   ZCN
-------
  IAMPC

Each letter stands for a unique digit (0-9). No leading letter can be zero.
Provide a comma separated mapping from letters to digits that satisfies the equation in your final answer. Output format: ""A=1,B=2,C=3"" (without quotes)
","A=3,C=9,E=0,G=8,I=1,M=4,N=5,P=7,Z=2"
"Solve this cryptarithm:

   SRRR
   TSBM
+  MMLL
-------
  LSBBS

Each letter stands for a unique digit (0-9). No leading letter can be zero.
Provide a comma separated mapping from letters to digits that satisfies the equation in your final answer. Output format: ""A=1,B=2,C=3"" (without quotes)
","B=6,L=1,M=4,R=8,S=3,T=5"
"Solve this cryptarithm:

  XQYV
+  FYG
------
  XXVQ

Each letter stands for a unique digit (0-9). No leading letter can be zero.
Provide a comma separated mapping from letters to digits that satisfies the equation in your final answer. Output format: ""A=1,B=2,C=3"" (without quotes)
","F=5,G=9,Q=2,V=3,X=8,Y=6"
"Solve this cryptarithm:

    YQN
    QSS
+ ESIWK
-------
  EKKSB

Each letter stands for a unique digit (0-9). No leading letter can be zero.
Provide a comma separated mapping from letters to digits that satisfies the equation in your final answer. Output format: ""A=1,B=2,C=3"" (without quotes)
","B=0,E=7,I=9,K=5,N=1,Q=3,S=4,W=6,Y=2"
"Solve this cryptarithm:

   WAWBR
+  BBBWR
--------
  XQXQQA

Each letter stands for a unique digit (0-9). No leading letter can be zero.
Provide a comma separated mapping from letters to digits that satisfies the equation in your final answer. Output format: ""A=1,B=2,C=3"" (without quotes)
","A=2,B=8,Q=4,R=6,W=5,X=1"
"Solve this cryptarithm:

   TEFDP
+  PDFTY
--------
  CWWEFP

Each letter stands for a unique digit (0-9). No leading letter can be zero.
Provide a comma separated mapping from letters to digits that satisfies the equation in your final answer. Output format: ""A=1,B=2,C=3"" (without quotes)
","C=1,D=3,E=8,F=9,P=5,T=6,W=2,Y=0"
"Solve this cryptarithm:

   FFXE
    KPF
+ FFFQV
-------
  DPIXX

Each letter stands for a unique digit (0-9). No leading letter can be zero.
Provide a comma separated mapping from letters to digits that satisfies the equation in your final answer. Output format: ""A=1,B=2,C=3"" (without quotes)
","D=8,E=5,F=7,I=4,K=9,P=6,Q=3,V=0,X=2"
"Solve this cryptarithm:

   EZJ
   EBZ
+  ZHS
------
  PSGE

Each letter stands for a unique digit (0-9). No leading letter can be zero.
Provide a comma separated mapping from letters to digits that satisfies the equation in your final answer. Output format: ""A=1,B=2,C=3"" (without quotes)
","B=3,E=5,G=4,H=1,J=6,P=2,S=0,Z=9"
"Solve this cryptarithm:

   JHWH
    VPC
+ HRCHP
-------
  HHOIW

Each letter stands for a unique digit (0-9). No leading letter can be zero.
Provide a comma separated mapping from letters to digits that satisfies the equation in your final answer. Output format: ""A=1,B=2,C=3"" (without quotes)
","C=7,H=8,I=3,J=6,O=2,P=9,R=0,V=5,W=4"
"Solve this cryptarithm:

  BDOM
+  VPN
------
  BMMM

Each letter stands for a unique digit (0-9). No leading letter can be zero.
Provide a comma separated mapping from letters to digits that satisfies the equation in your final answer. Output format: ""A=1,B=2,C=3"" (without quotes)
","B=7,D=2,M=5,N=0,O=4,P=1,V=3"
"Solve this cryptarithm:

   NFII
  EPSIE
+   EEN
-------
  EEEFS

Each letter stands for a unique digit (0-9). No leading letter can be zero.
Provide a comma separated mapping from letters to digits that satisfies the equation in your final answer. Output format: ""A=1,B=2,C=3"" (without quotes)
","E=7,F=0,I=6,N=5,P=1,S=8"
"Solve this cryptarithm:

   JJJ
   QJC
+ REFC
------
  JCQC

Each letter stands for a unique digit (0-9). No leading letter can be zero.
Provide a comma separated mapping from letters to digits that satisfies the equation in your final answer. Output format: ""A=1,B=2,C=3"" (without quotes)
","C=1,E=8,F=3,J=9,Q=2,R=7"
"Solve this cryptarithm:

   NZK
+ ZLKR
------
  HNYH

Each letter stands for a unique digit (0-9). No leading letter can be zero.
Provide a comma separated mapping from letters to digits that satisfies the equation in your final answer. Output format: ""A=1,B=2,C=3"" (without quotes)
","H=2,K=8,L=9,N=7,R=4,Y=0,Z=1"
"Solve this cryptarithm:

  YXWI
+  IMI
------
  YYIX

Each letter stands for a unique digit (0-9). No leading letter can be zero.
Provide a comma separated mapping from letters to digits that satisfies the equation in your final answer. Output format: ""A=1,B=2,C=3"" (without quotes)
","I=6,M=7,W=8,X=2,Y=9"
"Solve this cryptarithm:

   GIPIO
   SGOIN
+  OKWNW
--------
  IESOWP

Each letter stands for a unique digit (0-9). No leading letter can be zero.
Provide a comma separated mapping from letters to digits that satisfies the equation in your final answer. Output format: ""A=1,B=2,C=3"" (without quotes)
","E=4,G=3,I=1,K=0,N=9,O=6,P=7,S=5,W=2"
"Solve this cryptarithm:

   SEAS
  BSLCA
+  KBCC
-------
  KAEBK

Each letter stands for a unique digit (0-9). No leading letter can be zero.
Provide a comma separated mapping from letters to digits that satisfies the equation in your final answer. Output format: ""A=1,B=2,C=3"" (without quotes)
","A=6,B=7,C=5,E=1,K=9,L=2,S=8"
"Solve this cryptarithm:

  YPJJ
+  BPH
------
  REYY

Each letter stands for a unique digit (0-9). No leading letter can be zero.
Provide a comma separated mapping from letters to digits that satisfies the equation in your final answer. Output format: ""A=1,B=2,C=3"" (without quotes)
","B=8,E=5,H=7,J=4,P=6,R=2,Y=1"
"Solve this cryptarithm:

  JRSER
    HHR
+  POHC
-------
  JCDJC

Each letter stands for a unique digit (0-9). No leading letter can be zero.
Provide a comma separated mapping from letters to digits that satisfies the equation in your final answer. Output format: ""A=1,B=2,C=3"" (without quotes)
","C=4,D=3,E=5,H=8,J=1,O=7,P=2,R=0,S=6"
"Solve this cryptarithm:

   CESQ
  EDSFZ
+  OEJD
-------
  JOQZF

Each letter stands for a unique digit (0-9). No leading letter can be zero.
Provide a comma separated mapping from letters to digits that satisfies the equation in your final answer. Output format: ""A=1,B=2,C=3"" (without quotes)
","C=6,D=4,E=1,F=0,J=2,O=3,Q=7,S=5,Z=9"
"Solve this cryptarithm:

   ZIQV
+ KIMKK
-------
  KZQAF

Each letter stands for a unique digit (0-9). No leading letter can be zero.
Provide a comma separated mapping from letters to digits that satisfies the equation in your final answer. Output format: ""A=1,B=2,C=3"" (without quotes)
","A=1,F=3,I=0,K=4,M=5,Q=6,V=9,Z=8"
"Solve this cryptarithm:

  NKKG
   CKF
+  FON
------
  CUXR

Each letter stands for a unique digit (0-9). No leading letter can be zero.
Provide a comma separated mapping from letters to digits that satisfies the equation in your final answer. Output format: ""A=1,B=2,C=3"" (without quotes)
","C=5,F=8,G=1,K=9,N=3,O=7,R=2,U=4,X=6"
"Solve this cryptarithm:

  RRQG
  TRQF
+  DTO
------
  BNCR

Each letter stands for a unique digit (0-9). No leading letter can be zero.
Provide a comma separated mapping from letters to digits that satisfies the equation in your final answer. Output format: ""A=1,B=2,C=3"" (without quotes)
","B=8,C=9,D=5,F=7,G=0,N=1,O=6,Q=2,R=3,T=4"
"Solve this cryptarithm:

  APNYH
+  NYAY
-------
  POMHA

Each letter stands for a unique digit (0-9). No leading letter can be zero.
Provide a comma separated mapping from letters to digits that satisfies the equation in your final answer. Output format: ""A=1,B=2,C=3"" (without quotes)
","A=7,H=2,M=0,N=4,O=3,P=8,Y=5"
"Solve this cryptarithm:

  EWEWR
  YPHEK
+   RDJ
-------
  HHWJK

Each letter stands for a unique digit (0-9). No leading letter can be zero.
Provide a comma separated mapping from letters to digits that satisfies the equation in your final answer. Output format: ""A=1,B=2,C=3"" (without quotes)
","D=6,E=1,H=4,J=7,K=0,P=5,R=3,W=9,Y=2"
"Solve this cryptarithm:

  AQDWJ
  BQXZB
+   JRD
-------
  XZRXZ

Each letter stands for a unique digit (0-9). No leading letter can be zero.
Provide a comma separated mapping from letters to digits that satisfies the equation in your final answer. Output format: ""A=1,B=2,C=3"" (without quotes)
","A=1,B=6,D=7,J=9,Q=5,R=4,W=0,X=8,Z=2"
"Solve this cryptarithm:

   LLR
   DOS
+ NOZY
------
  LRBY

Each letter stands for a unique digit (0-9). No leading letter can be zero.
Provide a comma separated mapping from letters to digits that satisfies the equation in your final answer. Output format: ""A=1,B=2,C=3"" (without quotes)
","B=8,D=1,L=3,N=2,O=9,R=4,S=6,Y=0,Z=5"
"Solve this cryptarithm:

   ZLVI
+ CIJRP
-------
  ZPZRC

Each letter stands for a unique digit (0-9). No leading letter can be zero.
Provide a comma separated mapping from letters to digits that satisfies the equation in your final answer. Output format: ""A=1,B=2,C=3"" (without quotes)
","C=5,I=4,J=7,L=9,P=1,R=2,V=0,Z=6"
"Solve this cryptarithm:

  EVLVC
    COC
+   BBX
-------
  EHSEV

Each letter stands for a unique digit (0-9). No leading letter can be zero.
Provide a comma separated mapping from letters to digits that satisfies the equation in your final answer. Output format: ""A=1,B=2,C=3"" (without quotes)
","B=3,C=2,E=7,H=9,L=5,O=6,S=1,V=8,X=4"
"Solve this cryptarithm:

   EQX
+  QXL
------
  XNGN

Each letter stands for a unique digit (0-9). No leading letter can be zero.
Provide a comma separated mapping from letters to digits that satisfies the equation in your final answer. Output format: ""A=1,B=2,C=3"" (without quotes)
","E=6,G=9,L=3,N=4,Q=8,X=1"
"Solve this cryptarithm:

   JFUU
    KJU
+ KSGSJ
-------
  GTLBT

Each letter stands for a unique digit (0-9). No leading letter can be zero.
Provide a comma separated mapping from letters to digits that satisfies the equation in your final answer. Output format: ""A=1,B=2,C=3"" (without quotes)
","B=3,F=5,G=8,J=2,K=7,L=1,S=6,T=0,U=4"
"Solve this cryptarithm:

   RZCCD
+  RCVHW
--------
  IHPHVW

Each letter stands for a unique digit (0-9). No leading letter can be zero.
Provide a comma separated mapping from letters to digits that satisfies the equation in your final answer. Output format: ""A=1,B=2,C=3"" (without quotes)
","C=5,D=0,H=4,I=1,P=8,R=7,V=9,W=3,Z=2"
"Solve this cryptarithm:

  TIA
+ EAT
-----
  MTV

Each letter stands for a unique digit (0-9). No leading letter can be zero.
Provide a comma separated mapping from letters to digits that satisfies the equation in your final answer. Output format: ""A=1,B=2,C=3"" (without quotes)
","A=2,E=4,I=1,M=7,T=3,V=5"
"Solve this cryptarithm:

    ZNG
    PXY
+ NDPYG
-------
  NYXPP

Each letter stands for a unique digit (0-9). No leading letter can be zero.
Provide a comma separated mapping from letters to digits that satisfies the equation in your final answer. Output format: ""A=1,B=2,C=3"" (without quotes)
","D=7,G=9,N=1,P=6,X=5,Y=8,Z=2"
"Solve this cryptarithm:

  FBBMH
+   BHB
-------
  FQFSP

Each letter stands for a unique digit (0-9). No leading letter can be zero.
Provide a comma separated mapping from letters to digits that satisfies the equation in your final answer. Output format: ""A=1,B=2,C=3"" (without quotes)
","B=8,F=7,H=6,M=3,P=4,Q=9,S=0"
"Solve this cryptarithm:

  RCHE
   HQE
+  EQU
------
  YIRE

Each letter stands for a unique digit (0-9). No leading letter can be zero.
Provide a comma separated mapping from letters to digits that satisfies the equation in your final answer. Output format: ""A=1,B=2,C=3"" (without quotes)
","C=9,E=2,H=3,I=4,Q=1,R=6,U=8,Y=7"
"Solve this cryptarithm:

  JAPJA
+   AGG
-------
  RKPKV

Each letter stands for a unique digit (0-9). No leading letter can be zero.
Provide a comma separated mapping from letters to digits that satisfies the equation in your final answer. Output format: ""A=1,B=2,C=3"" (without quotes)
","A=9,G=3,J=6,K=0,P=5,R=7,V=2"
"Solve this cryptarithm:

   NII
   IIV
+  BCZ
------
  ZBGG

Each letter stands for a unique digit (0-9). No leading letter can be zero.
Provide a comma separated mapping from letters to digits that satisfies the equation in your final answer. Output format: ""A=1,B=2,C=3"" (without quotes)
","B=5,C=3,G=7,I=2,N=8,V=4,Z=1"
"Solve this cryptarithm:

   MHAU
+ MUEGJ
-------
  MYHJA

Each letter stands for a unique digit (0-9). No leading letter can be zero.
Provide a comma separated mapping from letters to digits that satisfies the equation in your final answer. Output format: ""A=1,B=2,C=3"" (without quotes)
","A=2,E=0,G=6,H=8,J=9,M=4,U=3,Y=7"
"Solve this cryptarithm:

   BAGS
+  QOAD
-------
  VLSDS

Each letter stands for a unique digit (0-9). No leading letter can be zero.
Provide a comma separated mapping from letters to digits that satisfies the equation in your final answer. Output format: ""A=1,B=2,C=3"" (without quotes)
","A=4,B=8,D=0,G=6,L=3,O=2,Q=5,S=7,V=1"
"Solve this cryptarithm:

  LMNNM
+ HLFFZ
-------
  RLHHZ

Each letter stands for a unique digit (0-9). No leading letter can be zero.
Provide a comma separated mapping from letters to digits that satisfies the equation in your final answer. Output format: ""A=1,B=2,C=3"" (without quotes)
","F=1,H=3,L=4,M=0,N=2,R=7,Z=8"
"Solve this cryptarithm:

  XSUPW
+   QVV
-------
  YEWWQ

Each letter stands for a unique digit (0-9). No leading letter can be zero.
Provide a comma separated mapping from letters to digits that satisfies the equation in your final answer. Output format: ""A=1,B=2,C=3"" (without quotes)
","E=0,P=4,Q=8,S=9,U=2,V=7,W=1,X=5,Y=6"
"Solve this cryptarithm:

   IIZ
+ IBSH
------
  WZKB

Each letter stands for a unique digit (0-9). No leading letter can be zero.
Provide a comma separated mapping from letters to digits that satisfies the equation in your final answer. Output format: ""A=1,B=2,C=3"" (without quotes)
","B=5,H=3,I=6,K=4,S=8,W=7,Z=2"
"Solve this cryptarithm:

   RRUD
   DKEE
+  IFFI
-------
  FEKHI

Each letter stands for a unique digit (0-9). No leading letter can be zero.
Provide a comma separated mapping from letters to digits that satisfies the equation in your final answer. Output format: ""A=1,B=2,C=3"" (without quotes)
","D=4,E=6,F=1,H=5,I=3,K=9,R=8,U=7"
"Solve this cryptarithm:

   WWNRS
+   NZHR
--------
  HRZWHS

Each letter stands for a unique digit (0-9). No leading letter can be zero.
Provide a comma separated mapping from letters to digits that satisfies the equation in your final answer. Output format: ""A=1,B=2,C=3"" (without quotes)
","H=1,N=5,R=0,S=2,W=9,Z=4"
"Solve this cryptarithm:

  CSJAS
    PBS
+ TABJM
-------
  AAJMB

Each letter stands for a unique digit (0-9). No leading letter can be zero.
Provide a comma separated mapping from letters to digits that satisfies the equation in your final answer. Output format: ""A=1,B=2,C=3"" (without quotes)
","A=8,B=5,C=1,J=2,M=7,P=4,S=9,T=6"
"Solve this cryptarithm:

    PIY
+ PGPDR
-------
  PGVRR

Each letter stands for a unique digit (0-9). No leading letter can be zero.
Provide a comma separated mapping from letters to digits that satisfies the equation in your final answer. Output format: ""A=1,B=2,C=3"" (without quotes)
","D=4,G=8,I=5,P=3,R=9,V=6,Y=0"
"Solve this cryptarithm:

   XAJT
    TTF
+  ZJFX
-------
  TOIFJ

Each letter stands for a unique digit (0-9). No leading letter can be zero.
Provide a comma separated mapping from letters to digits that satisfies the equation in your final answer. Output format: ""A=1,B=2,C=3"" (without quotes)
","A=2,F=0,I=3,J=9,O=4,T=1,X=8,Z=5"
"Solve this cryptarithm:

    FFX
   PZKK
+ CFNKX
-------
  CCNKR

Each letter stands for a unique digit (0-9). No leading letter can be zero.
Provide a comma separated mapping from letters to digits that satisfies the equation in your final answer. Output format: ""A=1,B=2,C=3"" (without quotes)
","C=7,F=4,K=6,N=9,P=2,R=8,X=1,Z=5"
"Solve this cryptarithm:

    YEPH
   EGMUP
+  GVHGP
--------
  RGVYUU

Each letter stands for a unique digit (0-9). No leading letter can be zero.
Provide a comma separated mapping from letters to digits that satisfies the equation in your final answer. Output format: ""A=1,B=2,C=3"" (without quotes)
","E=9,G=6,H=4,M=8,P=3,R=1,U=0,V=5,Y=2"
"Solve this cryptarithm:

   MPAPQ
+   AMMD
--------
  XUQAOP

Each letter stands for a unique digit (0-9). No leading letter can be zero.
Provide a comma separated mapping from letters to digits that satisfies the equation in your final answer. Output format: ""A=1,B=2,C=3"" (without quotes)
","A=6,D=3,M=9,O=7,P=8,Q=5,U=0,X=1"
"Solve this cryptarithm:

  ANM
+ MGG
-----
  NLR

Each letter stands for a unique digit (0-9). No leading letter can be zero.
Provide a comma separated mapping from letters to digits that satisfies the equation in your final answer. Output format: ""A=1,B=2,C=3"" (without quotes)
","A=4,G=2,L=0,M=3,N=8,R=5"
"Solve this cryptarithm:

  LGGPD
+  PSLI
-------
  PGMLV

Each letter stands for a unique digit (0-9). No leading letter can be zero.
Provide a comma separated mapping from letters to digits that satisfies the equation in your final answer. Output format: ""A=1,B=2,C=3"" (without quotes)
","D=6,G=7,I=4,L=8,M=3,P=9,S=5,V=0"
"Solve this cryptarithm:

  LVPL
+  SUL
------
  LWWU

Each letter stands for a unique digit (0-9). No leading letter can be zero.
Provide a comma separated mapping from letters to digits that satisfies the equation in your final answer. Output format: ""A=1,B=2,C=3"" (without quotes)
","L=8,P=0,S=4,U=6,V=3,W=7"
"Solve this cryptarithm:

   CLRL
   CJKH
+  RHHJ
-------
  KKKJH

Each letter stands for a unique digit (0-9). No leading letter can be zero.
Provide a comma separated mapping from letters to digits that satisfies the equation in your final answer. Output format: ""A=1,B=2,C=3"" (without quotes)
","C=6,H=1,J=3,K=2,L=7,R=9"
"Solve this cryptarithm:

  AKAFL
+   KIX
-------
  AKFFA

Each letter stands for a unique digit (0-9). No leading letter can be zero.
Provide a comma separated mapping from letters to digits that satisfies the equation in your final answer. Output format: ""A=1,B=2,C=3"" (without quotes)
","A=7,F=9,I=0,K=2,L=1,X=6"
"Solve this cryptarithm:

   VWU
+ UUSK
------
  ULSA

Each letter stands for a unique digit (0-9). No leading letter can be zero.
Provide a comma separated mapping from letters to digits that satisfies the equation in your final answer. Output format: ""A=1,B=2,C=3"" (without quotes)
","A=4,K=1,L=8,S=7,U=3,V=5,W=0"
"Solve this cryptarithm:

    WFI
  DOZZE
+  XZWO
-------
  DISDO

Each letter stands for a unique digit (0-9). No leading letter can be zero.
Provide a comma separated mapping from letters to digits that satisfies the equation in your final answer. Output format: ""A=1,B=2,C=3"" (without quotes)
","D=3,E=1,F=0,I=9,O=2,S=8,W=7,X=6,Z=5"
"Solve this cryptarithm:

   OAA
   XVI
+  SVS
------
  AAYS

Each letter stands for a unique digit (0-9). No leading letter can be zero.
Provide a comma separated mapping from letters to digits that satisfies the equation in your final answer. Output format: ""A=1,B=2,C=3"" (without quotes)
","A=1,I=9,O=5,S=2,V=6,X=3,Y=4"
"Solve this cryptarithm:

  EUBAB
+  TJVU
-------
  PNTPN

Each letter stands for a unique digit (0-9). No leading letter can be zero.
Provide a comma separated mapping from letters to digits that satisfies the equation in your final answer. Output format: ""A=1,B=2,C=3"" (without quotes)
","A=2,B=7,E=3,J=9,N=5,P=4,T=6,U=8,V=1"
"Solve this cryptarithm:

   PYFHM
     CHH
+   XCFM
--------
  UHHPXX

Each letter stands for a unique digit (0-9). No leading letter can be zero.
Provide a comma separated mapping from letters to digits that satisfies the equation in your final answer. Output format: ""A=1,B=2,C=3"" (without quotes)
","C=2,F=5,H=0,M=8,P=9,U=1,X=6,Y=4"
"Solve this cryptarithm:

   DWSV
+ RRXGR
-------
  RAVAD

Each letter stands for a unique digit (0-9). No leading letter can be zero.
Provide a comma separated mapping from letters to digits that satisfies the equation in your final answer. Output format: ""A=1,B=2,C=3"" (without quotes)
","A=7,D=6,G=8,R=1,S=9,V=5,W=0,X=4"
"Solve this cryptarithm:

    ESE
  EFJWN
+  ENBV
-------
  VSJNE

Each letter stands for a unique digit (0-9). No leading letter can be zero.
Provide a comma separated mapping from letters to digits that satisfies the equation in your final answer. Output format: ""A=1,B=2,C=3"" (without quotes)
","B=6,E=2,F=8,J=0,N=7,S=1,V=3,W=9"
"Solve this cryptarithm:

  LDI
+ QDQ
-----
  GMQ

Each letter stands for a unique digit (0-9). No leading letter can be zero.
Provide a comma separated mapping from letters to digits that satisfies the equation in your final answer. Output format: ""A=1,B=2,C=3"" (without quotes)
","D=7,G=9,I=0,L=2,M=4,Q=6"
"Solve this cryptarithm:

   UOPT
+ KCDKT
-------
  TUKJM

Each letter stands for a unique digit (0-9). No leading letter can be zero.
Provide a comma separated mapping from letters to digits that satisfies the equation in your final answer. Output format: ""A=1,B=2,C=3"" (without quotes)
","C=9,D=6,J=7,K=4,M=0,O=8,P=2,T=5,U=1"
"Solve this cryptarithm:

   GRCKE
+  SSRCS
--------
  BSBKSB

Each letter stands for a unique digit (0-9). No leading letter can be zero.
Provide a comma separated mapping from letters to digits that satisfies the equation in your final answer. Output format: ""A=1,B=2,C=3"" (without quotes)
","B=1,C=8,E=7,G=9,K=5,R=6,S=4"
"Solve this cryptarithm:

   NPS
+ LSUK
------
  SRSL

Each letter stands for a unique digit (0-9). No leading letter can be zero.
Provide a comma separated mapping from letters to digits that satisfies the equation in your final answer. Output format: ""A=1,B=2,C=3"" (without quotes)
","K=9,L=1,N=7,P=3,R=0,S=2,U=8"
"Solve this cryptarithm:

  XKSTK
+   BBJ
-------
  XKJSF

Each letter stands for a unique digit (0-9). No leading letter can be zero.
Provide a comma separated mapping from letters to digits that satisfies the equation in your final answer. Output format: ""A=1,B=2,C=3"" (without quotes)
","B=3,F=2,J=7,K=5,S=4,T=0,X=6"
"Solve this cryptarithm:

   DIP
+  XDD
------
  RXIZ

Each letter stands for a unique digit (0-9). No leading letter can be zero.
Provide a comma separated mapping from letters to digits that satisfies the equation in your final answer. Output format: ""A=1,B=2,C=3"" (without quotes)
","D=9,I=5,P=4,R=1,X=6,Z=3"
"Solve this cryptarithm:

  WWBYV
+ YPABV
-------
  RTTEV

Each letter stands for a unique digit (0-9). No leading letter can be zero.
Provide a comma separated mapping from letters to digits that satisfies the equation in your final answer. Output format: ""A=1,B=2,C=3"" (without quotes)
","A=1,B=6,E=9,P=2,R=8,T=7,V=0,W=5,Y=3"
"Solve this cryptarithm:

  FJFC
   OCP
+ UFLU
------
  XOCM

Each letter stands for a unique digit (0-9). No leading letter can be zero.
Provide a comma separated mapping from letters to digits that satisfies the equation in your final answer. Output format: ""A=1,B=2,C=3"" (without quotes)
","C=8,F=3,J=6,L=7,M=9,O=2,P=0,U=1,X=5"
"Solve this cryptarithm:

  GYYN
  YVNY
+  QQV
------
  IYFF

Each letter stands for a unique digit (0-9). No leading letter can be zero.
Provide a comma separated mapping from letters to digits that satisfies the equation in your final answer. Output format: ""A=1,B=2,C=3"" (without quotes)
","F=7,G=2,I=6,N=9,Q=4,V=5,Y=3"
"Solve this cryptarithm:

   FLO
  GFTN
+ EGGE
------
  OSON

Each letter stands for a unique digit (0-9). No leading letter can be zero.
Provide a comma separated mapping from letters to digits that satisfies the equation in your final answer. Output format: ""A=1,B=2,C=3"" (without quotes)
","E=1,F=8,G=6,L=7,N=0,O=9,S=3,T=5"
"Solve this cryptarithm:

   YCOL
+ DCCVD
-------
  OCOYY

Each letter stands for a unique digit (0-9). No leading letter can be zero.
Provide a comma separated mapping from letters to digits that satisfies the equation in your final answer. Output format: ""A=1,B=2,C=3"" (without quotes)
","C=7,D=3,L=6,O=4,V=5,Y=9"
"Solve this cryptarithm:

   PJSA
+ GPRGR
-------
  GTVAM

Each letter stands for a unique digit (0-9). No leading letter can be zero.
Provide a comma separated mapping from letters to digits that satisfies the equation in your final answer. Output format: ""A=1,B=2,C=3"" (without quotes)
","A=8,G=1,J=3,M=5,P=4,R=7,S=6,T=9,V=0"
"Solve this cryptarithm:

  AJUF
+  QJX
------
  QKQJ

Each letter stands for a unique digit (0-9). No leading letter can be zero.
Provide a comma separated mapping from letters to digits that satisfies the equation in your final answer. Output format: ""A=1,B=2,C=3"" (without quotes)
","A=7,F=5,J=4,K=2,Q=8,U=3,X=9"
"Solve this cryptarithm:

   QHOV
   BHOK
+   OHJ
-------
  HIJQQ

Each letter stands for a unique digit (0-9). No leading letter can be zero.
Provide a comma separated mapping from letters to digits that satisfies the equation in your final answer. Output format: ""A=1,B=2,C=3"" (without quotes)
","B=9,H=1,I=6,J=5,K=0,O=3,Q=7,V=2"
"Solve this cryptarithm:

   DIDR
+ PJSDD
-------
  PIASA

Each letter stands for a unique digit (0-9). No leading letter can be zero.
Provide a comma separated mapping from letters to digits that satisfies the equation in your final answer. Output format: ""A=1,B=2,C=3"" (without quotes)
","A=7,D=1,I=5,J=4,P=3,R=6,S=2"
"Solve this cryptarithm:

   UTETF
+  UZLTI
--------
  TMFYEU

Each letter stands for a unique digit (0-9). No leading letter can be zero.
Provide a comma separated mapping from letters to digits that satisfies the equation in your final answer. Output format: ""A=1,B=2,C=3"" (without quotes)
","E=3,F=8,I=7,L=9,M=0,T=1,U=5,Y=2,Z=6"
"Solve this cryptarithm:

    VJA
  VLLMJ
+   APE
-------
  VMEJJ

Each letter stands for a unique digit (0-9). No leading letter can be zero.
Provide a comma separated mapping from letters to digits that satisfies the equation in your final answer. Output format: ""A=1,B=2,C=3"" (without quotes)
","A=9,E=1,J=0,L=5,M=7,P=2,V=6"
"Solve this cryptarithm:

  WJIPB
+   ZZZ
-------
  WOEOZ

Each letter stands for a unique digit (0-9). No leading letter can be zero.
Provide a comma separated mapping from letters to digits that satisfies the equation in your final answer. Output format: ""A=1,B=2,C=3"" (without quotes)
","B=0,E=1,I=2,J=6,O=7,P=9,W=5,Z=8"
"Solve this cryptarithm:

   GFWW
    WNC
+ FNWHJ
-------
  FMJMG

Each letter stands for a unique digit (0-9). No leading letter can be zero.
Provide a comma separated mapping from letters to digits that satisfies the equation in your final answer. Output format: ""A=1,B=2,C=3"" (without quotes)
","C=1,F=6,G=3,H=8,J=7,M=4,N=0,W=5"
"Solve this cryptarithm:

  QLM
+ ALH
-----
  HAQ

Each letter stands for a unique digit (0-9). No leading letter can be zero.
Provide a comma separated mapping from letters to digits that satisfies the equation in your final answer. Output format: ""A=1,B=2,C=3"" (without quotes)
","A=5,H=9,L=7,M=4,Q=3"
"Solve this cryptarithm:

    VPW
  FHWVW
+   ZTW
-------
  FFTRW

Each letter stands for a unique digit (0-9). No leading letter can be zero.
Provide a comma separated mapping from letters to digits that satisfies the equation in your final answer. Output format: ""A=1,B=2,C=3"" (without quotes)
","F=9,H=8,P=4,R=7,T=0,V=2,W=5,Z=3"
"Solve this cryptarithm:

   IQTXY
+  SEQTX
--------
  CTCSEX

Each letter stands for a unique digit (0-9). No leading letter can be zero.
Provide a comma separated mapping from letters to digits that satisfies the equation in your final answer. Output format: ""A=1,B=2,C=3"" (without quotes)
","C=1,E=9,I=7,Q=2,S=5,T=3,X=6,Y=0"
"Solve this cryptarithm:

  DDUPP
+  IMOM
-------
  DBUQD

Each letter stands for a unique digit (0-9). No leading letter can be zero.
Provide a comma separated mapping from letters to digits that satisfies the equation in your final answer. Output format: ""A=1,B=2,C=3"" (without quotes)
","B=7,D=2,I=4,M=9,O=6,P=3,Q=0,U=8"
"Solve this cryptarithm:

  TNMR
   TGQ
+  GEG
------
  CQQQ

Each letter stands for a unique digit (0-9). No leading letter can be zero.
Provide a comma separated mapping from letters to digits that satisfies the equation in your final answer. Output format: ""A=1,B=2,C=3"" (without quotes)
","C=7,E=1,G=2,M=9,N=4,Q=3,R=8,T=6"
"Solve this cryptarithm:

  ZDDHR
+ SRZIH
-------
  IISHB

Each letter stands for a unique digit (0-9). No leading letter can be zero.
Provide a comma separated mapping from letters to digits that satisfies the equation in your final answer. Output format: ""A=1,B=2,C=3"" (without quotes)
","B=0,D=6,H=7,I=9,R=3,S=8,Z=1"
"Solve this cryptarithm:

   OFRU
   OFBR
+ OBIBO
-------
  IOWFW

Each letter stands for a unique digit (0-9). No leading letter can be zero.
Provide a comma separated mapping from letters to digits that satisfies the equation in your final answer. Output format: ""A=1,B=2,C=3"" (without quotes)
","B=6,F=7,I=4,O=3,R=5,U=1,W=9"
"Solve this cryptarithm:

  UZKPP
+   ZWR
-------
  UZWWR

Each letter stands for a unique digit (0-9). No leading letter can be zero.
Provide a comma separated mapping from letters to digits that satisfies the equation in your final answer. Output format: ""A=1,B=2,C=3"" (without quotes)
","K=4,P=0,R=8,U=7,W=5,Z=1"
"Solve this cryptarithm:

    EAT
  OYHHY
+  TBOH
-------
  OAAYE

Each letter stands for a unique digit (0-9). No leading letter can be zero.
Provide a comma separated mapping from letters to digits that satisfies the equation in your final answer. Output format: ""A=1,B=2,C=3"" (without quotes)
","A=4,B=1,E=2,H=9,O=6,T=3,Y=0"
"Solve this cryptarithm:

   EKEX
    KKK
+ ZKDXM
-------
  HXHDD

Each letter stands for a unique digit (0-9). No leading letter can be zero.
Provide a comma separated mapping from letters to digits that satisfies the equation in your final answer. Output format: ""A=1,B=2,C=3"" (without quotes)
","D=1,E=8,H=6,K=2,M=9,X=0,Z=5"
"Solve this cryptarithm:

  GGGYK
+   UKZ
-------
  GGKSK

Each letter stands for a unique digit (0-9). No leading letter can be zero.
Provide a comma separated mapping from letters to digits that satisfies the equation in your final answer. Output format: ""A=1,B=2,C=3"" (without quotes)
","G=2,K=8,S=4,U=5,Y=6,Z=0"
"Solve this cryptarithm:

   LLELL
   ABQBQ
+   JTBG
--------
  BATEQL

Each letter stands for a unique digit (0-9). No leading letter can be zero.
Provide a comma separated mapping from letters to digits that satisfies the equation in your final answer. Output format: ""A=1,B=2,C=3"" (without quotes)
","A=4,B=1,E=0,G=8,J=6,L=9,Q=2,T=7"
"Solve this cryptarithm:

  MKOOK
+ EOKLM
-------
  REEIQ

Each letter stands for a unique digit (0-9). No leading letter can be zero.
Provide a comma separated mapping from letters to digits that satisfies the equation in your final answer. Output format: ""A=1,B=2,C=3"" (without quotes)
","E=2,I=1,K=8,L=7,M=6,O=3,Q=4,R=9"
"Solve this cryptarithm:

   FFEQQ
   ECWQL
+    FCF
--------
  JXERWQ

Each letter stands for a unique digit (0-9). No leading letter can be zero.
Provide a comma separated mapping from letters to digits that satisfies the equation in your final answer. Output format: ""A=1,B=2,C=3"" (without quotes)
","C=2,E=9,F=6,J=1,L=4,Q=0,R=8,W=3,X=5"
"Solve this cryptarithm:

   EIVY
+ EVYGT
-------
  EYCKM

Each letter stands for a unique digit (0-9). No leading letter can be zero.
Provide a comma separated mapping from letters to digits that satisfies the equation in your final answer. Output format: ""A=1,B=2,C=3"" (without quotes)
","C=6,E=8,G=4,I=7,K=5,M=2,T=3,V=0,Y=9"
"Solve this cryptarithm:

  ADP
+ DDD
-----
  UAO

Each letter stands for a unique digit (0-9). No leading letter can be zero.
Provide a comma separated mapping from letters to digits that satisfies the equation in your final answer. Output format: ""A=1,B=2,C=3"" (without quotes)
","A=3,D=1,O=0,P=9,U=4"
"Solve this cryptarithm:

   LKTF
    LFX
+ KEFGB
-------
  FGLXA

Each letter stands for a unique digit (0-9). No leading letter can be zero.
Provide a comma separated mapping from letters to digits that satisfies the equation in your final answer. Output format: ""A=1,B=2,C=3"" (without quotes)
","A=9,B=3,E=7,F=5,G=0,K=4,L=2,T=6,X=1"
"Solve this cryptarithm:

  CUUZR
+   CMC
-------
  CUOYW

Each letter stands for a unique digit (0-9). No leading letter can be zero.
Provide a comma separated mapping from letters to digits that satisfies the equation in your final answer. Output format: ""A=1,B=2,C=3"" (without quotes)
","C=3,M=7,O=9,R=8,U=5,W=1,Y=4,Z=6"
"Solve this cryptarithm:

  SADX
+ UCIS
------
  EWXC

Each letter stands for a unique digit (0-9). No leading letter can be zero.
Provide a comma separated mapping from letters to digits that satisfies the equation in your final answer. Output format: ""A=1,B=2,C=3"" (without quotes)
","A=5,C=2,D=3,E=9,I=0,S=8,U=1,W=7,X=4"
"Solve this cryptarithm:

   EBQH
    FFD
+ QFHDE
-------
  HPENG

Each letter stands for a unique digit (0-9). No leading letter can be zero.
Provide a comma separated mapping from letters to digits that satisfies the equation in your final answer. Output format: ""A=1,B=2,C=3"" (without quotes)
","B=9,D=1,E=3,F=7,G=0,H=6,N=4,P=2,Q=5"
"Solve this cryptarithm:

    VCAF
+  KKCAB
--------
  BADNAC

Each letter stands for a unique digit (0-9). No leading letter can be zero.
Provide a comma separated mapping from letters to digits that satisfies the equation in your final answer. Output format: ""A=1,B=2,C=3"" (without quotes)
","A=0,B=1,C=3,D=4,F=2,K=9,N=6,V=5"
"Solve this cryptarithm:

   XDJ
  SSHY
+  OWT
------
  TXRY

Each letter stands for a unique digit (0-9). No leading letter can be zero.
Provide a comma separated mapping from letters to digits that satisfies the equation in your final answer. Output format: ""A=1,B=2,C=3"" (without quotes)
","D=6,H=4,J=8,O=7,R=0,S=1,T=2,W=9,X=3,Y=5"
"Solve this cryptarithm:

  XPNVX
+ OOWVV
-------
  FCOVX

Each letter stands for a unique digit (0-9). No leading letter can be zero.
Provide a comma separated mapping from letters to digits that satisfies the equation in your final answer. Output format: ""A=1,B=2,C=3"" (without quotes)
","C=1,F=6,N=5,O=2,P=8,V=0,W=7,X=3"
"Solve this cryptarithm:

   GAE
+ GKGC
------
  IFVC

Each letter stands for a unique digit (0-9). No leading letter can be zero.
Provide a comma separated mapping from letters to digits that satisfies the equation in your final answer. Output format: ""A=1,B=2,C=3"" (without quotes)
","A=9,C=5,E=0,F=2,G=7,I=8,K=4,V=6"
"Solve this cryptarithm:

   QEE
+ ICNS
------
  QUAE

Each letter stands for a unique digit (0-9). No leading letter can be zero.
Provide a comma separated mapping from letters to digits that satisfies the equation in your final answer. Output format: ""A=1,B=2,C=3"" (without quotes)
","A=6,C=3,E=2,I=7,N=4,Q=8,S=0,U=1"
"Solve this cryptarithm:

  GVCCS
+   GQB
-------
  GVVGV

Each letter stands for a unique digit (0-9). No leading letter can be zero.
Provide a comma separated mapping from letters to digits that satisfies the equation in your final answer. Output format: ""A=1,B=2,C=3"" (without quotes)
","B=7,C=1,G=2,Q=0,S=6,V=3"
"Solve this cryptarithm:

   ANCBK
   EIYBN
+  BABNH
--------
  VNANYY

Each letter stands for a unique digit (0-9). No leading letter can be zero.
Provide a comma separated mapping from letters to digits that satisfies the equation in your final answer. Output format: ""A=1,B=2,C=3"" (without quotes)
","A=6,B=8,C=3,E=9,H=7,I=5,K=0,N=4,V=2,Y=1"
"Solve this cryptarithm:

   PLSU
+  KKSP
-------
  UYOKF

Each letter stands for a unique digit (0-9). No leading letter can be zero.
Provide a comma separated mapping from letters to digits that satisfies the equation in your final answer. Output format: ""A=1,B=2,C=3"" (without quotes)
","F=5,K=8,L=7,O=6,P=4,S=9,U=1,Y=3"
"Solve this cryptarithm:

   PGO
  LKUR
+  OKI
------
  OLKG

Each letter stands for a unique digit (0-9). No leading letter can be zero.
Provide a comma separated mapping from letters to digits that satisfies the equation in your final answer. Output format: ""A=1,B=2,C=3"" (without quotes)
","G=9,I=2,K=5,L=6,O=7,P=3,R=0,U=1"
"Solve this cryptarithm:

  FKFM
+  IMF
------
  VRIG

Each letter stands for a unique digit (0-9). No leading letter can be zero.
Provide a comma separated mapping from letters to digits that satisfies the equation in your final answer. Output format: ""A=1,B=2,C=3"" (without quotes)
","F=4,G=2,I=3,K=7,M=8,R=1,V=5"
"Solve this cryptarithm:

  ATLL
+  SAJ
------
  AJAJ

Each letter stands for a unique digit (0-9). No leading letter can be zero.
Provide a comma separated mapping from letters to digits that satisfies the equation in your final answer. Output format: ""A=1,B=2,C=3"" (without quotes)
","A=8,J=9,L=0,S=7,T=2"
"Solve this cryptarithm:

  IXRXI
   URBT
+   IQR
-------
  IGUUB

Each letter stands for a unique digit (0-9). No leading letter can be zero.
Provide a comma separated mapping from letters to digits that satisfies the equation in your final answer. Output format: ""A=1,B=2,C=3"" (without quotes)
","B=2,G=8,I=7,Q=0,R=9,T=6,U=5,X=1"
"Solve this cryptarithm:

   UXRIC
   QQXKT
+    KUK
--------
  KUYIXE

Each letter stands for a unique digit (0-9). No leading letter can be zero.
Provide a comma separated mapping from letters to digits that satisfies the equation in your final answer. Output format: ""A=1,B=2,C=3"" (without quotes)
","C=3,E=2,I=7,K=1,Q=9,R=0,T=8,U=6,X=5,Y=4"
"Solve this cryptarithm:

   TFFFW
+  GDRKJ
--------
  FAWGJD

Each letter stands for a unique digit (0-9). No leading letter can be zero.
Provide a comma separated mapping from letters to digits that satisfies the equation in your final answer. Output format: ""A=1,B=2,C=3"" (without quotes)
","A=0,D=2,F=1,G=6,J=9,K=7,R=5,T=4,W=3"
"Solve this cryptarithm:

  DXLLG
   CSGD
+   DIS
-------
  SGCCI

Each letter stands for a unique digit (0-9). No leading letter can be zero.
Provide a comma separated mapping from letters to digits that satisfies the equation in your final answer. Output format: ""A=1,B=2,C=3"" (without quotes)
","C=7,D=8,G=4,I=1,L=0,S=9,X=6"
"Solve this cryptarithm:

  SFWGS
+ DDGOS
-------
  IRBBO

Each letter stands for a unique digit (0-9). No leading letter can be zero.
Provide a comma separated mapping from letters to digits that satisfies the equation in your final answer. Output format: ""A=1,B=2,C=3"" (without quotes)
","B=1,D=5,F=0,G=3,I=9,O=8,R=6,S=4,W=7"
"Solve this cryptarithm:

   BDICU
+  UDSII
--------
  QDQBUQ

Each letter stands for a unique digit (0-9). No leading letter can be zero.
Provide a comma separated mapping from letters to digits that satisfies the equation in your final answer. Output format: ""A=1,B=2,C=3"" (without quotes)
","B=3,C=2,D=0,I=4,Q=1,S=9,U=7"
"Solve this cryptarithm:

  ZMZMR
   CAJA
+ ORVZJ
-------
  CYCVY

Each letter stands for a unique digit (0-9). No leading letter can be zero.
Provide a comma separated mapping from letters to digits that satisfies the equation in your final answer. Output format: ""A=1,B=2,C=3"" (without quotes)
","A=7,C=5,J=9,M=0,O=1,R=6,V=4,Y=2,Z=3"
"Solve this cryptarithm:

  JMZFJ
+ FXJJZ
-------
  AFJBJ

Each letter stands for a unique digit (0-9). No leading letter can be zero.
Provide a comma separated mapping from letters to digits that satisfies the equation in your final answer. Output format: ""A=1,B=2,C=3"" (without quotes)
","A=7,B=6,F=2,J=4,M=9,X=3,Z=0"
"Solve this cryptarithm:

    QQG
+ IDPKP
-------
  SUOUS

Each letter stands for a unique digit (0-9). No leading letter can be zero.
Provide a comma separated mapping from letters to digits that satisfies the equation in your final answer. Output format: ""A=1,B=2,C=3"" (without quotes)
","D=9,G=7,I=2,K=1,O=5,P=6,Q=8,S=3,U=0"
"Solve this cryptarithm:

   KUIY
+ FSNKY
-------
  KEKIG

Each letter stands for a unique digit (0-9). No leading letter can be zero.
Provide a comma separated mapping from letters to digits that satisfies the equation in your final answer. Output format: ""A=1,B=2,C=3"" (without quotes)
","E=3,F=8,G=2,I=5,K=9,N=7,S=4,U=1,Y=6"
"Solve this cryptarithm:

    QQS
+ NKRTH
-------
  NKTNT

Each letter stands for a unique digit (0-9). No leading letter can be zero.
Provide a comma separated mapping from letters to digits that satisfies the equation in your final answer. Output format: ""A=1,B=2,C=3"" (without quotes)
","H=7,K=2,N=8,Q=1,R=5,S=9,T=6"
"Solve this cryptarithm:

    LET
  LLDPV
+ DMMEE
-------
  WCMUM

Each letter stands for a unique digit (0-9). No leading letter can be zero.
Provide a comma separated mapping from letters to digits that satisfies the equation in your final answer. Output format: ""A=1,B=2,C=3"" (without quotes)
","C=3,D=6,E=7,L=2,M=0,P=5,T=9,U=1,V=4,W=8"
"Solve this cryptarithm:

   VVKZ
+ VCJVK
-------
  VVKPT

Each letter stands for a unique digit (0-9). No leading letter can be zero.
Provide a comma separated mapping from letters to digits that satisfies the equation in your final answer. Output format: ""A=1,B=2,C=3"" (without quotes)
","C=0,J=5,K=7,P=9,T=8,V=2,Z=1"
"Solve this cryptarithm:

   QAMLI
     INX
+  ILQXA
--------
  QSXGIL

Each letter stands for a unique digit (0-9). No leading letter can be zero.
Provide a comma separated mapping from letters to digits that satisfies the equation in your final answer. Output format: ""A=1,B=2,C=3"" (without quotes)
","A=5,G=4,I=9,L=2,M=3,N=7,Q=1,S=0,X=8"
"Solve this cryptarithm:

  BDTDP
+   DSC
-------
  BJIDE

Each letter stands for a unique digit (0-9). No leading letter can be zero.
Provide a comma separated mapping from letters to digits that satisfies the equation in your final answer. Output format: ""A=1,B=2,C=3"" (without quotes)
","B=2,C=1,D=7,E=5,I=6,J=8,P=4,S=0,T=9"
"Solve this cryptarithm:

    MAN
    INY
+ TYMRM
-------
  MNEXT

Each letter stands for a unique digit (0-9). No leading letter can be zero.
Provide a comma separated mapping from letters to digits that satisfies the equation in your final answer. Output format: ""A=1,B=2,C=3"" (without quotes)
","A=8,E=7,I=6,M=5,N=0,R=3,T=4,X=2,Y=9"
"Solve this cryptarithm:

   KJKX
    CKN
+  KXZJ
-------
  QNZRK

Each letter stands for a unique digit (0-9). No leading letter can be zero.
Provide a comma separated mapping from letters to digits that satisfies the equation in your final answer. Output format: ""A=1,B=2,C=3"" (without quotes)
","C=8,J=9,K=4,N=0,Q=1,R=2,X=5,Z=3"
"Solve this cryptarithm:

    DUD
  IJWXT
+   KRF
-------
  IWWRU

Each letter stands for a unique digit (0-9). No leading letter can be zero.
Provide a comma separated mapping from letters to digits that satisfies the equation in your final answer. Output format: ""A=1,B=2,C=3"" (without quotes)
","D=3,F=5,I=8,J=0,K=6,R=4,T=9,U=7,W=1,X=2"
"Solve this cryptarithm:

  FUQR
  QSDL
+  DDD
------
  WXXX

Each letter stands for a unique digit (0-9). No leading letter can be zero.
Provide a comma separated mapping from letters to digits that satisfies the equation in your final answer. Output format: ""A=1,B=2,C=3"" (without quotes)
","D=4,F=7,L=2,Q=1,R=3,S=5,U=0,W=8,X=9"
"Solve this cryptarithm:

   ZJAJZ
   FGDJJ
+  TZADO
--------
  GDDAGJ

Each letter stands for a unique digit (0-9). No leading letter can be zero.
Provide a comma separated mapping from letters to digits that satisfies the equation in your final answer. Output format: ""A=1,B=2,C=3"" (without quotes)
","A=4,D=5,F=8,G=2,J=3,O=1,T=7,Z=9"
"Solve this cryptarithm:

   KWI
+ CRZH
------
  ZKTR

Each letter stands for a unique digit (0-9). No leading letter can be zero.
Provide a comma separated mapping from letters to digits that satisfies the equation in your final answer. Output format: ""A=1,B=2,C=3"" (without quotes)
","C=4,H=2,I=7,K=8,R=9,T=1,W=6,Z=5"
"Solve this cryptarithm:

    SZR
  KQTXI
+   ZQT
-------
  KXSIH

Each letter stands for a unique digit (0-9). No leading letter can be zero.
Provide a comma separated mapping from letters to digits that satisfies the equation in your final answer. Output format: ""A=1,B=2,C=3"" (without quotes)
","H=9,I=4,K=3,Q=0,R=7,S=5,T=8,X=1,Z=2"
"Solve this cryptarithm:

     KAZ
   KBJKB
+  ZZTJS
--------
  VTSNZB

Each letter stands for a unique digit (0-9). No leading letter can be zero.
Provide a comma separated mapping from letters to digits that satisfies the equation in your final answer. Output format: ""A=1,B=2,C=3"" (without quotes)
","A=9,B=6,J=5,K=2,N=8,S=3,T=0,V=1,Z=7"
"Solve this cryptarithm:

    UDP
+ HJKUI
-------
  HPFPV

Each letter stands for a unique digit (0-9). No leading letter can be zero.
Provide a comma separated mapping from letters to digits that satisfies the equation in your final answer. Output format: ""A=1,B=2,C=3"" (without quotes)
","D=5,F=1,H=7,I=6,J=3,K=2,P=4,U=8,V=0"
"Solve this cryptarithm:

   UVI
  IZVH
+ DKXU
------
  HHQU

Each letter stands for a unique digit (0-9). No leading letter can be zero.
Provide a comma separated mapping from letters to digits that satisfies the equation in your final answer. Output format: ""A=1,B=2,C=3"" (without quotes)
","D=8,H=9,I=1,K=0,Q=6,U=3,V=4,X=7,Z=5"
"Solve this cryptarithm:

   FOHI
   PPHI
+  IOIF
-------
  HITPA

Each letter stands for a unique digit (0-9). No leading letter can be zero.
Provide a comma separated mapping from letters to digits that satisfies the equation in your final answer. Output format: ""A=1,B=2,C=3"" (without quotes)
","A=9,F=5,H=1,I=2,O=7,P=4,T=8"
"Solve this cryptarithm:

  KGOLK
+   XJN
-------
  KGSSL

Each letter stands for a unique digit (0-9). No leading letter can be zero.
Provide a comma separated mapping from letters to digits that satisfies the equation in your final answer. Output format: ""A=1,B=2,C=3"" (without quotes)
","G=0,J=3,K=5,L=4,N=9,O=1,S=8,X=7"
"Solve this cryptarithm:

  HDEHI
  DOEQD
+   ISD
-------
  SSHDX

Each letter stands for a unique digit (0-9). No leading letter can be zero.
Provide a comma separated mapping from letters to digits that satisfies the equation in your final answer. Output format: ""A=1,B=2,C=3"" (without quotes)
","D=6,E=7,H=3,I=8,O=1,Q=2,S=9,X=0"
"Solve this cryptarithm:

    XXV
    HVY
+ OVPFH
-------
  OYFFO

Each letter stands for a unique digit (0-9). No leading letter can be zero.
Provide a comma separated mapping from letters to digits that satisfies the equation in your final answer. Output format: ""A=1,B=2,C=3"" (without quotes)
","F=8,H=6,O=1,P=4,V=2,X=7,Y=3"
"Solve this cryptarithm:

   UPQR
   GRQB
+ QUGUP
-------
  IJBDQ

Each letter stands for a unique digit (0-9). No leading letter can be zero.
Provide a comma separated mapping from letters to digits that satisfies the equation in your final answer. Output format: ""A=1,B=2,C=3"" (without quotes)
","B=6,D=0,G=3,I=8,J=4,P=9,Q=7,R=2,U=5"
"Solve this cryptarithm:

    FMI
+ OIOVV
-------
  OKEMI

Each letter stands for a unique digit (0-9). No leading letter can be zero.
Provide a comma separated mapping from letters to digits that satisfies the equation in your final answer. Output format: ""A=1,B=2,C=3"" (without quotes)
","E=1,F=5,I=7,K=8,M=2,O=6,V=0"
"Solve this cryptarithm:

   MJMJ
    WJC
+ WJCAA
-------
  WZJZM

Each letter stands for a unique digit (0-9). No leading letter can be zero.
Provide a comma separated mapping from letters to digits that satisfies the equation in your final answer. Output format: ""A=1,B=2,C=3"" (without quotes)
","A=1,C=3,J=0,M=4,W=7,Z=5"
"Solve this cryptarithm:

   RFRR
    RRF
+ DQKKK
-------
  DZQIF

Each letter stands for a unique digit (0-9). No leading letter can be zero.
Provide a comma separated mapping from letters to digits that satisfies the equation in your final answer. Output format: ""A=1,B=2,C=3"" (without quotes)
","D=5,F=3,I=2,K=9,Q=4,R=1,Z=6"
"Solve this cryptarithm:

   YZKH
+ RYYQR
-------
  RNRRQ

Each letter stands for a unique digit (0-9). No leading letter can be zero.
Provide a comma separated mapping from letters to digits that satisfies the equation in your final answer. Output format: ""A=1,B=2,C=3"" (without quotes)
","H=3,K=7,N=8,Q=9,R=6,Y=4,Z=1"
"Solve this cryptarithm:

   WKB
+ WXIW
------
  WBIS

Each letter stands for a unique digit (0-9). No leading letter can be zero.
Provide a comma separated mapping from letters to digits that satisfies the equation in your final answer. Output format: ""A=1,B=2,C=3"" (without quotes)
","B=8,I=7,K=9,S=3,W=5,X=2"
"Solve this cryptarithm:

    GPF
  OEOQS
+ SUPUS
-------
  GOBGO

Each letter stands for a unique digit (0-9). No leading letter can be zero.
Provide a comma separated mapping from letters to digits that satisfies the equation in your final answer. Output format: ""A=1,B=2,C=3"" (without quotes)
","B=1,E=0,F=8,G=7,O=4,P=9,Q=5,S=3,U=2"
"Solve this cryptarithm:

  IHN
+ UUW
-----
  FFU

Each letter stands for a unique digit (0-9). No leading letter can be zero.
Provide a comma separated mapping from letters to digits that satisfies the equation in your final answer. Output format: ""A=1,B=2,C=3"" (without quotes)
","F=7,H=2,I=3,N=6,U=4,W=8"
"Solve this cryptarithm:

    FKJ
+ UUKXF
-------
  UFXMU

Each letter stands for a unique digit (0-9). No leading letter can be zero.
Provide a comma separated mapping from letters to digits that satisfies the equation in your final answer. Output format: ""A=1,B=2,C=3"" (without quotes)
","F=8,J=9,K=2,M=3,U=7,X=0"
"Solve this cryptarithm:

   DLDYT
+  RITLT
--------
  LIRYTI

Each letter stands for a unique digit (0-9). No leading letter can be zero.
Provide a comma separated mapping from letters to digits that satisfies the equation in your final answer. Output format: ""A=1,B=2,C=3"" (without quotes)
","D=8,I=0,L=1,R=2,T=5,Y=3"
"Solve this cryptarithm:

   VHMZ
+ SVSLV
-------
  MMYVX

Each letter stands for a unique digit (0-9). No leading letter can be zero.
Provide a comma separated mapping from letters to digits that satisfies the equation in your final answer. Output format: ""A=1,B=2,C=3"" (without quotes)
","H=9,L=2,M=5,S=4,V=7,X=8,Y=3,Z=1"
"Solve this cryptarithm:

  HDHXA
+   FXF
-------
  SLLSC

Each letter stands for a unique digit (0-9). No leading letter can be zero.
Provide a comma separated mapping from letters to digits that satisfies the equation in your final answer. Output format: ""A=1,B=2,C=3"" (without quotes)
","A=3,C=7,D=9,F=4,H=5,L=0,S=6,X=8"
"Solve this cryptarithm:

   NTN
+ SVNM
------
  SLSN

Each letter stands for a unique digit (0-9). No leading letter can be zero.
Provide a comma separated mapping from letters to digits that satisfies the equation in your final answer. Output format: ""A=1,B=2,C=3"" (without quotes)
","L=8,M=0,N=2,S=7,T=5,V=6"
"Solve this cryptarithm:

  XAMXA
   GMPA
+   GHC
-------
  CGAHM

Each letter stands for a unique digit (0-9). No leading letter can be zero.
Provide a comma separated mapping from letters to digits that satisfies the equation in your final answer. Output format: ""A=1,B=2,C=3"" (without quotes)
","A=9,C=7,G=8,H=1,M=5,P=2,X=6"
"Solve this cryptarithm:

    MRR
+ HNBHF
-------
  HNTFN

Each letter stands for a unique digit (0-9). No leading letter can be zero.
Provide a comma separated mapping from letters to digits that satisfies the equation in your final answer. Output format: ""A=1,B=2,C=3"" (without quotes)
","B=2,F=8,H=1,M=7,N=4,R=6,T=9"
"Solve this cryptarithm:

   AGAM
+ RQGGA
-------
  RTQJK

Each letter stands for a unique digit (0-9). No leading letter can be zero.
Provide a comma separated mapping from letters to digits that satisfies the equation in your final answer. Output format: ""A=1,B=2,C=3"" (without quotes)
","A=5,G=2,J=7,K=8,M=3,Q=4,R=1,T=9"
"Solve this cryptarithm:

   UUNU
+ XDURX
-------
  UWDXY

Each letter stands for a unique digit (0-9). No leading letter can be zero.
Provide a comma separated mapping from letters to digits that satisfies the equation in your final answer. Output format: ""A=1,B=2,C=3"" (without quotes)
","D=4,N=5,R=0,U=7,W=2,X=6,Y=3"
"Solve this cryptarithm:

  JVDO
+  NOM
------
  JXSO

Each letter stands for a unique digit (0-9). No leading letter can be zero.
Provide a comma separated mapping from letters to digits that satisfies the equation in your final answer. Output format: ""A=1,B=2,C=3"" (without quotes)
","D=8,J=5,M=0,N=1,O=9,S=7,V=2,X=4"
"Solve this cryptarithm:

  LFJRN
+  UJHM
-------
  LDNHH

Each letter stands for a unique digit (0-9). No leading letter can be zero.
Provide a comma separated mapping from letters to digits that satisfies the equation in your final answer. Output format: ""A=1,B=2,C=3"" (without quotes)
","D=9,F=5,H=7,J=8,L=2,M=1,N=6,R=0,U=3"
"Solve this cryptarithm:

  AGAKR
+  LGLA
-------
  UAJBJ

Each letter stands for a unique digit (0-9). No leading letter can be zero.
Provide a comma separated mapping from letters to digits that satisfies the equation in your final answer. Output format: ""A=1,B=2,C=3"" (without quotes)
","A=2,B=1,G=5,J=8,K=4,L=7,R=6,U=3"
"Solve this cryptarithm:

  RCCSM
+  ETTV
-------
  RWCSS

Each letter stands for a unique digit (0-9). No leading letter can be zero.
Provide a comma separated mapping from letters to digits that satisfies the equation in your final answer. Output format: ""A=1,B=2,C=3"" (without quotes)
","C=7,E=1,M=4,R=9,S=6,T=0,V=2,W=8"
"Solve this cryptarithm:

   IDDMC
   CDMZG
+  IMGFW
--------
  DTCZTQ

Each letter stands for a unique digit (0-9). No leading letter can be zero.
Provide a comma separated mapping from letters to digits that satisfies the equation in your final answer. Output format: ""A=1,B=2,C=3"" (without quotes)
","C=9,D=1,F=0,G=7,I=2,M=6,Q=4,T=3,W=8,Z=5"
"Solve this cryptarithm:

  NBZBQ
   ZQNN
+  VLYX
-------
  LWWQZ

Each letter stands for a unique digit (0-9). No leading letter can be zero.
Provide a comma separated mapping from letters to digits that satisfies the equation in your final answer. Output format: ""A=1,B=2,C=3"" (without quotes)
","B=6,L=9,N=8,Q=0,V=4,W=2,X=3,Y=5,Z=1"
"Solve this cryptarithm:

  LUIDL
+ UCZCL
-------
  ERUZI

Each letter stands for a unique digit (0-9). No leading letter can be zero.
Provide a comma separated mapping from letters to digits that satisfies the equation in your final answer. Output format: ""A=1,B=2,C=3"" (without quotes)
","C=6,D=4,E=7,I=0,L=5,R=8,U=2,Z=1"
"Solve this cryptarithm:

  TJTSS
    ZZY
+   AUA
-------
  TUZMZ

Each letter stands for a unique digit (0-9). No leading letter can be zero.
Provide a comma separated mapping from letters to digits that satisfies the equation in your final answer. Output format: ""A=1,B=2,C=3"" (without quotes)
","A=5,J=7,M=4,S=9,T=3,U=8,Y=2,Z=6"
"Solve this cryptarithm:

   LZJR
    LWN
+  XNRW
-------
  RRWQJ

Each letter stands for a unique digit (0-9). No leading letter can be zero.
Provide a comma separated mapping from letters to digits that satisfies the equation in your final answer. Output format: ""A=1,B=2,C=3"" (without quotes)
","J=7,L=2,N=0,Q=4,R=1,W=6,X=9,Z=3"
"Solve this cryptarithm:

    JCF
  OOXSH
+   CJP
-------
  OMFMM

Each letter stands for a unique digit (0-9). No leading letter can be zero.
Provide a comma separated mapping from letters to digits that satisfies the equation in your final answer. Output format: ""A=1,B=2,C=3"" (without quotes)
","C=1,F=2,H=0,J=7,M=6,O=5,P=4,S=8,X=3"
"Solve this cryptarithm:

    QHY
+ GFYRG
-------
  GQFQQ

Each letter stands for a unique digit (0-9). No leading letter can be zero.
Provide a comma separated mapping from letters to digits that satisfies the equation in your final answer. Output format: ""A=1,B=2,C=3"" (without quotes)
","F=3,G=5,H=1,Q=4,R=2,Y=9"
"Solve this cryptarithm:

   LLDM
+ BDOXM
-------
  FFUUD

Each letter stands for a unique digit (0-9). No leading letter can be zero.
Provide a comma separated mapping from letters to digits that satisfies the equation in your final answer. Output format: ""A=1,B=2,C=3"" (without quotes)
","B=1,D=6,F=2,L=5,M=8,O=4,U=0,X=3"
"Solve this cryptarithm:

   CKK
+ CKQM
------
  QVJF

Each letter stands for a unique digit (0-9). No leading letter can be zero.
Provide a comma separated mapping from letters to digits that satisfies the equation in your final answer. Output format: ""A=1,B=2,C=3"" (without quotes)
","C=2,F=6,J=1,K=7,M=9,Q=3,V=0"
"Solve this cryptarithm:

   YMH
+ JNDJ
------
  JMDR

Each letter stands for a unique digit (0-9). No leading letter can be zero.
Provide a comma separated mapping from letters to digits that satisfies the equation in your final answer. Output format: ""A=1,B=2,C=3"" (without quotes)
","D=4,H=7,J=3,M=9,N=6,R=0,Y=2"
"Solve this cryptarithm:

  PWWGK
  PPRXS
+ XZZGP
-------
  WKKRT

Each letter stands for a unique digit (0-9). No leading letter can be zero.
Provide a comma separated mapping from letters to digits that satisfies the equation in your final answer. Output format: ""A=1,B=2,C=3"" (without quotes)
","G=2,K=0,P=3,R=5,S=4,T=7,W=9,X=1,Z=6"
"Solve this cryptarithm:

   JXU
+ KKJT
------
  XHHJ

Each letter stands for a unique digit (0-9). No leading letter can be zero.
Provide a comma separated mapping from letters to digits that satisfies the equation in your final answer. Output format: ""A=1,B=2,C=3"" (without quotes)
","H=4,J=8,K=5,T=1,U=7,X=6"
"Solve this cryptarithm:

   YSB
+ HBHT
------
  HEEP

Each letter stands for a unique digit (0-9). No leading letter can be zero.
Provide a comma separated mapping from letters to digits that satisfies the equation in your final answer. Output format: ""A=1,B=2,C=3"" (without quotes)
","B=6,E=8,H=4,P=1,S=3,T=5,Y=2"
"Solve this cryptarithm:

  QZFT
+  JJK
------
  ZFJQ

Each letter stands for a unique digit (0-9). No leading letter can be zero.
Provide a comma separated mapping from letters to digits that satisfies the equation in your final answer. Output format: ""A=1,B=2,C=3"" (without quotes)
","F=0,J=4,K=3,Q=5,T=2,Z=6"
"Solve this cryptarithm:

   EOQI
    EYI
+  DOAY
-------
  YUNNY

Each letter stands for a unique digit (0-9). No leading letter can be zero.
Provide a comma separated mapping from letters to digits that satisfies the equation in your final answer. Output format: ""A=1,B=2,C=3"" (without quotes)
","A=4,D=2,E=6,I=5,N=3,O=8,Q=7,U=0,Y=1"
"Solve this cryptarithm:

    UXX
   YDVW
+  QEVU
-------
  UDGDX

Each letter stands for a unique digit (0-9). No leading letter can be zero.
Provide a comma separated mapping from letters to digits that satisfies the equation in your final answer. Output format: ""A=1,B=2,C=3"" (without quotes)
","D=3,E=0,G=5,Q=7,U=1,V=2,W=9,X=8,Y=6"
"Solve this cryptarithm:

  CMJJ
+  JJV
------
  YMJY

Each letter stands for a unique digit (0-9). No leading letter can be zero.
Provide a comma separated mapping from letters to digits that satisfies the equation in your final answer. Output format: ""A=1,B=2,C=3"" (without quotes)
","C=1,J=9,M=8,V=3,Y=2"
"Solve this cryptarithm:

   HWHKP
+  NNHWK
--------
  RRHPWN

Each letter stands for a unique digit (0-9). No leading letter can be zero.
Provide a comma separated mapping from letters to digits that satisfies the equation in your final answer. Output format: ""A=1,B=2,C=3"" (without quotes)
","H=7,K=9,N=4,P=5,R=1,W=2"
"Solve this cryptarithm:

    POP
    TMT
+ TNELE
-------
  TQPOO

Each letter stands for a unique digit (0-9). No leading letter can be zero.
Provide a comma separated mapping from letters to digits that satisfies the equation in your final answer. Output format: ""A=1,B=2,C=3"" (without quotes)
","E=4,L=0,M=9,N=6,O=1,P=2,Q=7,T=5"
"Solve this cryptarithm:

   FTKSS
   ZQDTZ
+    IDZ
--------
  QINFTO

Each letter stands for a unique digit (0-9). No leading letter can be zero.
Provide a comma separated mapping from letters to digits that satisfies the equation in your final answer. Output format: ""A=1,B=2,C=3"" (without quotes)
","D=6,F=8,I=7,K=4,N=5,O=0,Q=1,S=2,T=3,Z=9"
"Solve this cryptarithm:

  DIJXZ
+   JZB
-------
  DVBXB

Each letter stands for a unique digit (0-9). No leading letter can be zero.
Provide a comma separated mapping from letters to digits that satisfies the equation in your final answer. Output format: ""A=1,B=2,C=3"" (without quotes)
","B=4,D=8,I=5,J=7,V=6,X=9,Z=0"
"Solve this cryptarithm:

   HZHH
+ HMSHE
-------
  HPSMF

Each letter stands for a unique digit (0-9). No leading letter can be zero.
Provide a comma separated mapping from letters to digits that satisfies the equation in your final answer. Output format: ""A=1,B=2,C=3"" (without quotes)
","E=3,F=5,H=2,M=4,P=6,S=1,Z=0"
"Solve this cryptarithm:

  PPLRX
+  LLLM
-------
  JPLRG

Each letter stands for a unique digit (0-9). No leading letter can be zero.
Provide a comma separated mapping from letters to digits that satisfies the equation in your final answer. Output format: ""A=1,B=2,C=3"" (without quotes)
","G=0,J=8,L=9,M=6,P=7,R=3,X=4"
"Solve this cryptarithm:

  HHHHB
  CBMWS
+   UUK
-------
  BUKMW

Each letter stands for a unique digit (0-9). No leading letter can be zero.
Provide a comma separated mapping from letters to digits that satisfies the equation in your final answer. Output format: ""A=1,B=2,C=3"" (without quotes)
","B=9,C=5,H=3,K=7,M=1,S=8,U=2,W=4"
"Solve this cryptarithm:

  EATZM
    KZK
+  EMEQ
-------
  KEPKK

Each letter stands for a unique digit (0-9). No leading letter can be zero.
Provide a comma separated mapping from letters to digits that satisfies the equation in your final answer. Output format: ""A=1,B=2,C=3"" (without quotes)
","A=9,E=1,K=2,M=3,P=4,Q=7,T=8,Z=5"
"Solve this cryptarithm:

   DEWE
   OQEL
+ LJWTT
-------
  JLDWD

Each letter stands for a unique digit (0-9). No leading letter can be zero.
Provide a comma separated mapping from letters to digits that satisfies the equation in your final answer. Output format: ""A=1,B=2,C=3"" (without quotes)
","D=5,E=9,J=7,L=6,O=3,Q=1,T=0,W=4"
"Solve this cryptarithm:

  OMPXY
+  PYOY
-------
  OOOFH

Each letter stands for a unique digit (0-9). No leading letter can be zero.
Provide a comma separated mapping from letters to digits that satisfies the equation in your final answer. Output format: ""A=1,B=2,C=3"" (without quotes)
","F=2,H=0,M=6,O=7,P=1,X=4,Y=5"
"Solve this cryptarithm:

  JUUJF
    BTF
+   KAK
-------
  UTJCM

Each letter stands for a unique digit (0-9). No leading letter can be zero.
Provide a comma separated mapping from letters to digits that satisfies the equation in your final answer. Output format: ""A=1,B=2,C=3"" (without quotes)
","A=7,B=6,C=5,F=1,J=8,K=2,M=4,T=0,U=9"
"Solve this cryptarithm:

   YPA
   JPD
+ PFDY
------
  AYMD

Each letter stands for a unique digit (0-9). No leading letter can be zero.
Provide a comma separated mapping from letters to digits that satisfies the equation in your final answer. Output format: ""A=1,B=2,C=3"" (without quotes)
","A=8,D=0,F=3,J=6,M=5,P=7,Y=2"
"Solve this cryptarithm:

    HLR
+ RZZBP
-------
  RWBHR

Each letter stands for a unique digit (0-9). No leading letter can be zero.
Provide a comma separated mapping from letters to digits that satisfies the equation in your final answer. Output format: ""A=1,B=2,C=3"" (without quotes)
","B=3,H=5,L=2,P=0,R=4,W=9,Z=8"
"Solve this cryptarithm:

     MWY
   EFSEG
+  MWSGM
--------
  FGEXEE

Each letter stands for a unique digit (0-9). No leading letter can be zero.
Provide a comma separated mapping from letters to digits that satisfies the equation in your final answer. Output format: ""A=1,B=2,C=3"" (without quotes)
","E=9,F=1,G=4,M=5,S=8,W=6,X=2,Y=0"
"Solve this cryptarithm:

   FYT
+  XPG
------
  EUEP

Each letter stands for a unique digit (0-9). No leading letter can be zero.
Provide a comma separated mapping from letters to digits that satisfies the equation in your final answer. Output format: ""A=1,B=2,C=3"" (without quotes)
","E=1,F=4,G=8,P=7,T=9,U=0,X=5,Y=3"
"Solve this cryptarithm:

  LRQR
   OVK
+ RFFL
------
  ODKV

Each letter stands for a unique digit (0-9). No leading letter can be zero.
Provide a comma separated mapping from letters to digits that satisfies the equation in your final answer. Output format: ""A=1,B=2,C=3"" (without quotes)
","D=3,F=5,K=2,L=4,O=6,Q=0,R=1,V=7"
"Solve this cryptarithm:

   JISV
+ TFKKN
-------
  TRNKF

Each letter stands for a unique digit (0-9). No leading letter can be zero.
Provide a comma separated mapping from letters to digits that satisfies the equation in your final answer. Output format: ""A=1,B=2,C=3"" (without quotes)
","F=1,I=0,J=5,K=2,N=3,R=6,S=9,T=4,V=8"
"Solve this cryptarithm:

   NQQP
+ TPVQD
-------
  TNUTD

Each letter stands for a unique digit (0-9). No leading letter can be zero.
Provide a comma separated mapping from letters to digits that satisfies the equation in your final answer. Output format: ""A=1,B=2,C=3"" (without quotes)
","D=9,N=8,P=0,Q=3,T=6,U=5,V=2"
"Solve this cryptarithm:

   ELE
   KKW
+  FGG
------
  RQRF

Each letter stands for a unique digit (0-9). No leading letter can be zero.
Provide a comma separated mapping from letters to digits that satisfies the equation in your final answer. Output format: ""A=1,B=2,C=3"" (without quotes)
","E=7,F=9,G=4,K=6,L=1,Q=3,R=2,W=8"
"Solve this cryptarithm:

  RXNV
+ YNXR
------
  VNNU

Each letter stands for a unique digit (0-9). No leading letter can be zero.
Provide a comma separated mapping from letters to digits that satisfies the equation in your final answer. Output format: ""A=1,B=2,C=3"" (without quotes)
","N=1,R=4,U=2,V=8,X=9,Y=3"
"Solve this cryptarithm:

  WVKDW
+   HQW
-------
  WYGBY

Each letter stands for a unique digit (0-9). No leading letter can be zero.
Provide a comma separated mapping from letters to digits that satisfies the equation in your final answer. Output format: ""A=1,B=2,C=3"" (without quotes)
","B=8,D=0,G=4,H=5,K=9,Q=7,V=1,W=6,Y=2"
"Solve this cryptarithm:

    MPPL
+  PIDOL
--------
  RDRDMM

Each letter stands for a unique digit (0-9). No leading letter can be zero.
Provide a comma separated mapping from letters to digits that satisfies the equation in your final answer. Output format: ""A=1,B=2,C=3"" (without quotes)
","D=0,I=6,L=2,M=4,O=5,P=9,R=1"
"Solve this cryptarithm:

  FLUF
+  URV
------
  FVHL

Each letter stands for a unique digit (0-9). No leading letter can be zero.
Provide a comma separated mapping from letters to digits that satisfies the equation in your final answer. Output format: ""A=1,B=2,C=3"" (without quotes)
","F=9,H=5,L=7,R=3,U=1,V=8"
"Solve this cryptarithm:

  AAPAA
  FOAYK
+ FOKYO
-------
  BTPPO

Each letter stands for a unique digit (0-9). No leading letter can be zero.
Provide a comma separated mapping from letters to digits that satisfies the equation in your final answer. Output format: ""A=1,B=2,C=3"" (without quotes)
","A=4,B=8,F=1,K=6,O=9,P=5,T=3,Y=0"
"Solve this cryptarithm:

  VTYYD
+   DVQ
-------
  VMYSC

Each letter stands for a unique digit (0-9). No leading letter can be zero.
Provide a comma separated mapping from letters to digits that satisfies the equation in your final answer. Output format: ""A=1,B=2,C=3"" (without quotes)
","C=2,D=9,M=5,Q=3,S=0,T=4,V=1,Y=8"
"Solve this cryptarithm:

    HOFV
    VNOL
+  LXXVZ
--------
  VORZTZ

Each letter stands for a unique digit (0-9). No leading letter can be zero.
Provide a comma separated mapping from letters to digits that satisfies the equation in your final answer. Output format: ""A=1,B=2,C=3"" (without quotes)
","F=3,H=7,L=9,N=2,O=0,R=4,T=5,V=1,X=6,Z=8"
"Solve this cryptarithm:

   FYPE
    LRQ
+  YEEC
-------
  ECPOL

Each letter stands for a unique digit (0-9). No leading letter can be zero.
Provide a comma separated mapping from letters to digits that satisfies the equation in your final answer. Output format: ""A=1,B=2,C=3"" (without quotes)
","C=3,E=1,F=5,L=2,O=6,P=0,Q=8,R=4,Y=7"
"Solve this cryptarithm:

    KZT
  BRIJR
+   AQT
-------
  BAKRK

Each letter stands for a unique digit (0-9). No leading letter can be zero.
Provide a comma separated mapping from letters to digits that satisfies the equation in your final answer. Output format: ""A=1,B=2,C=3"" (without quotes)
","A=9,B=6,I=1,J=0,K=4,Q=2,R=8,T=3,Z=5"
"Solve this cryptarithm:

  CQFF
+ KXQC
------
  FQKQ

Each letter stands for a unique digit (0-9). No leading letter can be zero.
Provide a comma separated mapping from letters to digits that satisfies the equation in your final answer. Output format: ""A=1,B=2,C=3"" (without quotes)
","C=5,F=8,K=2,Q=3,X=9"
"Solve this cryptarithm:

   KDG
+ SGSN
------
  QKCD

Each letter stands for a unique digit (0-9). No leading letter can be zero.
Provide a comma separated mapping from letters to digits that satisfies the equation in your final answer. Output format: ""A=1,B=2,C=3"" (without quotes)
","C=1,D=6,G=9,K=8,N=7,Q=5,S=4"
"Solve this cryptarithm:

   BUTG
+  YTTG
-------
  ZYYUG

Each letter stands for a unique digit (0-9). No leading letter can be zero.
Provide a comma separated mapping from letters to digits that satisfies the equation in your final answer. Output format: ""A=1,B=2,C=3"" (without quotes)
","B=9,G=0,T=4,U=8,Y=2,Z=1"
"Solve this cryptarithm:

   JOT
+  GZZ
------
  CZMY

Each letter stands for a unique digit (0-9). No leading letter can be zero.
Provide a comma separated mapping from letters to digits that satisfies the equation in your final answer. Output format: ""A=1,B=2,C=3"" (without quotes)
","C=1,G=8,J=7,M=0,O=3,T=9,Y=5,Z=6"
"Solve this cryptarithm:

  ABBYM
    YOY
+  AUDD
-------
  YAMXX

Each letter stands for a unique digit (0-9). No leading letter can be zero.
Provide a comma separated mapping from letters to digits that satisfies the equation in your final answer. Output format: ""A=1,B=2,C=3"" (without quotes)
","A=5,B=9,D=0,M=8,O=7,U=2,X=4,Y=6"
"Solve this cryptarithm:

  CIIFR
    IOQ
+   OFC
-------
  CEWFC

Each letter stands for a unique digit (0-9). No leading letter can be zero.
Provide a comma separated mapping from letters to digits that satisfies the equation in your final answer. Output format: ""A=1,B=2,C=3"" (without quotes)
","C=3,E=5,F=2,I=4,O=7,Q=1,R=9,W=6"
"Solve this cryptarithm:

   EZPQ
+  EEZW
-------
  BWVAL

Each letter stands for a unique digit (0-9). No leading letter can be zero.
Provide a comma separated mapping from letters to digits that satisfies the equation in your final answer. Output format: ""A=1,B=2,C=3"" (without quotes)
","A=0,B=1,E=8,L=9,P=6,Q=2,V=3,W=7,Z=4"
"Solve this cryptarithm:

  QZMNE
   YKBE
+  JYJK
-------
  ZHKHY

Each letter stands for a unique digit (0-9). No leading letter can be zero.
Provide a comma separated mapping from letters to digits that satisfies the equation in your final answer. Output format: ""A=1,B=2,C=3"" (without quotes)
","B=0,E=3,H=6,J=8,K=9,M=4,N=7,Q=1,Y=5,Z=2"
"Solve this cryptarithm:

   ZEZSN
     HZE
+  BHBFD
--------
  BGHABE

Each letter stands for a unique digit (0-9). No leading letter can be zero.
Provide a comma separated mapping from letters to digits that satisfies the equation in your final answer. Output format: ""A=1,B=2,C=3"" (without quotes)
","A=3,B=1,D=4,E=9,F=7,G=0,H=2,N=6,S=5,Z=8"
"Solve this cryptarithm:

   EBEQ
+ QZHHG
-------
  QEJHK

Each letter stands for a unique digit (0-9). No leading letter can be zero.
Provide a comma separated mapping from letters to digits that satisfies the equation in your final answer. Output format: ""A=1,B=2,C=3"" (without quotes)
","B=4,E=9,G=5,H=3,J=8,K=2,Q=7,Z=0"
"Solve this cryptarithm:

   ICTB
+ IHCVI
-------
  ISITW

Each letter stands for a unique digit (0-9). No leading letter can be zero.
Provide a comma separated mapping from letters to digits that satisfies the equation in your final answer. Output format: ""A=1,B=2,C=3"" (without quotes)
","B=4,C=1,H=7,I=2,S=9,T=8,V=0,W=6"
"Solve this cryptarithm:

  NORRS
   CABX
+  ASJC
-------
  BRNOB

Each letter stands for a unique digit (0-9). No leading letter can be zero.
Provide a comma separated mapping from letters to digits that satisfies the equation in your final answer. Output format: ""A=1,B=2,C=3"" (without quotes)
","A=1,B=6,C=4,J=9,N=5,O=8,R=3,S=0,X=2"
"Solve this cryptarithm:

   WQWQL
   LONLH
+  QQQOW
--------
  PHHNWJ

Each letter stands for a unique digit (0-9). No leading letter can be zero.
Provide a comma separated mapping from letters to digits that satisfies the equation in your final answer. Output format: ""A=1,B=2,C=3"" (without quotes)
","H=8,J=0,L=9,N=4,O=7,P=1,Q=5,W=3"
"Solve this cryptarithm:

   VDVL
+ LQVDL
-------
  LDTCC

Each letter stands for a unique digit (0-9). No leading letter can be zero.
Provide a comma separated mapping from letters to digits that satisfies the equation in your final answer. Output format: ""A=1,B=2,C=3"" (without quotes)
","C=8,D=6,L=9,Q=5,T=7,V=1"
"Solve this cryptarithm:

   AXQAM
+  TMQQQ
--------
  GGDDDQ

Each letter stands for a unique digit (0-9). No leading letter can be zero.
Provide a comma separated mapping from letters to digits that satisfies the equation in your final answer. Output format: ""A=1,B=2,C=3"" (without quotes)
","A=8,D=5,G=1,M=0,Q=7,T=3,X=4"
"Solve this cryptarithm:

  ZKVF
+  XHF
------
  ZYFH

Each letter stands for a unique digit (0-9). No leading letter can be zero.
Provide a comma separated mapping from letters to digits that satisfies the equation in your final answer. Output format: ""A=1,B=2,C=3"" (without quotes)
","F=9,H=8,K=5,V=0,X=2,Y=7,Z=3"
"Solve this cryptarithm:

   DJKT
+  DJSZ
-------
  TKJTT

Each letter stands for a unique digit (0-9). No leading letter can be zero.
Provide a comma separated mapping from letters to digits that satisfies the equation in your final answer. Output format: ""A=1,B=2,C=3"" (without quotes)
","D=7,J=9,K=5,S=6,T=1,Z=0"
"Solve this cryptarithm:

  LEJJ
+ LVEL
------
  NDWN

Each letter stands for a unique digit (0-9). No leading letter can be zero.
Provide a comma separated mapping from letters to digits that satisfies the equation in your final answer. Output format: ""A=1,B=2,C=3"" (without quotes)
","D=1,E=8,J=5,L=4,N=9,V=2,W=3"
"Solve this cryptarithm:

  FQXJF
+   RFQ
-------
  FLLXR

Each letter stands for a unique digit (0-9). No leading letter can be zero.
Provide a comma separated mapping from letters to digits that satisfies the equation in your final answer. Output format: ""A=1,B=2,C=3"" (without quotes)
","F=6,J=8,L=2,Q=1,R=7,X=4"
"Solve this cryptarithm:

    DDK
+ KJHDX
-------
  KJDJI

Each letter stands for a unique digit (0-9). No leading letter can be zero.
Provide a comma separated mapping from letters to digits that satisfies the equation in your final answer. Output format: ""A=1,B=2,C=3"" (without quotes)
","D=1,H=0,I=2,J=3,K=8,X=4"
"Solve this cryptarithm:

  UNNMF
+ HNFKH
-------
  RHMMR

Each letter stands for a unique digit (0-9). No leading letter can be zero.
Provide a comma separated mapping from letters to digits that satisfies the equation in your final answer. Output format: ""A=1,B=2,C=3"" (without quotes)
","F=2,H=4,K=0,M=9,N=7,R=6,U=1"
"Solve this cryptarithm:

  AXIOZ
+ XAEAL
-------
  IPYYE

Each letter stands for a unique digit (0-9). No leading letter can be zero.
Provide a comma separated mapping from letters to digits that satisfies the equation in your final answer. Output format: ""A=1,B=2,C=3"" (without quotes)
","A=6,E=1,I=8,L=7,O=3,P=9,X=2,Y=0,Z=4"
"Solve this cryptarithm:

  VEXB
+  BNX
------
  GNQZ

Each letter stands for a unique digit (0-9). No leading letter can be zero.
Provide a comma separated mapping from letters to digits that satisfies the equation in your final answer. Output format: ""A=1,B=2,C=3"" (without quotes)
","B=8,E=2,G=6,N=0,Q=4,V=5,X=3,Z=1"
"Solve this cryptarithm:

  ZXTXH
    CUT
+   VCV
-------
  ZUUXM

Each letter stands for a unique digit (0-9). No leading letter can be zero.
Provide a comma separated mapping from letters to digits that satisfies the equation in your final answer. Output format: ""A=1,B=2,C=3"" (without quotes)
","C=7,H=0,M=5,T=1,U=3,V=4,X=2,Z=9"
"Solve this cryptarithm:

    OLG
    IYH
+ GHINO
-------
  GIHVL

Each letter stands for a unique digit (0-9). No leading letter can be zero.
Provide a comma separated mapping from letters to digits that satisfies the equation in your final answer. Output format: ""A=1,B=2,C=3"" (without quotes)
","G=2,H=6,I=7,L=9,N=4,O=1,V=3,Y=0"
"Solve this cryptarithm:

   EMPFE
     MUJ
+  MKEOE
--------
  KJPUBF

Each letter stands for a unique digit (0-9). No leading letter can be zero.
Provide a comma separated mapping from letters to digits that satisfies the equation in your final answer. Output format: ""A=1,B=2,C=3"" (without quotes)
","B=9,E=8,F=6,J=0,K=1,M=2,O=7,P=4,U=5"
"Solve this cryptarithm:

   IOLQL
   QIIKO
+   LLOL
--------
  ADTIDQ

Each letter stands for a unique digit (0-9). No leading letter can be zero.
Provide a comma separated mapping from letters to digits that satisfies the equation in your final answer. Output format: ""A=1,B=2,C=3"" (without quotes)
","A=1,D=2,I=6,K=9,L=4,O=7,Q=5,T=8"
"Solve this cryptarithm:

  QMQQE
+  FFML
-------
  EKSBS

Each letter stands for a unique digit (0-9). No leading letter can be zero.
Provide a comma separated mapping from letters to digits that satisfies the equation in your final answer. Output format: ""A=1,B=2,C=3"" (without quotes)
","B=9,E=3,F=8,K=5,L=7,M=6,Q=2,S=0"
"Solve this cryptarithm:

   OBA
+ DBRE
------
  DORD

Each letter stands for a unique digit (0-9). No leading letter can be zero.
Provide a comma separated mapping from letters to digits that satisfies the equation in your final answer. Output format: ""A=1,B=2,C=3"" (without quotes)
","A=1,B=0,D=3,E=2,O=7,R=4"
"Solve this cryptarithm:

  NNGG
  VVHW
+  WQJ
------
  XHFX

Each letter stands for a unique digit (0-9). No leading letter can be zero.
Provide a comma separated mapping from letters to digits that satisfies the equation in your final answer. Output format: ""A=1,B=2,C=3"" (without quotes)
","F=0,G=9,H=3,J=5,N=6,Q=7,V=1,W=4,X=8"
"Solve this cryptarithm:

  WQJOQ
    JQQ
+ ZLYJI
-------
  QJNJO

Each letter stands for a unique digit (0-9). No leading letter can be zero.
Provide a comma separated mapping from letters to digits that satisfies the equation in your final answer. Output format: ""A=1,B=2,C=3"" (without quotes)
","I=7,J=8,L=2,N=6,O=5,Q=4,W=3,Y=9,Z=1"
"Solve this cryptarithm:

   SFMU
+ LFMLI
-------
  EIIYU

Each letter stands for a unique digit (0-9). No leading letter can be zero.
Provide a comma separated mapping from letters to digits that satisfies the equation in your final answer. Output format: ""A=1,B=2,C=3"" (without quotes)
","E=6,F=8,I=0,L=5,M=2,S=1,U=3,Y=7"
"Solve this cryptarithm:

  WFXP
  HTWL
+  FHJ
------
  TJWF

Each letter stands for a unique digit (0-9). No leading letter can be zero.
Provide a comma separated mapping from letters to digits that satisfies the equation in your final answer. Output format: ""A=1,B=2,C=3"" (without quotes)
","F=2,H=3,J=9,L=6,P=7,T=4,W=1,X=5"
"Solve this cryptarithm:

  KMKSV
   DDWK
+  SSDJ
-------
  PJWJS

Each letter stands for a unique digit (0-9). No leading letter can be zero.
Provide a comma separated mapping from letters to digits that satisfies the equation in your final answer. Output format: ""A=1,B=2,C=3"" (without quotes)
","D=1,J=2,K=5,M=3,P=6,S=7,V=0,W=4"
"Solve this cryptarithm:

    ARA
+ AWUEE
-------
  ANEFD

Each letter stands for a unique digit (0-9). No leading letter can be zero.
Provide a comma separated mapping from letters to digits that satisfies the equation in your final answer. Output format: ""A=1,B=2,C=3"" (without quotes)
","A=2,D=3,E=1,F=5,N=8,R=4,U=9,W=7"
"Solve this cryptarithm:

   FRIFI
   SICET
+   ATCO
--------
  RREXAO

Each letter stands for a unique digit (0-9). No leading letter can be zero.
Provide a comma separated mapping from letters to digits that satisfies the equation in your final answer. Output format: ""A=1,B=2,C=3"" (without quotes)
","A=5,C=8,E=0,F=6,I=3,O=2,R=1,S=4,T=7,X=9"
"Solve this cryptarithm:

  WEOXJ
+   WTF
-------
  WOFVX

Each letter stands for a unique digit (0-9). No leading letter can be zero.
Provide a comma separated mapping from letters to digits that satisfies the equation in your final answer. Output format: ""A=1,B=2,C=3"" (without quotes)
","E=3,F=2,J=9,O=4,T=5,V=7,W=8,X=1"
"Solve this cryptarithm:

  XWP
+ XAA
-----
  BEB

Each letter stands for a unique digit (0-9). No leading letter can be zero.
Provide a comma separated mapping from letters to digits that satisfies the equation in your final answer. Output format: ""A=1,B=2,C=3"" (without quotes)
","A=6,B=4,E=7,P=8,W=0,X=2"
"Solve this cryptarithm:

   IWII
  YTTEE
+ WECDI
-------
  DTRDC

Each letter stands for a unique digit (0-9). No leading letter can be zero.
Provide a comma separated mapping from letters to digits that satisfies the equation in your final answer. Output format: ""A=1,B=2,C=3"" (without quotes)
","C=8,D=5,E=0,I=9,R=6,T=4,W=3,Y=1"
"Solve this cryptarithm:

   MDMU
    OFR
+  FOFO
-------
  OSORW

Each letter stands for a unique digit (0-9). No leading letter can be zero.
Provide a comma separated mapping from letters to digits that satisfies the equation in your final answer. Output format: ""A=1,B=2,C=3"" (without quotes)
","D=8,F=4,M=7,O=1,R=5,S=2,U=0,W=6"
"Solve this cryptarithm:

    HBF
+ GKDGP
-------
  GDBIK

Each letter stands for a unique digit (0-9). No leading letter can be zero.
Provide a comma separated mapping from letters to digits that satisfies the equation in your final answer. Output format: ""A=1,B=2,C=3"" (without quotes)
","B=1,D=3,F=7,G=4,H=8,I=6,K=2,P=5"
"Solve this cryptarithm:

  DWJR
+  SDL
------
  SDDX

Each letter stands for a unique digit (0-9). No leading letter can be zero.
Provide a comma separated mapping from letters to digits that satisfies the equation in your final answer. Output format: ""A=1,B=2,C=3"" (without quotes)
","D=7,J=0,L=1,R=5,S=8,W=9,X=6"
"Solve this cryptarithm:

    JXO
  KKLKH
+   LWK
-------
  KWKHW

Each letter stands for a unique digit (0-9). No leading letter can be zero.
Provide a comma separated mapping from letters to digits that satisfies the equation in your final answer. Output format: ""A=1,B=2,C=3"" (without quotes)
","H=9,J=4,K=7,L=6,O=2,W=8,X=3"
"Solve this cryptarithm:

    SFS
  CQJBU
+   JQE
-------
  CQUSU

Each letter stands for a unique digit (0-9). No leading letter can be zero.
Provide a comma separated mapping from letters to digits that satisfies the equation in your final answer. Output format: ""A=1,B=2,C=3"" (without quotes)
","B=7,C=3,E=8,F=5,J=1,Q=9,S=2,U=6"
"Solve this cryptarithm:

   YQL
   LAR
+  YAN
------
  QFZK

Each letter stands for a unique digit (0-9). No leading letter can be zero.
Provide a comma separated mapping from letters to digits that satisfies the equation in your final answer. Output format: ""A=1,B=2,C=3"" (without quotes)
","A=0,F=4,K=8,L=6,N=5,Q=2,R=7,Y=9,Z=3"
"Solve this cryptarithm:

   BWX
+  WWM
------
  DDLL

Each letter stands for a unique digit (0-9). No leading letter can be zero.
Provide a comma separated mapping from letters to digits that satisfies the equation in your final answer. Output format: ""A=1,B=2,C=3"" (without quotes)
","B=7,D=1,L=8,M=2,W=4,X=6"
"Solve this cryptarithm:

   DDNZ
  SDDAS
+  TIKX
-------
  AZSTS

Each letter stands for a unique digit (0-9). No leading letter can be zero.
Provide a comma separated mapping from letters to digits that satisfies the equation in your final answer. Output format: ""A=1,B=2,C=3"" (without quotes)
","A=7,D=6,I=3,K=1,N=0,S=5,T=9,X=8,Z=2"
"Solve this cryptarithm:

  RBAIB
   JJPP
+   DJI
-------
  UIAGB

Each letter stands for a unique digit (0-9). No leading letter can be zero.
Provide a comma separated mapping from letters to digits that satisfies the equation in your final answer. Output format: ""A=1,B=2,C=3"" (without quotes)
","A=0,B=7,D=1,G=9,I=6,J=8,P=4,R=2,U=3"
"Solve this cryptarithm:

   BMBX
  VCBOB
+  EOBD
-------
  EYBCM

Each letter stands for a unique digit (0-9). No leading letter can be zero.
Provide a comma separated mapping from letters to digits that satisfies the equation in your final answer. Output format: ""A=1,B=2,C=3"" (without quotes)
","B=8,C=4,D=3,E=6,M=1,O=7,V=5,X=0,Y=9"
"Solve this cryptarithm:

  MFEXM
+  RTMZ
-------
  MZSMR

Each letter stands for a unique digit (0-9). No leading letter can be zero.
Provide a comma separated mapping from letters to digits that satisfies the equation in your final answer. Output format: ""A=1,B=2,C=3"" (without quotes)
","E=1,F=3,M=7,R=2,S=6,T=4,X=9,Z=5"
"Solve this cryptarithm:

   HBC
+ ZZZZ
------
  PFFS

Each letter stands for a unique digit (0-9). No leading letter can be zero.
Provide a comma separated mapping from letters to digits that satisfies the equation in your final answer. Output format: ""A=1,B=2,C=3"" (without quotes)
","B=5,C=2,F=1,H=4,P=7,S=8,Z=6"
"Solve this cryptarithm:

  OCNUP
   OYSP
+ SPPNY
-------
  UPACC

Each letter stands for a unique digit (0-9). No leading letter can be zero.
Provide a comma separated mapping from letters to digits that satisfies the equation in your final answer. Output format: ""A=1,B=2,C=3"" (without quotes)
","A=5,C=2,N=0,O=7,P=8,S=1,U=9,Y=6"
"Solve this cryptarithm:

   ERY
+ TIER
------
  NLNR

Each letter stands for a unique digit (0-9). No leading letter can be zero.
Provide a comma separated mapping from letters to digits that satisfies the equation in your final answer. Output format: ""A=1,B=2,C=3"" (without quotes)
","E=5,I=6,L=1,N=8,R=3,T=7,Y=0"
"Solve this cryptarithm:

   XCZ
   DOE
+ DJCO
------
  XDZW

Each letter stands for a unique digit (0-9). No leading letter can be zero.
Provide a comma separated mapping from letters to digits that satisfies the equation in your final answer. Output format: ""A=1,B=2,C=3"" (without quotes)
","C=7,D=1,E=0,J=6,O=9,W=3,X=2,Z=4"
"Solve this cryptarithm:

    ZGGZ
   KMAZG
+  KMQQZ
--------
  PKPPQP

Each letter stands for a unique digit (0-9). No leading letter can be zero.
Provide a comma separated mapping from letters to digits that satisfies the equation in your final answer. Output format: ""A=1,B=2,C=3"" (without quotes)
","A=0,G=7,K=8,M=9,P=1,Q=3,Z=2"
"Solve this cryptarithm:

  LZBZS
    YLF
+  YMSL
-------
  LWSMO

Each letter stands for a unique digit (0-9). No leading letter can be zero.
Provide a comma separated mapping from letters to digits that satisfies the equation in your final answer. Output format: ""A=1,B=2,C=3"" (without quotes)
","B=8,F=5,L=7,M=9,O=2,S=0,W=6,Y=3,Z=1"
"Solve this cryptarithm:

   JAP
   TJV
+ PTNW
------
  PAOJ

Each letter stands for a unique digit (0-9). No leading letter can be zero.
Provide a comma separated mapping from letters to digits that satisfies the equation in your final answer. Output format: ""A=1,B=2,C=3"" (without quotes)
","A=9,J=4,N=3,O=7,P=8,T=2,V=0,W=6"
"Solve this cryptarithm:

    QHV
+ VQTBB
-------
  VQNQM

Each letter stands for a unique digit (0-9). No leading letter can be zero.
Provide a comma separated mapping from letters to digits that satisfies the equation in your final answer. Output format: ""A=1,B=2,C=3"" (without quotes)
","B=5,H=6,M=8,N=4,Q=1,T=2,V=3"
"Solve this cryptarithm:

    BCD
+ PJOKP
-------
  PJPJK

Each letter stands for a unique digit (0-9). No leading letter can be zero.
Provide a comma separated mapping from letters to digits that satisfies the equation in your final answer. Output format: ""A=1,B=2,C=3"" (without quotes)
","B=3,C=5,D=2,J=7,K=1,O=6,P=9"
"Solve this cryptarithm:

  ERRLR
+   RLF
-------
  EFEFD

Each letter stands for a unique digit (0-9). No leading letter can be zero.
Provide a comma separated mapping from letters to digits that satisfies the equation in your final answer. Output format: ""A=1,B=2,C=3"" (without quotes)
","D=7,E=6,F=9,L=4,R=8"
"Solve this cryptarithm:

  LBBYN
+  LYWB
-------
  TLZNY

Each letter stands for a unique digit (0-9). No leading letter can be zero.
Provide a comma separated mapping from letters to digits that satisfies the equation in your final answer. Output format: ""A=1,B=2,C=3"" (without quotes)
","B=9,L=5,N=3,T=6,W=0,Y=2,Z=1"
"Solve this cryptarithm:

    OKK
+  PPAD
-------
  UJOJI

Each letter stands for a unique digit (0-9). No leading letter can be zero.
Provide a comma separated mapping from letters to digits that satisfies the equation in your final answer. Output format: ""A=1,B=2,C=3"" (without quotes)
","A=4,D=7,I=2,J=0,K=5,O=8,P=9,U=1"
"Solve this cryptarithm:

    IVF
  WWFZP
+   IPH
-------
  WWPTT

Each letter stands for a unique digit (0-9). No leading letter can be zero.
Provide a comma separated mapping from letters to digits that satisfies the equation in your final answer. Output format: ""A=1,B=2,C=3"" (without quotes)
","F=6,H=8,I=1,P=9,T=3,V=2,W=5,Z=0"
"Solve this cryptarithm:

    BFI
  FFAUT
+ MBJFM
-------
  RMIAI

Each letter stands for a unique digit (0-9). No leading letter can be zero.
Provide a comma separated mapping from letters to digits that satisfies the equation in your final answer. Output format: ""A=1,B=2,C=3"" (without quotes)
","A=0,B=4,F=2,I=1,J=6,M=7,R=9,T=3,U=5"
"Solve this cryptarithm:

   QGG
+  MEQ
------
  GUZM

Each letter stands for a unique digit (0-9). No leading letter can be zero.
Provide a comma separated mapping from letters to digits that satisfies the equation in your final answer. Output format: ""A=1,B=2,C=3"" (without quotes)
","E=4,G=1,M=7,Q=6,U=3,Z=5"
"Solve this cryptarithm:

    ALY
+ AAZXU
-------
  AZHUU

Each letter stands for a unique digit (0-9). No leading letter can be zero.
Provide a comma separated mapping from letters to digits that satisfies the equation in your final answer. Output format: ""A=1,B=2,C=3"" (without quotes)
","A=6,H=4,L=3,U=2,X=9,Y=0,Z=7"
"Solve this cryptarithm:

   KDPK
+ DTJPQ
-------
  DKKJU

Each letter stands for a unique digit (0-9). No leading letter can be zero.
Provide a comma separated mapping from letters to digits that satisfies the equation in your final answer. Output format: ""A=1,B=2,C=3"" (without quotes)
","D=4,J=3,K=7,P=1,Q=8,T=0,U=5"
"Solve this cryptarithm:

  IZVE
   UHU
+ TGGR
------
  VLLH

Each letter stands for a unique digit (0-9). No leading letter can be zero.
Provide a comma separated mapping from letters to digits that satisfies the equation in your final answer. Output format: ""A=1,B=2,C=3"" (without quotes)
","E=8,G=1,H=0,I=2,L=9,R=7,T=4,U=5,V=6,Z=3"
"Solve this cryptarithm:

   ZBAA
  RBERR
+  AERE
-------
  ZYCGZ

Each letter stands for a unique digit (0-9). No leading letter can be zero.
Provide a comma separated mapping from letters to digits that satisfies the equation in your final answer. Output format: ""A=1,B=2,C=3"" (without quotes)
","A=1,B=4,C=5,E=0,G=3,R=6,Y=2,Z=7"
"Solve this cryptarithm:

    JUN
    RCR
+ ZJLNZ
-------
  ZGRCJ

Each letter stands for a unique digit (0-9). No leading letter can be zero.
Provide a comma separated mapping from letters to digits that satisfies the equation in your final answer. Output format: ""A=1,B=2,C=3"" (without quotes)
","C=1,G=8,J=7,L=2,N=9,R=5,U=0,Z=3"
"Solve this cryptarithm:

   FDLF
+ UDFDW
-------
  UQUYS

Each letter stands for a unique digit (0-9). No leading letter can be zero.
Provide a comma separated mapping from letters to digits that satisfies the equation in your final answer. Output format: ""A=1,B=2,C=3"" (without quotes)
","D=2,F=3,L=8,Q=5,S=0,U=6,W=7,Y=1"
"Solve this cryptarithm:

   NQZU
  DXUGX
+  QGXN
-------
  QQBNU

Each letter stands for a unique digit (0-9). No leading letter can be zero.
Provide a comma separated mapping from letters to digits that satisfies the equation in your final answer. Output format: ""A=1,B=2,C=3"" (without quotes)
","B=6,D=3,G=0,N=9,Q=4,U=2,X=1,Z=7"
"Solve this cryptarithm:

   SRAL
   AGNS
+ VALAA
-------
  VNWAH

Each letter stands for a unique digit (0-9). No leading letter can be zero.
Provide a comma separated mapping from letters to digits that satisfies the equation in your final answer. Output format: ""A=1,B=2,C=3"" (without quotes)
","A=1,G=7,H=0,L=5,N=8,R=9,S=4,V=6,W=2"
"Solve this cryptarithm:

  WLWAD
+  ADKP
-------
  WAKYY

Each letter stands for a unique digit (0-9). No leading letter can be zero.
Provide a comma separated mapping from letters to digits that satisfies the equation in your final answer. Output format: ""A=1,B=2,C=3"" (without quotes)
","A=6,D=5,K=7,L=0,P=9,W=1,Y=4"
"Solve this cryptarithm:

   LFXR
+  PXSA
-------
  FYLEL

Each letter stands for a unique digit (0-9). No leading letter can be zero.
Provide a comma separated mapping from letters to digits that satisfies the equation in your final answer. Output format: ""A=1,B=2,C=3"" (without quotes)
","A=9,E=8,F=1,L=6,P=4,R=7,S=2,X=5,Y=0"
"Solve this cryptarithm:

   EQY
+ BGFS
------
  SSCS

Each letter stands for a unique digit (0-9). No leading letter can be zero.
Provide a comma separated mapping from letters to digits that satisfies the equation in your final answer. Output format: ""A=1,B=2,C=3"" (without quotes)
","B=4,C=3,E=8,F=2,G=7,Q=1,S=5,Y=0"
"Solve this cryptarithm:

    DQN
    QAG
+ BGZIA
-------
  BZZBD

Each letter stands for a unique digit (0-9). No leading letter can be zero.
Provide a comma separated mapping from letters to digits that satisfies the equation in your final answer. Output format: ""A=1,B=2,C=3"" (without quotes)
","A=7,B=9,D=1,G=4,I=3,N=0,Q=8,Z=5"
"Solve this cryptarithm:

  XDLTU
+  CUUU
-------
  XVLTU

Each letter stands for a unique digit (0-9). No leading letter can be zero.
Provide a comma separated mapping from letters to digits that satisfies the equation in your final answer. Output format: ""A=1,B=2,C=3"" (without quotes)
","C=1,D=4,L=6,T=3,U=0,V=5,X=7"
"Solve this cryptarithm:

  FRRMR
+  EAIQ
-------
  FOWQW

Each letter stands for a unique digit (0-9). No leading letter can be zero.
Provide a comma separated mapping from letters to digits that satisfies the equation in your final answer. Output format: ""A=1,B=2,C=3"" (without quotes)
","A=0,E=7,F=8,I=6,M=5,O=9,Q=1,R=2,W=3"
"Solve this cryptarithm:

  JJPIK
    CCS
+   SWJ
-------
  JMSSE

Each letter stands for a unique digit (0-9). No leading letter can be zero.
Provide a comma separated mapping from letters to digits that satisfies the equation in your final answer. Output format: ""A=1,B=2,C=3"" (without quotes)
","C=9,E=7,I=1,J=3,K=8,M=4,P=0,S=6,W=5"
"Solve this cryptarithm:

  AETAO
   GCFR
+   OAC
-------
  DTRKA

Each letter stands for a unique digit (0-9). No leading letter can be zero.
Provide a comma separated mapping from letters to digits that satisfies the equation in your final answer. Output format: ""A=1,B=2,C=3"" (without quotes)
","A=5,C=8,D=6,E=3,F=1,G=9,K=2,O=7,R=0,T=4"
"Solve this cryptarithm:

   MQTQM
   TQYVM
+   KPYP
--------
  GTVLGV

Each letter stands for a unique digit (0-9). No leading letter can be zero.
Provide a comma separated mapping from letters to digits that satisfies the equation in your final answer. Output format: ""A=1,B=2,C=3"" (without quotes)
","G=1,K=5,L=6,M=8,P=4,Q=7,T=9,V=0,Y=2"
"Solve this cryptarithm:

   CRSF
+   XWC
-------
  THWHR

Each letter stands for a unique digit (0-9). No leading letter can be zero.
Provide a comma separated mapping from letters to digits that satisfies the equation in your final answer. Output format: ""A=1,B=2,C=3"" (without quotes)
","C=9,F=8,H=0,R=7,S=6,T=1,W=3,X=5"
"Solve this cryptarithm:

  XXMQI
    APB
+  QCAB
-------
  AQBAN

Each letter stands for a unique digit (0-9). No leading letter can be zero.
Provide a comma separated mapping from letters to digits that satisfies the equation in your final answer. Output format: ""A=1,B=2,C=3"" (without quotes)
","A=9,B=1,C=5,I=2,M=6,N=4,P=7,Q=3,X=8"
"Solve this cryptarithm:

   ACN
+  PDP
------
  UDTP

Each letter stands for a unique digit (0-9). No leading letter can be zero.
Provide a comma separated mapping from letters to digits that satisfies the equation in your final answer. Output format: ""A=1,B=2,C=3"" (without quotes)
","A=4,C=7,D=2,N=0,P=8,T=9,U=1"
"Solve this cryptarithm:

   PPLHZ
   WWPLZ
+   KTII
--------
  VIHKZB

Each letter stands for a unique digit (0-9). No leading letter can be zero.
Provide a comma separated mapping from letters to digits that satisfies the equation in your final answer. Output format: ""A=1,B=2,C=3"" (without quotes)
","B=0,H=2,I=8,K=5,L=4,P=7,T=3,V=1,W=9,Z=6"
"Solve this cryptarithm:

    QNK
   ZAAA
+ JWZJZ
-------
  JJQKW

Each letter stands for a unique digit (0-9). No leading letter can be zero.
Provide a comma separated mapping from letters to digits that satisfies the equation in your final answer. Output format: ""A=1,B=2,C=3"" (without quotes)
","A=6,J=5,K=2,N=0,Q=4,W=1,Z=3"
"Solve this cryptarithm:

  EBECB
  ECCCT
+   SLB
-------
  AAEET

Each letter stands for a unique digit (0-9). No leading letter can be zero.
Provide a comma separated mapping from letters to digits that satisfies the equation in your final answer. Output format: ""A=1,B=2,C=3"" (without quotes)
","A=8,B=5,C=2,E=4,L=9,S=7,T=3"
"Solve this cryptarithm:

   AOTB
+ GQBTG
-------
  BEZTJ

Each letter stands for a unique digit (0-9). No leading letter can be zero.
Provide a comma separated mapping from letters to digits that satisfies the equation in your final answer. Output format: ""A=1,B=2,C=3"" (without quotes)
","A=7,B=3,E=1,G=2,J=5,O=6,Q=4,T=0,Z=9"
"Solve this cryptarithm:

   JBU
+ DMID
------
  BTDJ

Each letter stands for a unique digit (0-9). No leading letter can be zero.
Provide a comma separated mapping from letters to digits that satisfies the equation in your final answer. Output format: ""A=1,B=2,C=3"" (without quotes)
","B=5,D=4,I=8,J=3,M=7,T=1,U=9"
"Solve this cryptarithm:

   TPP
+  PTU
------
  GOMQ

Each letter stands for a unique digit (0-9). No leading letter can be zero.
Provide a comma separated mapping from letters to digits that satisfies the equation in your final answer. Output format: ""A=1,B=2,C=3"" (without quotes)
","G=1,M=3,O=4,P=5,Q=7,T=8,U=2"
"Solve this cryptarithm:

  PVVXW
+ ZLVHB
-------
  SSKKB

Each letter stands for a unique digit (0-9). No leading letter can be zero.
Provide a comma separated mapping from letters to digits that satisfies the equation in your final answer. Output format: ""A=1,B=2,C=3"" (without quotes)
","B=6,H=8,K=7,L=2,P=4,S=5,V=3,W=0,X=9,Z=1"
"Solve this cryptarithm:

   ZCYQ
   YUQU
+ ZTCAH
-------
  CZYYM

Each letter stands for a unique digit (0-9). No leading letter can be zero.
Provide a comma separated mapping from letters to digits that satisfies the equation in your final answer. Output format: ""A=1,B=2,C=3"" (without quotes)
","A=2,C=4,H=5,M=0,Q=6,T=1,U=9,Y=8,Z=3"
"Solve this cryptarithm:

   QSEY
+ SDPQX
-------
  SEOYE

Each letter stands for a unique digit (0-9). No leading letter can be zero.
Provide a comma separated mapping from letters to digits that satisfies the equation in your final answer. Output format: ""A=1,B=2,C=3"" (without quotes)
","D=0,E=2,O=3,P=6,Q=1,S=7,X=8,Y=4"
"Solve this cryptarithm:

   LRF
+ LKKL
------
  LFWR

Each letter stands for a unique digit (0-9). No leading letter can be zero.
Provide a comma separated mapping from letters to digits that satisfies the equation in your final answer. Output format: ""A=1,B=2,C=3"" (without quotes)
","F=6,K=2,L=4,R=0,W=3"
"Solve this cryptarithm:

   HJKD
  WJJAM
+  SSDH
-------
  KRDJR

Each letter stands for a unique digit (0-9). No leading letter can be zero.
Provide a comma separated mapping from letters to digits that satisfies the equation in your final answer. Output format: ""A=1,B=2,C=3"" (without quotes)
","A=7,D=3,H=5,J=9,K=8,M=2,R=0,S=4,W=6"
"Solve this cryptarithm:

   LLD
   WIZ
+  NZI
------
  ZDZZ

Each letter stands for a unique digit (0-9). No leading letter can be zero.
Provide a comma separated mapping from letters to digits that satisfies the equation in your final answer. Output format: ""A=1,B=2,C=3"" (without quotes)
","D=8,I=2,L=7,N=4,W=6,Z=1"
"Solve this cryptarithm:

    FXGQ
   EPQRQ
+   GSXS
--------
  PSPGFX

Each letter stands for a unique digit (0-9). No leading letter can be zero.
Provide a comma separated mapping from letters to digits that satisfies the equation in your final answer. Output format: ""A=1,B=2,C=3"" (without quotes)
","E=9,F=6,G=3,P=1,Q=4,R=5,S=0,X=8"
"Solve this cryptarithm:

  NZNCV
+  TCKZ
-------
  GZKSS

Each letter stands for a unique digit (0-9). No leading letter can be zero.
Provide a comma separated mapping from letters to digits that satisfies the equation in your final answer. Output format: ""A=1,B=2,C=3"" (without quotes)
","C=7,G=5,K=1,N=4,S=8,T=9,V=6,Z=2"
"Solve this cryptarithm:

  AUXVU
    XJG
+   JUV
-------
  AUFUG

Each letter stands for a unique digit (0-9). No leading letter can be zero.
Provide a comma separated mapping from letters to digits that satisfies the equation in your final answer. Output format: ""A=1,B=2,C=3"" (without quotes)
","A=9,F=5,G=8,J=2,U=3,V=7,X=1"
"Solve this cryptarithm:

   MIZA
+ OSSOS
-------
  NIABN

Each letter stands for a unique digit (0-9). No leading letter can be zero.
Provide a comma separated mapping from letters to digits that satisfies the equation in your final answer. Output format: ""A=1,B=2,C=3"" (without quotes)
","A=2,B=3,I=4,M=6,N=9,O=8,S=7,Z=5"
"Solve this cryptarithm:

  MTMO
+  QEF
------
  MQFW

Each letter stands for a unique digit (0-9). No leading letter can be zero.
Provide a comma separated mapping from letters to digits that satisfies the equation in your final answer. Output format: ""A=1,B=2,C=3"" (without quotes)
","E=1,F=9,M=7,O=4,Q=5,T=0,W=3"
"Solve this cryptarithm:

  NOZVZ
+   OZR
-------
  NVNNZ

Each letter stands for a unique digit (0-9). No leading letter can be zero.
Provide a comma separated mapping from letters to digits that satisfies the equation in your final answer. Output format: ""A=1,B=2,C=3"" (without quotes)
","N=1,O=2,R=0,V=3,Z=8"
"Solve this cryptarithm:

   SNWXX
    SISS
+  ISIGN
--------
  CGQWCU

Each letter stands for a unique digit (0-9). No leading letter can be zero.
Provide a comma separated mapping from letters to digits that satisfies the equation in your final answer. Output format: ""A=1,B=2,C=3"" (without quotes)
","C=1,G=5,I=4,N=3,Q=2,S=9,U=8,W=0,X=6"
"Solve this cryptarithm:

  HOMO
+  GII
------
  CMIN

Each letter stands for a unique digit (0-9). No leading letter can be zero.
Provide a comma separated mapping from letters to digits that satisfies the equation in your final answer. Output format: ""A=1,B=2,C=3"" (without quotes)
","C=7,G=9,H=6,I=2,M=0,N=3,O=1"
"Solve this cryptarithm:

   CXC
+ DTCL
------
  DQDA

Each letter stands for a unique digit (0-9). No leading letter can be zero.
Provide a comma separated mapping from letters to digits that satisfies the equation in your final answer. Output format: ""A=1,B=2,C=3"" (without quotes)
","A=4,C=1,D=8,L=3,Q=6,T=5,X=7"
"Solve this cryptarithm:

  ACBL
+  LAL
------
  SCOM

Each letter stands for a unique digit (0-9). No leading letter can be zero.
Provide a comma separated mapping from letters to digits that satisfies the equation in your final answer. Output format: ""A=1,B=2,C=3"" (without quotes)
","A=2,B=7,C=6,L=9,M=8,O=0,S=3"
"Solve this cryptarithm:

    JQO
    IEW
+ GKKGK
-------
  GGKCI

Each letter stands for a unique digit (0-9). No leading letter can be zero.
Provide a comma separated mapping from letters to digits that satisfies the equation in your final answer. Output format: ""A=1,B=2,C=3"" (without quotes)
","C=3,E=8,G=6,I=7,J=1,K=5,O=2,Q=9,W=0"
"Solve this cryptarithm:

   SDLAS
   DDYSS
+  UUQYD
--------
  LWMYAS

Each letter stands for a unique digit (0-9). No leading letter can be zero.
Provide a comma separated mapping from letters to digits that satisfies the equation in your final answer. Output format: ""A=1,B=2,C=3"" (without quotes)
","A=1,D=4,L=2,M=8,Q=7,S=6,U=9,W=0,Y=3"
"Solve this cryptarithm:

  SFUOA
+ AUOAO
-------
  UGWGG

Each letter stands for a unique digit (0-9). No leading letter can be zero.
Provide a comma separated mapping from letters to digits that satisfies the equation in your final answer. Output format: ""A=1,B=2,C=3"" (without quotes)
","A=5,F=2,G=8,O=3,S=1,U=6,W=9"
"Solve this cryptarithm:

   NNNIZ
   ICPZC
+  IIPZN
--------
  PCZPNP

Each letter stands for a unique digit (0-9). No leading letter can be zero.
Provide a comma separated mapping from letters to digits that satisfies the equation in your final answer. Output format: ""A=1,B=2,C=3"" (without quotes)
","C=4,I=7,N=8,P=2,Z=0"
"Solve this cryptarithm:

   OLVL
  DVHQL
+  YDLY
-------
  GYVDL

Each letter stands for a unique digit (0-9). No leading letter can be zero.
Provide a comma separated mapping from letters to digits that satisfies the equation in your final answer. Output format: ""A=1,B=2,C=3"" (without quotes)
","D=6,G=7,H=0,L=2,O=1,Q=4,V=9,Y=8"
"Solve this cryptarithm:

   ORO
   XXL
+ KZXL
------
  XKUO

Each letter stands for a unique digit (0-9). No leading letter can be zero.
Provide a comma separated mapping from letters to digits that satisfies the equation in your final answer. Output format: ""A=1,B=2,C=3"" (without quotes)
","K=8,L=0,O=1,R=5,U=3,X=9,Z=6"
"Solve this cryptarithm:

   QQNGN
    CNZC
+    ZES
--------
  NECEER

Each letter stands for a unique digit (0-9). No leading letter can be zero.
Provide a comma separated mapping from letters to digits that satisfies the equation in your final answer. Output format: ""A=1,B=2,C=3"" (without quotes)
","C=2,E=0,G=3,N=1,Q=9,R=8,S=5,Z=7"
"Solve this cryptarithm:

  PWWNP
    PWK
+   MZM
-------
  PWQQV

Each letter stands for a unique digit (0-9). No leading letter can be zero.
Provide a comma separated mapping from letters to digits that satisfies the equation in your final answer. Output format: ""A=1,B=2,C=3"" (without quotes)
","K=5,M=3,N=4,P=1,Q=6,V=9,W=2,Z=0"
"Solve this cryptarithm:

  SSQQG
   CSBG
+  FFQC
-------
  BLIGF

Each letter stands for a unique digit (0-9). No leading letter can be zero.
Provide a comma separated mapping from letters to digits that satisfies the equation in your final answer. Output format: ""A=1,B=2,C=3"" (without quotes)
","B=8,C=9,F=5,G=3,I=0,L=2,Q=7,S=6"
"Solve this cryptarithm:

   ONNR
   NOBF
+  HGSK
-------
  BOOOF

Each letter stands for a unique digit (0-9). No leading letter can be zero.
Provide a comma separated mapping from letters to digits that satisfies the equation in your final answer. Output format: ""A=1,B=2,C=3"" (without quotes)
","B=1,F=4,G=7,H=6,K=2,N=3,O=5,R=8,S=0"
"Solve this cryptarithm:

   YMJX
   JAMA
+  MXXJ
-------
  MXXRS

Each letter stands for a unique digit (0-9). No leading letter can be zero.
Provide a comma separated mapping from letters to digits that satisfies the equation in your final answer. Output format: ""A=1,B=2,C=3"" (without quotes)
","A=9,J=6,M=1,R=8,S=5,X=0,Y=2"
"Solve this cryptarithm:

   TLDU
+  FTFC
-------
  UFBCB

Each letter stands for a unique digit (0-9). No leading letter can be zero.
Provide a comma separated mapping from letters to digits that satisfies the equation in your final answer. Output format: ""A=1,B=2,C=3"" (without quotes)
","B=6,C=5,D=3,F=2,L=7,T=9,U=1"
"Solve this cryptarithm:

   GNJX
    ZZW
+ WESGZ
-------
  AESJG

Each letter stands for a unique digit (0-9). No leading letter can be zero.
Provide a comma separated mapping from letters to digits that satisfies the equation in your final answer. Output format: ""A=1,B=2,C=3"" (without quotes)
","A=4,E=0,G=9,J=6,N=8,S=7,W=3,X=5,Z=1"
"Solve this cryptarithm:

    GTR
   AGPA
+  EGGG
-------
  ZEEGE

Each letter stands for a unique digit (0-9). No leading letter can be zero.
Provide a comma separated mapping from letters to digits that satisfies the equation in your final answer. Output format: ""A=1,B=2,C=3"" (without quotes)
","A=9,E=3,G=4,P=2,R=0,T=7,Z=1"
"Solve this cryptarithm:

  CAAAC
+  JAEW
-------
  PPWWB

Each letter stands for a unique digit (0-9). No leading letter can be zero.
Provide a comma separated mapping from letters to digits that satisfies the equation in your final answer. Output format: ""A=1,B=2,C=3"" (without quotes)
","A=6,B=4,C=1,E=7,J=5,P=2,W=3"
"Solve this cryptarithm:

   RKVRC
    EEWO
+   URRG
--------
  CCGCVF

Each letter stands for a unique digit (0-9). No leading letter can be zero.
Provide a comma separated mapping from letters to digits that satisfies the equation in your final answer. Output format: ""A=1,B=2,C=3"" (without quotes)
","C=1,E=8,F=6,G=0,K=7,O=5,R=9,U=3,V=2,W=4"
"Solve this cryptarithm:

    JTV
+ MMTRE
-------
  MMVSV

Each letter stands for a unique digit (0-9). No leading letter can be zero.
Provide a comma separated mapping from letters to digits that satisfies the equation in your final answer. Output format: ""A=1,B=2,C=3"" (without quotes)
","E=0,J=1,M=3,R=2,S=8,T=6,V=7"
"Solve this cryptarithm:

   TMT
+  GEA
------
  HWTW

Each letter stands for a unique digit (0-9). No leading letter can be zero.
Provide a comma separated mapping from letters to digits that satisfies the equation in your final answer. Output format: ""A=1,B=2,C=3"" (without quotes)
","A=9,E=7,G=8,H=1,M=5,T=3,W=2"
"Solve this cryptarithm:

   ZTJ
+ EPZP
------
  UJPW

Each letter stands for a unique digit (0-9). No leading letter can be zero.
Provide a comma separated mapping from letters to digits that satisfies the equation in your final answer. Output format: ""A=1,B=2,C=3"" (without quotes)
","E=1,J=3,P=4,T=6,U=2,W=7,Z=8"
"Solve this cryptarithm:

   GFFKK
   KUPLL
+  GCLPG
--------
  FAJAPU

Each letter stands for a unique digit (0-9). No leading letter can be zero.
Provide a comma separated mapping from letters to digits that satisfies the equation in your final answer. Output format: ""A=1,B=2,C=3"" (without quotes)
","A=7,C=2,F=1,G=4,J=6,K=9,L=0,P=5,U=3"
"Solve this cryptarithm:

   WYII
  YJZYG
+   YKI
-------
  JJSZW

Each letter stands for a unique digit (0-9). No leading letter can be zero.
Provide a comma separated mapping from letters to digits that satisfies the equation in your final answer. Output format: ""A=1,B=2,C=3"" (without quotes)
","G=3,I=8,J=7,K=5,S=4,W=9,Y=6,Z=0"
"Solve this cryptarithm:

   STOX
   SQXQ
+  RSOR
-------
  ASSFA

Each letter stands for a unique digit (0-9). No leading letter can be zero.
Provide a comma separated mapping from letters to digits that satisfies the equation in your final answer. Output format: ""A=1,B=2,C=3"" (without quotes)
","A=1,F=4,O=9,Q=0,R=6,S=3,T=8,X=5"
"Solve this cryptarithm:

  NRHL
  JNRL
+  HAA
------
  MFHR

Each letter stands for a unique digit (0-9). No leading letter can be zero.
Provide a comma separated mapping from letters to digits that satisfies the equation in your final answer. Output format: ""A=1,B=2,C=3"" (without quotes)
","A=4,F=9,H=7,J=2,L=1,M=8,N=5,R=6"
"Solve this cryptarithm:

   APA
+  ACG
------
  ZPGH

Each letter stands for a unique digit (0-9). No leading letter can be zero.
Provide a comma separated mapping from letters to digits that satisfies the equation in your final answer. Output format: ""A=1,B=2,C=3"" (without quotes)
","A=7,C=0,G=5,H=2,P=4,Z=1"
"Solve this cryptarithm:

   DDGPN
     GPP
+  DYRPG
--------
  GRRPYN

Each letter stands for a unique digit (0-9). No leading letter can be zero.
Provide a comma separated mapping from letters to digits that satisfies the equation in your final answer. Output format: ""A=1,B=2,C=3"" (without quotes)
","D=7,G=1,N=4,P=9,R=5,Y=8"
"Solve this cryptarithm:

  MUBTA
   TNAG
+  NGBB
-------
  KUIZZ

Each letter stands for a unique digit (0-9). No leading letter can be zero.
Provide a comma separated mapping from letters to digits that satisfies the equation in your final answer. Output format: ""A=1,B=2,C=3"" (without quotes)
","A=0,B=3,G=9,I=4,K=7,M=6,N=1,T=8,U=5,Z=2"
"Solve this cryptarithm:

   BGY
+ EOOO
------
  GYHO

Each letter stands for a unique digit (0-9). No leading letter can be zero.
Provide a comma separated mapping from letters to digits that satisfies the equation in your final answer. Output format: ""A=1,B=2,C=3"" (without quotes)
","B=4,E=6,G=7,H=2,O=5,Y=0"
"Solve this cryptarithm:

  LLFNL
   VJBL
+   VHE
-------
  TFBEV

Each letter stands for a unique digit (0-9). No leading letter can be zero.
Provide a comma separated mapping from letters to digits that satisfies the equation in your final answer. Output format: ""A=1,B=2,C=3"" (without quotes)
","B=3,E=0,F=2,H=1,J=6,L=7,N=5,T=8,V=4"
"Solve this cryptarithm:

    XII
  MMNXV
+   UNC
-------
  MMIZN

Each letter stands for a unique digit (0-9). No leading letter can be zero.
Provide a comma separated mapping from letters to digits that satisfies the equation in your final answer. Output format: ""A=1,B=2,C=3"" (without quotes)
","C=6,I=7,M=8,N=2,U=1,V=9,X=3,Z=4"
"Solve this cryptarithm:

    TFK
+ TEFFA
-------
  TFBYK

Each letter stands for a unique digit (0-9). No leading letter can be zero.
Provide a comma separated mapping from letters to digits that satisfies the equation in your final answer. Output format: ""A=1,B=2,C=3"" (without quotes)
","A=0,B=1,E=5,F=6,K=9,T=4,Y=2"
"Solve this cryptarithm:

   OMOM
   MSXA
+ OAROQ
-------
  ASAXL

Each letter stands for a unique digit (0-9). No leading letter can be zero.
Provide a comma separated mapping from letters to digits that satisfies the equation in your final answer. Output format: ""A=1,B=2,C=3"" (without quotes)
","A=6,L=9,M=2,O=5,Q=1,R=0,S=3,X=7"
"Solve this cryptarithm:

  SKHAW
+   IKR
-------
  SKUKH

Each letter stands for a unique digit (0-9). No leading letter can be zero.
Provide a comma separated mapping from letters to digits that satisfies the equation in your final answer. Output format: ""A=1,B=2,C=3"" (without quotes)
","A=9,H=0,I=5,K=2,R=7,S=1,U=6,W=3"
"Solve this cryptarithm:

  PJQJE
+ PJQPS
-------
  YPWWE

Each letter stands for a unique digit (0-9). No leading letter can be zero.
Provide a comma separated mapping from letters to digits that satisfies the equation in your final answer. Output format: ""A=1,B=2,C=3"" (without quotes)
","E=9,J=6,P=2,Q=4,S=0,W=8,Y=5"
"Solve this cryptarithm:

   EETC
  JTKCJ
+  MEZC
-------
  TZAZA

Each letter stands for a unique digit (0-9). No leading letter can be zero.
Provide a comma separated mapping from letters to digits that satisfies the equation in your final answer. Output format: ""A=1,B=2,C=3"" (without quotes)
","A=5,C=7,E=3,J=1,K=8,M=4,T=2,Z=0"
"Solve this cryptarithm:

   RGEA
  RTGKT
+  FYSF
-------
  SFGEP

Each letter stands for a unique digit (0-9). No leading letter can be zero.
Provide a comma separated mapping from letters to digits that satisfies the equation in your final answer. Output format: ""A=1,B=2,C=3"" (without quotes)
","A=4,E=0,F=9,G=6,K=1,P=5,R=7,S=8,T=2,Y=3"
"Solve this cryptarithm:

    KTB
  ADSQT
+ ASOAK
-------
  STDDQ

Each letter stands for a unique digit (0-9). No leading letter can be zero.
Provide a comma separated mapping from letters to digits that satisfies the equation in your final answer. Output format: ""A=1,B=2,C=3"" (without quotes)
","A=1,B=0,D=4,K=8,O=3,Q=5,S=2,T=7"
"Solve this cryptarithm:

    HXN
   WNNP
+ PNPNL
-------
  PMMMP

Each letter stands for a unique digit (0-9). No leading letter can be zero.
Provide a comma separated mapping from letters to digits that satisfies the equation in your final answer. Output format: ""A=1,B=2,C=3"" (without quotes)
","H=8,L=9,M=5,N=1,P=6,W=3,X=2"
"Solve this cryptarithm:

    BEM
  PMNMU
+   MSP
-------
  PPUUZ

Each letter stands for a unique digit (0-9). No leading letter can be zero.
Provide a comma separated mapping from letters to digits that satisfies the equation in your final answer. Output format: ""A=1,B=2,C=3"" (without quotes)
","B=4,E=8,M=2,N=9,P=3,S=5,U=6,Z=1"
"Solve this cryptarithm:

  GHGG
   DKF
+  KFA
------
  LDBH

Each letter stands for a unique digit (0-9). No leading letter can be zero.
Provide a comma separated mapping from letters to digits that satisfies the equation in your final answer. Output format: ""A=1,B=2,C=3"" (without quotes)
","A=6,B=4,D=7,F=3,G=1,H=0,K=9,L=2"
"Solve this cryptarithm:

   VWA
+  AVV
------
  FOPF

Each letter stands for a unique digit (0-9). No leading letter can be zero.
Provide a comma separated mapping from letters to digits that satisfies the equation in your final answer. Output format: ""A=1,B=2,C=3"" (without quotes)
","A=8,F=1,O=2,P=0,V=3,W=6"
"Solve this cryptarithm:

   RBBRM
   LBABI
+  DIHIU
--------
  LADZAU

Each letter stands for a unique digit (0-9). No leading letter can be zero.
Provide a comma separated mapping from letters to digits that satisfies the equation in your final answer. Output format: ""A=1,B=2,C=3"" (without quotes)
","A=0,B=7,D=3,H=6,I=8,L=1,M=2,R=4,U=9,Z=5"
"Solve this cryptarithm:

  QYQQO
   ZZZZ
+   YXH
-------
  HKAAQ

Each letter stands for a unique digit (0-9). No leading letter can be zero.
Provide a comma separated mapping from letters to digits that satisfies the equation in your final answer. Output format: ""A=1,B=2,C=3"" (without quotes)
","A=1,H=9,K=3,O=4,Q=8,X=7,Y=6,Z=5"
"Solve this cryptarithm:

  BCRKU
+   BZU
-------
  BBQBU

Each letter stands for a unique digit (0-9). No leading letter can be zero.
Provide a comma separated mapping from letters to digits that satisfies the equation in your final answer. Output format: ""A=1,B=2,C=3"" (without quotes)
","B=4,C=3,K=5,Q=2,R=7,U=0,Z=9"
"Solve this cryptarithm:

    MFR
   NKUR
+ UUBFY
-------
  UFRKB

Each letter stands for a unique digit (0-9). No leading letter can be zero.
Provide a comma separated mapping from letters to digits that satisfies the equation in your final answer. Output format: ""A=1,B=2,C=3"" (without quotes)
","B=6,F=8,K=1,M=4,N=2,R=3,U=5,Y=0"
"Solve this cryptarithm:

  ITSAJ
    IBJ
+   JSB
-------
  TQJVT

Each letter stands for a unique digit (0-9). No leading letter can be zero.
Provide a comma separated mapping from letters to digits that satisfies the equation in your final answer. Output format: ""A=1,B=2,C=3"" (without quotes)
","A=7,B=5,I=8,J=2,Q=0,S=1,T=9,V=3"
"Solve this cryptarithm:

   JJFF
    SDE
+ SAYEK
-------
  SERYS

Each letter stands for a unique digit (0-9). No leading letter can be zero.
Provide a comma separated mapping from letters to digits that satisfies the equation in your final answer. Output format: ""A=1,B=2,C=3"" (without quotes)
","A=1,D=3,E=9,F=2,J=6,K=7,R=0,S=8,Y=5"
"Solve this cryptarithm:

   JIN
+  PQJ
------
  LXIP

Each letter stands for a unique digit (0-9). No leading letter can be zero.
Provide a comma separated mapping from letters to digits that satisfies the equation in your final answer. Output format: ""A=1,B=2,C=3"" (without quotes)
","I=8,J=7,L=1,N=5,P=2,Q=9,X=0"
"Solve this cryptarithm:

    EQM
  MEBDM
+  UBBU
-------
  VBDMD

Each letter stands for a unique digit (0-9). No leading letter can be zero.
Provide a comma separated mapping from letters to digits that satisfies the equation in your final answer. Output format: ""A=1,B=2,C=3"" (without quotes)
","B=3,D=0,E=4,M=6,Q=1,U=8,V=7"
"Solve this cryptarithm:

   QKORY
+  FFJHO
--------
  JKCKRR

Each letter stands for a unique digit (0-9). No leading letter can be zero.
Provide a comma separated mapping from letters to digits that satisfies the equation in your final answer. Output format: ""A=1,B=2,C=3"" (without quotes)
","C=2,F=8,H=0,J=1,K=4,O=3,Q=5,R=9,Y=6"
"Solve this cryptarithm:

  BZJ
+ NWR
-----
  DWB

Each letter stands for a unique digit (0-9). No leading letter can be zero.
Provide a comma separated mapping from letters to digits that satisfies the equation in your final answer. Output format: ""A=1,B=2,C=3"" (without quotes)
","B=6,D=9,J=4,N=3,R=2,W=7,Z=0"
"Solve this cryptarithm:

   NRG
   ASR
+ ACIE
------
  AINV

Each letter stands for a unique digit (0-9). No leading letter can be zero.
Provide a comma separated mapping from letters to digits that satisfies the equation in your final answer. Output format: ""A=1,B=2,C=3"" (without quotes)
","A=4,C=1,E=8,G=3,I=9,N=2,R=5,S=7,V=6"
"Solve this cryptarithm:

    GNQ
  KGQQK
+ KSSPK
-------
  FQAPA

Each letter stands for a unique digit (0-9). No leading letter can be zero.
Provide a comma separated mapping from letters to digits that satisfies the equation in your final answer. Output format: ""A=1,B=2,C=3"" (without quotes)
","A=4,F=3,G=5,K=1,N=8,P=0,Q=2,S=6"
"Solve this cryptarithm:

  ZYZTT
   UTLN
+  MMYM
-------
  NYMDU

Each letter stands for a unique digit (0-9). No leading letter can be zero.
Provide a comma separated mapping from letters to digits that satisfies the equation in your final answer. Output format: ""A=1,B=2,C=3"" (without quotes)
","D=6,L=2,M=4,N=8,T=3,U=5,Y=0,Z=7"
"Solve this cryptarithm:

  JBJRT
+  CSCC
-------
  BSJVZ

Each letter stands for a unique digit (0-9). No leading letter can be zero.
Provide a comma separated mapping from letters to digits that satisfies the equation in your final answer. Output format: ""A=1,B=2,C=3"" (without quotes)
","B=9,C=1,J=8,R=3,S=0,T=6,V=4,Z=7"
"Solve this cryptarithm:

   UQTQ
  MXTZQ
+  JSSX
-------
  UQLTG

Each letter stands for a unique digit (0-9). No leading letter can be zero.
Provide a comma separated mapping from letters to digits that satisfies the equation in your final answer. Output format: ""A=1,B=2,C=3"" (without quotes)
","G=9,J=5,L=0,M=6,Q=4,S=2,T=3,U=7,X=1,Z=8"
"Solve this cryptarithm:

  FRFTS
+   FRI
-------
  FHTRF

Each letter stands for a unique digit (0-9). No leading letter can be zero.
Provide a comma separated mapping from letters to digits that satisfies the equation in your final answer. Output format: ""A=1,B=2,C=3"" (without quotes)
","F=5,H=8,I=2,R=7,S=3,T=0"
"Solve this cryptarithm:

    DQK
+ AEAZU
-------
  ACUDA

Each letter stands for a unique digit (0-9). No leading letter can be zero.
Provide a comma separated mapping from letters to digits that satisfies the equation in your final answer. Output format: ""A=1,B=2,C=3"" (without quotes)
","A=8,C=5,D=2,E=4,K=7,Q=9,U=1,Z=3"
"Solve this cryptarithm:

   ZHO
+  FFH
------
  MFWH

Each letter stands for a unique digit (0-9). No leading letter can be zero.
Provide a comma separated mapping from letters to digits that satisfies the equation in your final answer. Output format: ""A=1,B=2,C=3"" (without quotes)
","F=8,H=4,M=1,O=0,W=2,Z=9"
"Solve this cryptarithm:

  RRZBO
+  ZZUL
-------
  CEBZB

Each letter stands for a unique digit (0-9). No leading letter can be zero.
Provide a comma separated mapping from letters to digits that satisfies the equation in your final answer. Output format: ""A=1,B=2,C=3"" (without quotes)
","B=5,C=9,E=0,L=4,O=1,R=8,U=7,Z=2"
"Solve this cryptarithm:

  ZXPIH
+   IFC
-------
  ZXHPX

Each letter stands for a unique digit (0-9). No leading letter can be zero.
Provide a comma separated mapping from letters to digits that satisfies the equation in your final answer. Output format: ""A=1,B=2,C=3"" (without quotes)
","C=5,F=0,H=7,I=3,P=4,X=2,Z=6"
"Solve this cryptarithm:

   TWRL
    WIL
+ WHTEE
-------
  RWHKE

Each letter stands for a unique digit (0-9). No leading letter can be zero.
Provide a comma separated mapping from letters to digits that satisfies the equation in your final answer. Output format: ""A=1,B=2,C=3"" (without quotes)
","E=9,H=7,I=6,K=8,L=5,R=2,T=4,W=1"
"Solve this cryptarithm:

   GSC
   LVA
+  SVU
------
  VWGC

Each letter stands for a unique digit (0-9). No leading letter can be zero.
Provide a comma separated mapping from letters to digits that satisfies the equation in your final answer. Output format: ""A=1,B=2,C=3"" (without quotes)
","A=3,C=0,G=5,L=9,S=2,U=7,V=1,W=6"
"Solve this cryptarithm:

   NHQG
    IYG
+ QYKKY
-------
  IGOAG

Each letter stands for a unique digit (0-9). No leading letter can be zero.
Provide a comma separated mapping from letters to digits that satisfies the equation in your final answer. Output format: ""A=1,B=2,C=3"" (without quotes)
","A=9,G=4,H=8,I=3,K=0,N=7,O=1,Q=2,Y=6"
"Solve this cryptarithm:

   ZZG
  PAKA
+ LPUK
------
  WPHZ

Each letter stands for a unique digit (0-9). No leading letter can be zero.
Provide a comma separated mapping from letters to digits that satisfies the equation in your final answer. Output format: ""A=1,B=2,C=3"" (without quotes)
","A=2,G=9,H=4,K=6,L=1,P=3,U=0,W=5,Z=7"
"Solve this cryptarithm:

   NONI
   ACMC
+  EZNZ
-------
  RREIA

Each letter stands for a unique digit (0-9). No leading letter can be zero.
Provide a comma separated mapping from letters to digits that satisfies the equation in your final answer. Output format: ""A=1,B=2,C=3"" (without quotes)
","A=5,C=0,E=3,I=9,M=4,N=2,O=7,R=1,Z=6"
"Solve this cryptarithm:

   TQF
  TBBU
+  PBO
------
  TUYU

Each letter stands for a unique digit (0-9). No leading letter can be zero.
Provide a comma separated mapping from letters to digits that satisfies the equation in your final answer. Output format: ""A=1,B=2,C=3"" (without quotes)
","B=0,F=1,O=9,P=5,Q=3,T=2,U=7,Y=4"
"Solve this cryptarithm:

   SZUH
  CCXEH
+   SNS
-------
  CXOZO

Each letter stands for a unique digit (0-9). No leading letter can be zero.
Provide a comma separated mapping from letters to digits that satisfies the equation in your final answer. Output format: ""A=1,B=2,C=3"" (without quotes)
","C=1,E=3,H=2,N=5,O=8,S=4,U=9,X=6,Z=7"
"Solve this cryptarithm:

  TZAZE
+   MZA
-------
  TZMKE

Each letter stands for a unique digit (0-9). No leading letter can be zero.
Provide a comma separated mapping from letters to digits that satisfies the equation in your final answer. Output format: ""A=1,B=2,C=3"" (without quotes)
","A=0,E=3,K=2,M=8,T=9,Z=1"
"Solve this cryptarithm:

   QGA
+ AGGA
------
  AVQL

Each letter stands for a unique digit (0-9). No leading letter can be zero.
Provide a comma separated mapping from letters to digits that satisfies the equation in your final answer. Output format: ""A=1,B=2,C=3"" (without quotes)
","A=2,G=3,L=4,Q=6,V=9"
"Solve this cryptarithm:

  QTJRQ
   ECCJ
+ EIIQR
-------
  JCHRT

Each letter stands for a unique digit (0-9). No leading letter can be zero.
Provide a comma separated mapping from letters to digits that satisfies the equation in your final answer. Output format: ""A=1,B=2,C=3"" (without quotes)
","C=8,E=5,H=7,I=2,J=6,Q=1,R=3,T=0"
"Solve this cryptarithm:

  IAVRW
+   VIA
-------
  INEIV

Each letter stands for a unique digit (0-9). No leading letter can be zero.
Provide a comma separated mapping from letters to digits that satisfies the equation in your final answer. Output format: ""A=1,B=2,C=3"" (without quotes)
","A=2,E=4,I=1,N=3,R=0,V=7,W=5"
"Solve this cryptarithm:

   WEN
  RNWE
+  QDU
------
  RTRD

Each letter stands for a unique digit (0-9). No leading letter can be zero.
Provide a comma separated mapping from letters to digits that satisfies the equation in your final answer. Output format: ""A=1,B=2,C=3"" (without quotes)
","D=3,E=5,N=0,Q=1,R=6,T=9,U=8,W=7"
"Solve this cryptarithm:

  GQZDJ
+  GJIK
-------
  GJPPI

Each letter stands for a unique digit (0-9). No leading letter can be zero.
Provide a comma separated mapping from letters to digits that satisfies the equation in your final answer. Output format: ""A=1,B=2,C=3"" (without quotes)
","D=3,G=1,I=6,J=7,K=9,P=0,Q=5,Z=2"
"Solve this cryptarithm:

   ZVREW
     RZO
+  MZWOV
--------
  HWEZZH

Each letter stands for a unique digit (0-9). No leading letter can be zero.
Provide a comma separated mapping from letters to digits that satisfies the equation in your final answer. Output format: ""A=1,B=2,C=3"" (without quotes)
","E=4,H=1,M=2,O=5,R=8,V=6,W=0,Z=7"
"Solve this cryptarithm:

   NDAQ
  CACSQ
+   ABB
-------
  CCCAB

Each letter stands for a unique digit (0-9). No leading letter can be zero.
Provide a comma separated mapping from letters to digits that satisfies the equation in your final answer. Output format: ""A=1,B=2,C=3"" (without quotes)
","A=3,B=9,C=8,D=6,N=4,Q=5,S=0"
"Solve this cryptarithm:

    BRR
    EZW
+ WZQJO
-------
  WVJZZ

Each letter stands for a unique digit (0-9). No leading letter can be zero.
Provide a comma separated mapping from letters to digits that satisfies the equation in your final answer. Output format: ""A=1,B=2,C=3"" (without quotes)
","B=7,E=1,J=8,O=0,Q=9,R=2,V=6,W=3,Z=5"
"Solve this cryptarithm:

   WXX
   DUQ
+  DWT
------
  TIBB

Each letter stands for a unique digit (0-9). No leading letter can be zero.
Provide a comma separated mapping from letters to digits that satisfies the equation in your final answer. Output format: ""A=1,B=2,C=3"" (without quotes)
","B=6,D=9,I=4,Q=1,T=2,U=8,W=5,X=3"
"Solve this cryptarithm:

    LYN
  YLNPT
+  TZEP
-------
  NZLNS

Each letter stands for a unique digit (0-9). No leading letter can be zero.
Provide a comma separated mapping from letters to digits that satisfies the equation in your final answer. Output format: ""A=1,B=2,C=3"" (without quotes)
","E=2,L=4,N=6,P=7,S=1,T=8,Y=5,Z=3"
"Solve this cryptarithm:

  XJJVJ
+   QQF
-------
  XFXFA

Each letter stands for a unique digit (0-9). No leading letter can be zero.
Provide a comma separated mapping from letters to digits that satisfies the equation in your final answer. Output format: ""A=1,B=2,C=3"" (without quotes)
","A=7,F=9,J=8,Q=3,V=5,X=1"
"Solve this cryptarithm:

  AJYDA
+   VRB
-------
  AAJYL

Each letter stands for a unique digit (0-9). No leading letter can be zero.
Provide a comma separated mapping from letters to digits that satisfies the equation in your final answer. Output format: ""A=1,B=2,C=3"" (without quotes)
","A=3,B=1,D=9,J=2,L=4,R=7,V=5,Y=6"
"Solve this cryptarithm:

  XIG
+ IJT
-----
  DTE

Each letter stands for a unique digit (0-9). No leading letter can be zero.
Provide a comma separated mapping from letters to digits that satisfies the equation in your final answer. Output format: ""A=1,B=2,C=3"" (without quotes)
","D=3,E=5,G=9,I=1,J=4,T=6,X=2"
"Solve this cryptarithm:

  QXAGQ
    AER
+   UWW
-------
  QWWXC

Each letter stands for a unique digit (0-9). No leading letter can be zero.
Provide a comma separated mapping from letters to digits that satisfies the equation in your final answer. Output format: ""A=1,B=2,C=3"" (without quotes)
","A=8,C=3,E=1,G=6,Q=9,R=0,U=7,W=4,X=2"
"Solve this cryptarithm:

    WOV
  JOJHV
+  OWJF
-------
  TFVVS

Each letter stands for a unique digit (0-9). No leading letter can be zero.
Provide a comma separated mapping from letters to digits that satisfies the equation in your final answer. Output format: ""A=1,B=2,C=3"" (without quotes)
","F=0,H=1,J=8,O=4,S=6,T=9,V=3,W=7"
"Solve this cryptarithm:

    FPTW
   YQCVP
+  FVPYY
--------
  JWFCWV

Each letter stands for a unique digit (0-9). No leading letter can be zero.
Provide a comma separated mapping from letters to digits that satisfies the equation in your final answer. Output format: ""A=1,B=2,C=3"" (without quotes)
","C=0,F=6,J=1,P=4,Q=2,T=9,V=7,W=5,Y=8"
"Solve this cryptarithm:

   XQHL
+ HQJLD
-------
  HXUAU

Each letter stands for a unique digit (0-9). No leading letter can be zero.
Provide a comma separated mapping from letters to digits that satisfies the equation in your final answer. Output format: ""A=1,B=2,C=3"" (without quotes)
","A=2,D=4,H=9,J=6,L=3,Q=0,U=7,X=8"
"Solve this cryptarithm:

   SUVC
  WUNUM
+  UVUI
-------
  SCVYC

Each letter stands for a unique digit (0-9). No leading letter can be zero.
Provide a comma separated mapping from letters to digits that satisfies the equation in your final answer. Output format: ""A=1,B=2,C=3"" (without quotes)
","C=0,I=2,M=8,N=1,S=5,U=7,V=9,W=3,Y=4"
"Solve this cryptarithm:

  SYUBJ
    UMC
+   BDJ
-------
  SSBPB

Each letter stands for a unique digit (0-9). No leading letter can be zero.
Provide a comma separated mapping from letters to digits that satisfies the equation in your final answer. Output format: ""A=1,B=2,C=3"" (without quotes)
","B=3,C=7,D=9,J=8,M=6,P=0,S=2,U=4,Y=1"
"Solve this cryptarithm:

  JKTI
+ HWNS
------
  FJII

Each letter stands for a unique digit (0-9). No leading letter can be zero.
Provide a comma separated mapping from letters to digits that satisfies the equation in your final answer. Output format: ""A=1,B=2,C=3"" (without quotes)
","F=6,H=4,I=8,J=1,K=2,N=3,S=0,T=5,W=9"
"Solve this cryptarithm:

  JROIW
    JIK
+   WRW
-------
  JJOHI

Each letter stands for a unique digit (0-9). No leading letter can be zero.
Provide a comma separated mapping from letters to digits that satisfies the equation in your final answer. Output format: ""A=1,B=2,C=3"" (without quotes)
","H=2,I=5,J=1,K=9,O=7,R=0,W=8"
"Solve this cryptarithm:

   CCGE
+  VSVJ
-------
  SQOEE

Each letter stands for a unique digit (0-9). No leading letter can be zero.
Provide a comma separated mapping from letters to digits that satisfies the equation in your final answer. Output format: ""A=1,B=2,C=3"" (without quotes)
","C=5,E=4,G=6,J=0,O=7,Q=3,S=1,V=8"
"Solve this cryptarithm:

   SEOWW
+  EWERO
--------
  RSWZYE

Each letter stands for a unique digit (0-9). No leading letter can be zero.
Provide a comma separated mapping from letters to digits that satisfies the equation in your final answer. Output format: ""A=1,B=2,C=3"" (without quotes)
","E=9,O=6,R=1,S=2,W=3,Y=4,Z=5"
"Solve this cryptarithm:

    TSG
   UTQG
+ TLQCL
-------
  MUCCL

Each letter stands for a unique digit (0-9). No leading letter can be zero.
Provide a comma separated mapping from letters to digits that satisfies the equation in your final answer. Output format: ""A=1,B=2,C=3"" (without quotes)
","C=2,G=0,L=9,M=5,Q=3,S=7,T=4,U=1"
"Solve this cryptarithm:

   HWYY
+ QZZQC
-------
  WBCQK

Each letter stands for a unique digit (0-9). No leading letter can be zero.
Provide a comma separated mapping from letters to digits that satisfies the equation in your final answer. Output format: ""A=1,B=2,C=3"" (without quotes)
","B=0,C=7,H=8,K=6,Q=3,W=4,Y=9,Z=2"
"Solve this cryptarithm:

   RXVV
+   RQZ
-------
  QZVXV

Each letter stands for a unique digit (0-9). No leading letter can be zero.
Provide a comma separated mapping from letters to digits that satisfies the equation in your final answer. Output format: ""A=1,B=2,C=3"" (without quotes)
","Q=1,R=9,V=2,X=3,Z=0"
"Solve this cryptarithm:

   RBG
  GRBR
+  DCW
------
  BCIW

Each letter stands for a unique digit (0-9). No leading letter can be zero.
Provide a comma separated mapping from letters to digits that satisfies the equation in your final answer. Output format: ""A=1,B=2,C=3"" (without quotes)
","B=4,C=6,D=9,G=2,I=5,R=8,W=7"
"Solve this cryptarithm:

    DWR
+ RZJPW
-------
  RZDOQ

Each letter stands for a unique digit (0-9). No leading letter can be zero.
Provide a comma separated mapping from letters to digits that satisfies the equation in your final answer. Output format: ""A=1,B=2,C=3"" (without quotes)
","D=4,J=0,O=8,P=7,Q=6,R=5,W=1,Z=3"
"Solve this cryptarithm:

  OPZZG
+ OXXGX
-------
  PQGZX

Each letter stands for a unique digit (0-9). No leading letter can be zero.
Provide a comma separated mapping from letters to digits that satisfies the equation in your final answer. Output format: ""A=1,B=2,C=3"" (without quotes)
","G=0,O=1,P=2,Q=9,X=6,Z=4"
"Solve this cryptarithm:

   EYDL
+  TDER
-------
  XXELE

Each letter stands for a unique digit (0-9). No leading letter can be zero.
Provide a comma separated mapping from letters to digits that satisfies the equation in your final answer. Output format: ""A=1,B=2,C=3"" (without quotes)
","D=5,E=3,L=9,R=4,T=7,X=1,Y=8"
"Solve this cryptarithm:

  TPRPD
   RYIP
+  PRYI
-------
  ITTKT

Each letter stands for a unique digit (0-9). No leading letter can be zero.
Provide a comma separated mapping from letters to digits that satisfies the equation in your final answer. Output format: ""A=1,B=2,C=3"" (without quotes)
","D=4,I=3,K=8,P=5,R=1,T=2,Y=9"
"Solve this cryptarithm:

  XENRX
+  XCCN
-------
  XCEDC

Each letter stands for a unique digit (0-9). No leading letter can be zero.
Provide a comma separated mapping from letters to digits that satisfies the equation in your final answer. Output format: ""A=1,B=2,C=3"" (without quotes)
","C=8,D=7,E=4,N=5,R=9,X=3"
"Solve this cryptarithm:

  YAFMM
+  MDAD
-------
  CCDCA

Each letter stands for a unique digit (0-9). No leading letter can be zero.
Provide a comma separated mapping from letters to digits that satisfies the equation in your final answer. Output format: ""A=1,B=2,C=3"" (without quotes)
","A=5,C=3,D=8,F=9,M=7,Y=2"
"Solve this cryptarithm:

   GFUN
+ ENECY
-------
  EFDLN

Each letter stands for a unique digit (0-9). No leading letter can be zero.
Provide a comma separated mapping from letters to digits that satisfies the equation in your final answer. Output format: ""A=1,B=2,C=3"" (without quotes)
","C=3,D=5,E=8,F=7,G=4,L=9,N=2,U=6,Y=0"
"Solve this cryptarithm:

  GAMD
+ DTGG
------
  WVGW

Each letter stands for a unique digit (0-9). No leading letter can be zero.
Provide a comma separated mapping from letters to digits that satisfies the equation in your final answer. Output format: ""A=1,B=2,C=3"" (without quotes)
","A=5,D=4,G=3,M=0,T=1,V=6,W=7"
"Solve this cryptarithm:

  UUNYO
+ KOUKD
-------
  PKAAK

Each letter stands for a unique digit (0-9). No leading letter can be zero.
Provide a comma separated mapping from letters to digits that satisfies the equation in your final answer. Output format: ""A=1,B=2,C=3"" (without quotes)
","A=0,D=4,K=1,N=6,O=7,P=5,U=3,Y=8"
"Solve this cryptarithm:

   UMHDF
+  XUXCR
--------
  DDUDXD

Each letter stands for a unique digit (0-9). No leading letter can be zero.
Provide a comma separated mapping from letters to digits that satisfies the equation in your final answer. Output format: ""A=1,B=2,C=3"" (without quotes)
","C=6,D=1,F=4,H=3,M=9,R=7,U=2,X=8"
"Solve this cryptarithm:

   NKHK
+  NNBC
-------
  EHJEC

Each letter stands for a unique digit (0-9). No leading letter can be zero.
Provide a comma separated mapping from letters to digits that satisfies the equation in your final answer. Output format: ""A=1,B=2,C=3"" (without quotes)
","B=9,C=5,E=1,H=2,J=7,K=0,N=6"
"Solve this cryptarithm:

   ITI
+  MWK
------
  WKWD

Each letter stands for a unique digit (0-9). No leading letter can be zero.
Provide a comma separated mapping from letters to digits that satisfies the equation in your final answer. Output format: ""A=1,B=2,C=3"" (without quotes)
","D=9,I=6,K=3,M=7,T=0,W=1"
"Solve this cryptarithm:

   WRRX
  ZKHWT
+   RHT
-------
  XRIXG

Each letter stands for a unique digit (0-9). No leading letter can be zero.
Provide a comma separated mapping from letters to digits that satisfies the equation in your final answer. Output format: ""A=1,B=2,C=3"" (without quotes)
","G=0,H=7,I=1,K=5,R=6,T=8,W=9,X=4,Z=3"
"Solve this cryptarithm:

   GIYK
  KAYNY
+  MKNM
-------
  OYGYH

Each letter stands for a unique digit (0-9). No leading letter can be zero.
Provide a comma separated mapping from letters to digits that satisfies the equation in your final answer. Output format: ""A=1,B=2,C=3"" (without quotes)
","A=3,G=5,H=1,I=0,K=8,M=7,N=4,O=9,Y=6"
"Solve this cryptarithm:

   MXX
+ LMWC
------
  LWWC

Each letter stands for a unique digit (0-9). No leading letter can be zero.
Provide a comma separated mapping from letters to digits that satisfies the equation in your final answer. Output format: ""A=1,B=2,C=3"" (without quotes)
","C=8,L=7,M=3,W=6,X=0"
"Solve this cryptarithm:

   MRRL
   BBRH
+   BTH
-------
  THQLL

Each letter stands for a unique digit (0-9). No leading letter can be zero.
Provide a comma separated mapping from letters to digits that satisfies the equation in your final answer. Output format: ""A=1,B=2,C=3"" (without quotes)
","B=3,H=0,L=5,M=6,Q=4,R=7,T=1"
"Solve this cryptarithm:

  RYDD
   BOB
+  ODY
------
  EYKD

Each letter stands for a unique digit (0-9). No leading letter can be zero.
Provide a comma separated mapping from letters to digits that satisfies the equation in your final answer. Output format: ""A=1,B=2,C=3"" (without quotes)
","B=1,D=2,E=5,K=3,O=8,R=4,Y=9"
"Solve this cryptarithm:

  WKKKN
+  HITT
-------
  WHINY

Each letter stands for a unique digit (0-9). No leading letter can be zero.
Provide a comma separated mapping from letters to digits that satisfies the equation in your final answer. Output format: ""A=1,B=2,C=3"" (without quotes)
","H=1,I=5,K=0,N=9,T=8,W=6,Y=7"
"Solve this cryptarithm:

   CCDU
    LPU
+  CPLC
-------
  UCSZU

Each letter stands for a unique digit (0-9). No leading letter can be zero.
Provide a comma separated mapping from letters to digits that satisfies the equation in your final answer. Output format: ""A=1,B=2,C=3"" (without quotes)
","C=9,D=0,L=3,P=2,S=4,U=1,Z=6"
"Solve this cryptarithm:

  SSPQ
+  AJR
------
  SVAA

Each letter stands for a unique digit (0-9). No leading letter can be zero.
Provide a comma separated mapping from letters to digits that satisfies the equation in your final answer. Output format: ""A=1,B=2,C=3"" (without quotes)
","A=5,J=0,P=4,Q=9,R=6,S=3,V=8"
"Solve this cryptarithm:

   NST
+  PSP
------
  URNR

Each letter stands for a unique digit (0-9). No leading letter can be zero.
Provide a comma separated mapping from letters to digits that satisfies the equation in your final answer. Output format: ""A=1,B=2,C=3"" (without quotes)
","N=3,P=8,R=2,S=6,T=4,U=1"
"Solve this cryptarithm:

  EYQKY
+   KZE
-------
  EYZIE

Each letter stands for a unique digit (0-9). No leading letter can be zero.
Provide a comma separated mapping from letters to digits that satisfies the equation in your final answer. Output format: ""A=1,B=2,C=3"" (without quotes)
","E=7,I=8,K=3,Q=2,Y=0,Z=5"
"Solve this cryptarithm:

  GKKKZ
+   LKT
-------
  GKLKA

Each letter stands for a unique digit (0-9). No leading letter can be zero.
Provide a comma separated mapping from letters to digits that satisfies the equation in your final answer. Output format: ""A=1,B=2,C=3"" (without quotes)
","A=9,G=7,K=0,L=6,T=5,Z=4"
"Solve this cryptarithm:

  PPJJ
  PACP
+  PXQ
------
  CJCK

Each letter stands for a unique digit (0-9). No leading letter can be zero.
Provide a comma separated mapping from letters to digits that satisfies the equation in your final answer. Output format: ""A=1,B=2,C=3"" (without quotes)
","A=3,C=9,J=2,K=1,P=4,Q=5,X=7"
"Solve this cryptarithm:

    WIWR
   ZPIRD
+   ZPII
--------
  PDVHZP

Each letter stands for a unique digit (0-9). No leading letter can be zero.
Provide a comma separated mapping from letters to digits that satisfies the equation in your final answer. Output format: ""A=1,B=2,C=3"" (without quotes)
","D=0,H=2,I=5,P=1,R=6,V=8,W=7,Z=9"
"Solve this cryptarithm:

  CDPJ
   XSP
+ YYYJ
------
  NTEC

Each letter stands for a unique digit (0-9). No leading letter can be zero.
Provide a comma separated mapping from letters to digits that satisfies the equation in your final answer. Output format: ""A=1,B=2,C=3"" (without quotes)
","C=3,D=0,E=7,J=4,N=6,P=5,S=9,T=1,X=8,Y=2"
"Solve this cryptarithm:

   LEJD
+  GDLN
-------
  RNNLL

Each letter stands for a unique digit (0-9). No leading letter can be zero.
Provide a comma separated mapping from letters to digits that satisfies the equation in your final answer. Output format: ""A=1,B=2,C=3"" (without quotes)
","D=2,E=5,G=8,J=0,L=9,N=7,R=1"
"Solve this cryptarithm:

     ZRF
   XFFLZ
+  KUFXR
--------
  OXSXLF

Each letter stands for a unique digit (0-9). No leading letter can be zero.
Provide a comma separated mapping from letters to digits that satisfies the equation in your final answer. Output format: ""A=1,B=2,C=3"" (without quotes)
","F=4,K=9,L=2,O=1,R=3,S=0,U=5,X=6,Z=7"
"Solve this cryptarithm:

   VVQ
+ VHAW
------
  VTTT

Each letter stands for a unique digit (0-9). No leading letter can be zero.
Provide a comma separated mapping from letters to digits that satisfies the equation in your final answer. Output format: ""A=1,B=2,C=3"" (without quotes)
","A=1,H=2,Q=6,T=5,V=3,W=9"
"Solve this cryptarithm:

    HOXR
+  AIXXZ
--------
  XOOXRF

Each letter stands for a unique digit (0-9). No leading letter can be zero.
Provide a comma separated mapping from letters to digits that satisfies the equation in your final answer. Output format: ""A=1,B=2,C=3"" (without quotes)
","A=9,F=6,H=7,I=3,O=0,R=2,X=1,Z=4"
"Solve this cryptarithm:

  UTGTU
    UGX
+   XAU
-------
  UUGXU

Each letter stands for a unique digit (0-9). No leading letter can be zero.
Provide a comma separated mapping from letters to digits that satisfies the equation in your final answer. Output format: ""A=1,B=2,C=3"" (without quotes)
","A=5,G=3,T=0,U=1,X=9"
"Solve this cryptarithm:

   KIJJ
    KSK
+   KCS
-------
  IIZEK

Each letter stands for a unique digit (0-9). No leading letter can be zero.
Provide a comma separated mapping from letters to digits that satisfies the equation in your final answer. Output format: ""A=1,B=2,C=3"" (without quotes)
","C=5,E=6,I=1,J=7,K=9,S=3,Z=0"
"Solve this cryptarithm:

   GHH
+ HSSP
------
  BRGH

Each letter stands for a unique digit (0-9). No leading letter can be zero.
Provide a comma separated mapping from letters to digits that satisfies the equation in your final answer. Output format: ""A=1,B=2,C=3"" (without quotes)
","B=9,G=4,H=8,P=0,R=1,S=6"
"Solve this cryptarithm:

  IBKFI
+   BYF
-------
  IQRFL

Each letter stands for a unique digit (0-9). No leading letter can be zero.
Provide a comma separated mapping from letters to digits that satisfies the equation in your final answer. Output format: ""A=1,B=2,C=3"" (without quotes)
","B=6,F=2,I=3,K=8,L=5,Q=7,R=4,Y=0"
"Solve this cryptarithm:

   BDDU
+  VCDU
-------
  ZUVCV

Each letter stands for a unique digit (0-9). No leading letter can be zero.
Provide a comma separated mapping from letters to digits that satisfies the equation in your final answer. Output format: ""A=1,B=2,C=3"" (without quotes)
","B=7,C=0,D=5,U=3,V=6,Z=1"
"Solve this cryptarithm:

   FLFHO
    UUOL
+   FFUN
--------
  VVHHOL

Each letter stands for a unique digit (0-9). No leading letter can be zero.
Provide a comma separated mapping from letters to digits that satisfies the equation in your final answer. Output format: ""A=1,B=2,C=3"" (without quotes)
","F=9,H=4,L=8,N=7,O=3,U=5,V=1"
"Solve this cryptarithm:

   EBQZ
+  ZCHZ
-------
  GZGCK

Each letter stands for a unique digit (0-9). No leading letter can be zero.
Provide a comma separated mapping from letters to digits that satisfies the equation in your final answer. Output format: ""A=1,B=2,C=3"" (without quotes)
","B=4,C=7,E=9,G=1,H=2,K=6,Q=5,Z=3"
"Solve this cryptarithm:

   MZIA
+ AZMDD
-------
  DHHAW

Each letter stands for a unique digit (0-9). No leading letter can be zero.
Provide a comma separated mapping from letters to digits that satisfies the equation in your final answer. Output format: ""A=1,B=2,C=3"" (without quotes)
","A=3,D=4,H=1,I=9,M=2,W=7,Z=8"
"Solve this cryptarithm:

    SRDD
   RBHDB
+  AXAXB
--------
  XMDNRR

Each letter stands for a unique digit (0-9). No leading letter can be zero.
Provide a comma separated mapping from letters to digits that satisfies the equation in your final answer. Output format: ""A=1,B=2,C=3"" (without quotes)
","A=8,B=7,D=2,H=0,M=5,N=4,R=6,S=3,X=1"
"Solve this cryptarithm:

  QEXQQ
+   FTO
-------
  QEUUF

Each letter stands for a unique digit (0-9). No leading letter can be zero.
Provide a comma separated mapping from letters to digits that satisfies the equation in your final answer. Output format: ""A=1,B=2,C=3"" (without quotes)
","E=0,F=3,O=8,Q=5,T=1,U=7,X=4"
"Solve this cryptarithm:

   WTSG
+ JQWMN
-------
  JNSXT

Each letter stands for a unique digit (0-9). No leading letter can be zero.
Provide a comma separated mapping from letters to digits that satisfies the equation in your final answer. Output format: ""A=1,B=2,C=3"" (without quotes)
","G=3,J=1,M=8,N=9,Q=5,S=7,T=2,W=4,X=6"
"Solve this cryptarithm:

   WIU
  EGUO
+ HGEG
------
  GGDH

Each letter stands for a unique digit (0-9). No leading letter can be zero.
Provide a comma separated mapping from letters to digits that satisfies the equation in your final answer. Output format: ""A=1,B=2,C=3"" (without quotes)
","D=8,E=2,G=9,H=6,I=5,O=7,U=0,W=1"
"Solve this cryptarithm:

   QRTUR
   RWUKM
+   RXWM
--------
  BBUBBR

Each letter stands for a unique digit (0-9). No leading letter can be zero.
Provide a comma separated mapping from letters to digits that satisfies the equation in your final answer. Output format: ""A=1,B=2,C=3"" (without quotes)
","B=1,K=9,M=5,Q=2,R=7,T=0,U=3,W=8,X=6"
"Solve this cryptarithm:

   NNN
   PHX
+ BXNH
------
  JQQY

Each letter stands for a unique digit (0-9). No leading letter can be zero.
Provide a comma separated mapping from letters to digits that satisfies the equation in your final answer. Output format: ""A=1,B=2,C=3"" (without quotes)
","B=6,H=1,J=8,N=5,P=9,Q=2,X=7,Y=3"
"Solve this cryptarithm:

  TOAN
+  OAA
------
  OTJA

Each letter stands for a unique digit (0-9). No leading letter can be zero.
Provide a comma separated mapping from letters to digits that satisfies the equation in your final answer. Output format: ""A=1,B=2,C=3"" (without quotes)
","A=6,J=2,N=0,O=8,T=7"
"Solve this cryptarithm:

   MTP
   PEK
+  TCC
------
  PKTA

Each letter stands for a unique digit (0-9). No leading letter can be zero.
Provide a comma separated mapping from letters to digits that satisfies the equation in your final answer. Output format: ""A=1,B=2,C=3"" (without quotes)
","A=7,C=6,E=4,K=0,M=3,P=1,T=5"
"Solve this cryptarithm:

    ZOO
+ MAFZZ
-------
  MACFF

Each letter stands for a unique digit (0-9). No leading letter can be zero.
Provide a comma separated mapping from letters to digits that satisfies the equation in your final answer. Output format: ""A=1,B=2,C=3"" (without quotes)
","A=0,C=8,F=6,M=1,O=4,Z=2"
"Solve this cryptarithm:

     OOS
   HDLID
+  IIILG
--------
  SJDZCZ

Each letter stands for a unique digit (0-9). No leading letter can be zero.
Provide a comma separated mapping from letters to digits that satisfies the equation in your final answer. Output format: ""A=1,B=2,C=3"" (without quotes)
","C=2,D=3,G=0,H=7,I=8,J=6,L=5,O=9,S=1,Z=4"
"Solve this cryptarithm:

   WUEU
+ UGCCU
-------
  CVGWV

Each letter stands for a unique digit (0-9). No leading letter can be zero.
Provide a comma separated mapping from letters to digits that satisfies the equation in your final answer. Output format: ""A=1,B=2,C=3"" (without quotes)
","C=7,E=0,G=3,U=6,V=2,W=8"
"Solve this cryptarithm:

  FMGI
+ FEGI
------
  MEHG

Each letter stands for a unique digit (0-9). No leading letter can be zero.
Provide a comma separated mapping from letters to digits that satisfies the equation in your final answer. Output format: ""A=1,B=2,C=3"" (without quotes)
","E=2,F=4,G=6,H=3,I=8,M=9"
"Solve this cryptarithm:

    AEG
    AER
+ BMECE
-------
  EIERG

Each letter stands for a unique digit (0-9). No leading letter can be zero.
Provide a comma separated mapping from letters to digits that satisfies the equation in your final answer. Output format: ""A=1,B=2,C=3"" (without quotes)
","A=5,B=1,C=3,E=2,G=6,I=0,M=9,R=8"
"Solve this cryptarithm:

   GNHM
  LLXMV
+   MNL
-------
  UVQVU

Each letter stands for a unique digit (0-9). No leading letter can be zero.
Provide a comma separated mapping from letters to digits that satisfies the equation in your final answer. Output format: ""A=1,B=2,C=3"" (without quotes)
","G=2,H=6,L=7,M=1,N=3,Q=4,U=8,V=0,X=9"
"Solve this cryptarithm:

   EDK
+ EKMD
------
  LZXM

Each letter stands for a unique digit (0-9). No leading letter can be zero.
Provide a comma separated mapping from letters to digits that satisfies the equation in your final answer. Output format: ""A=1,B=2,C=3"" (without quotes)
","D=4,E=6,K=9,L=7,M=3,X=8,Z=5"
"Solve this cryptarithm:

   XDU
+  GAA
------
  LXXL

Each letter stands for a unique digit (0-9). No leading letter can be zero.
Provide a comma separated mapping from letters to digits that satisfies the equation in your final answer. Output format: ""A=1,B=2,C=3"" (without quotes)
","A=8,D=5,G=9,L=1,U=3,X=4"
"Solve this cryptarithm:

  EBWEE
+   QMB
-------
  EBEHQ

Each letter stands for a unique digit (0-9). No leading letter can be zero.
Provide a comma separated mapping from letters to digits that satisfies the equation in your final answer. Output format: ""A=1,B=2,C=3"" (without quotes)
","B=8,E=6,H=0,M=3,Q=4,W=1"
"Solve this cryptarithm:

  ZSQU
+  ZDZ
------
  DFNH

Each letter stands for a unique digit (0-9). No leading letter can be zero.
Provide a comma separated mapping from letters to digits that satisfies the equation in your final answer. Output format: ""A=1,B=2,C=3"" (without quotes)
","D=5,F=2,H=3,N=6,Q=0,S=8,U=9,Z=4"
"Solve this cryptarithm:

  DGDY
+  WDG
------
  DXYF

Each letter stands for a unique digit (0-9). No leading letter can be zero.
Provide a comma separated mapping from letters to digits that satisfies the equation in your final answer. Output format: ""A=1,B=2,C=3"" (without quotes)
","D=2,F=5,G=1,W=8,X=9,Y=4"
"Solve this cryptarithm:

  COIOO
+  OFQA
-------
  MJBOH

Each letter stands for a unique digit (0-9). No leading letter can be zero.
Provide a comma separated mapping from letters to digits that satisfies the equation in your final answer. Output format: ""A=1,B=2,C=3"" (without quotes)
","A=7,B=4,C=1,F=3,H=5,I=0,J=6,M=2,O=8,Q=9"
"Solve this cryptarithm:

  NDINT
+ NTBTQ
-------
  DHNQT

Each letter stands for a unique digit (0-9). No leading letter can be zero.
Provide a comma separated mapping from letters to digits that satisfies the equation in your final answer. Output format: ""A=1,B=2,C=3"" (without quotes)
","B=2,D=9,H=5,I=1,N=4,Q=0,T=6"
"Solve this cryptarithm:

   ZFFAL
   ACYBT
+    ZHY
--------
  BBCFHL

Each letter stands for a unique digit (0-9). No leading letter can be zero.
Provide a comma separated mapping from letters to digits that satisfies the equation in your final answer. Output format: ""A=1,B=2,C=3"" (without quotes)
","A=8,B=1,C=4,F=9,H=6,L=0,T=3,Y=7,Z=2"
"Solve this cryptarithm:

   MLHZ
   EEXL
+  JGTP
-------
  GJPTJ

Each letter stands for a unique digit (0-9). No leading letter can be zero.
Provide a comma separated mapping from letters to digits that satisfies the equation in your final answer. Output format: ""A=1,B=2,C=3"" (without quotes)
","E=3,G=1,H=2,J=9,L=0,M=7,P=5,T=6,X=8,Z=4"
"Solve this cryptarithm:

  FOFAS
+   ZEO
-------
  FLBZE

Each letter stands for a unique digit (0-9). No leading letter can be zero.
Provide a comma separated mapping from letters to digits that satisfies the equation in your final answer. Output format: ""A=1,B=2,C=3"" (without quotes)
","A=6,B=0,E=2,F=1,L=8,O=7,S=5,Z=9"
"Solve this cryptarithm:

  AFSS
   WVU
+  SWV
------
  YSFX

Each letter stands for a unique digit (0-9). No leading letter can be zero.
Provide a comma separated mapping from letters to digits that satisfies the equation in your final answer. Output format: ""A=1,B=2,C=3"" (without quotes)
","A=5,F=1,S=9,U=0,V=4,W=7,X=3,Y=6"
"Solve this cryptarithm:

  SUU
+ XMJ
-----
  GEU

Each letter stands for a unique digit (0-9). No leading letter can be zero.
Provide a comma separated mapping from letters to digits that satisfies the equation in your final answer. Output format: ""A=1,B=2,C=3"" (without quotes)
","E=4,G=7,J=0,M=8,S=5,U=6,X=1"
"Solve this cryptarithm:

   DHE
  XHHE
+ MEEP
------
  QBBE

Each letter stands for a unique digit (0-9). No leading letter can be zero.
Provide a comma separated mapping from letters to digits that satisfies the equation in your final answer. Output format: ""A=1,B=2,C=3"" (without quotes)
","B=6,D=2,E=3,H=1,M=4,P=7,Q=9,X=5"
"Solve this cryptarithm:

  SBHU
   DSQ
+  BRB
------
  HGUP

Each letter stands for a unique digit (0-9). No leading letter can be zero.
Provide a comma separated mapping from letters to digits that satisfies the equation in your final answer. Output format: ""A=1,B=2,C=3"" (without quotes)
","B=4,D=7,G=6,H=2,P=5,Q=8,R=9,S=1,U=3"
"Solve this cryptarithm:

  XADWD
  YANWX
+   SAS
-------
  PNYYY

Each letter stands for a unique digit (0-9). No leading letter can be zero.
Provide a comma separated mapping from letters to digits that satisfies the equation in your final answer. Output format: ""A=1,B=2,C=3"" (without quotes)
","A=0,D=7,N=1,P=5,S=4,W=6,X=2,Y=3"
"Solve this cryptarithm:

   BBU
+  LVV
------
  FPBY

Each letter stands for a unique digit (0-9). No leading letter can be zero.
Provide a comma separated mapping from letters to digits that satisfies the equation in your final answer. Output format: ""A=1,B=2,C=3"" (without quotes)
","B=4,F=1,L=5,P=0,U=8,V=9,Y=7"
"Solve this cryptarithm:

  XMDXG
    QRR
+   NZM
-------
  XQZQI

Each letter stands for a unique digit (0-9). No leading letter can be zero.
Provide a comma separated mapping from letters to digits that satisfies the equation in your final answer. Output format: ""A=1,B=2,C=3"" (without quotes)
","D=0,G=9,I=8,M=3,N=7,Q=4,R=6,X=5,Z=2"
"Solve this cryptarithm:

  OEVTZ
+  MKEI
-------
  OITVO

Each letter stands for a unique digit (0-9). No leading letter can be zero.
Provide a comma separated mapping from letters to digits that satisfies the equation in your final answer. Output format: ""A=1,B=2,C=3"" (without quotes)
","E=2,I=8,K=7,M=5,O=1,T=6,V=9,Z=3"
"Solve this cryptarithm:

    ZZLE
   LNOLO
+   LUMN
--------
  NMOLLN

Each letter stands for a unique digit (0-9). No leading letter can be zero.
Provide a comma separated mapping from letters to digits that satisfies the equation in your final answer. Output format: ""A=1,B=2,C=3"" (without quotes)
","E=4,L=9,M=0,N=1,O=6,U=7,Z=5"
"Solve this cryptarithm:

   GQFLV
   FQLGQ
+  IQIIF
--------
  DTDWFD

Each letter stands for a unique digit (0-9). No leading letter can be zero.
Provide a comma separated mapping from letters to digits that satisfies the equation in your final answer. Output format: ""A=1,B=2,C=3"" (without quotes)
","D=1,F=6,G=9,I=2,L=4,Q=0,T=7,V=5,W=3"
"Solve this cryptarithm:

   TYYY
  TTXTS
+   KXI
-------
  KVIRS

Each letter stands for a unique digit (0-9). No leading letter can be zero.
Provide a comma separated mapping from letters to digits that satisfies the equation in your final answer. Output format: ""A=1,B=2,C=3"" (without quotes)
","I=3,K=5,R=1,S=8,T=4,V=0,X=9,Y=7"
"Solve this cryptarithm:

   KMVQM
   ZWVVZ
+    KWM
--------
  VOZWMN

Each letter stands for a unique digit (0-9). No leading letter can be zero.
Provide a comma separated mapping from letters to digits that satisfies the equation in your final answer. Output format: ""A=1,B=2,C=3"" (without quotes)
","K=8,M=6,N=9,O=5,Q=4,V=1,W=0,Z=7"
"Solve this cryptarithm:

  PZVKP
+  PUUN
-------
  ZVVZK

Each letter stands for a unique digit (0-9). No leading letter can be zero.
Provide a comma separated mapping from letters to digits that satisfies the equation in your final answer. Output format: ""A=1,B=2,C=3"" (without quotes)
","K=6,N=2,P=4,U=9,V=0,Z=5"
"Solve this cryptarithm:

  HVTRF
+   RHV
-------
  HVXXH

Each letter stands for a unique digit (0-9). No leading letter can be zero.
Provide a comma separated mapping from letters to digits that satisfies the equation in your final answer. Output format: ""A=1,B=2,C=3"" (without quotes)
","F=4,H=1,R=3,T=2,V=7,X=5"
"Solve this cryptarithm:

    EJG
+ FRUJZ
-------
  FUREE

Each letter stands for a unique digit (0-9). No leading letter can be zero.
Provide a comma separated mapping from letters to digits that satisfies the equation in your final answer. Output format: ""A=1,B=2,C=3"" (without quotes)
","E=8,F=2,G=3,J=9,R=6,U=7,Z=5"
"Solve this cryptarithm:

  UCAPL
  WACOL
+   NLK
-------
  OPPAA

Each letter stands for a unique digit (0-9). No leading letter can be zero.
Provide a comma separated mapping from letters to digits that satisfies the equation in your final answer. Output format: ""A=1,B=2,C=3"" (without quotes)
","A=2,C=4,K=0,L=6,N=9,O=8,P=7,U=3,W=5"
"Solve this cryptarithm:

  FEDSS
+ DEFFV
-------
  SESVE

Each letter stands for a unique digit (0-9). No leading letter can be zero.
Provide a comma separated mapping from letters to digits that satisfies the equation in your final answer. Output format: ""A=1,B=2,C=3"" (without quotes)
","D=3,E=0,F=1,S=4,V=6"
"Solve this cryptarithm:

  QBRPH
  DDKBH
+ RMRKH
-------
  MQRRQ

Each letter stands for a unique digit (0-9). No leading letter can be zero.
Provide a comma separated mapping from letters to digits that satisfies the equation in your final answer. Output format: ""A=1,B=2,C=3"" (without quotes)
","B=9,D=3,H=7,K=6,M=8,P=5,Q=1,R=2"
"Solve this cryptarithm:

   DJPO
   OJQD
+  QJXV
-------
  RUQPJ

Each letter stands for a unique digit (0-9). No leading letter can be zero.
Provide a comma separated mapping from letters to digits that satisfies the equation in your final answer. Output format: ""A=1,B=2,C=3"" (without quotes)
","D=5,J=4,O=9,P=2,Q=3,R=1,U=8,V=0,X=6"
"Solve this cryptarithm:

  ELSDL
   QIDH
+   EHO
-------
  SLKSS

Each letter stands for a unique digit (0-9). No leading letter can be zero.
Provide a comma separated mapping from letters to digits that satisfies the equation in your final answer. Output format: ""A=1,B=2,C=3"" (without quotes)
","D=6,E=3,H=1,I=2,K=0,L=8,O=5,Q=9,S=4"
"Solve this cryptarithm:

   WWPP
+ ETIFI
-------
  EPNFN

Each letter stands for a unique digit (0-9). No leading letter can be zero.
Provide a comma separated mapping from letters to digits that satisfies the equation in your final answer. Output format: ""A=1,B=2,C=3"" (without quotes)
","E=4,F=3,I=6,N=5,P=9,T=0,W=8"
"Solve this cryptarithm:

    GTX
+ VTBGD
-------
  VTQVV

Each letter stands for a unique digit (0-9). No leading letter can be zero.
Provide a comma separated mapping from letters to digits that satisfies the equation in your final answer. Output format: ""A=1,B=2,C=3"" (without quotes)
","B=7,D=3,G=2,Q=9,T=6,V=8,X=5"
"Solve this cryptarithm:

     CCL
   NZCLU
+  UTCCT
--------
  TLODGL

Each letter stands for a unique digit (0-9). No leading letter can be zero.
Provide a comma separated mapping from letters to digits that satisfies the equation in your final answer. Output format: ""A=1,B=2,C=3"" (without quotes)
","C=8,D=6,G=0,L=3,N=4,O=5,T=1,U=9,Z=2"
"Solve this cryptarithm:

  NXENV
   XNMV
+   NEE
-------
  MZNNM

Each letter stands for a unique digit (0-9). No leading letter can be zero.
Provide a comma separated mapping from letters to digits that satisfies the equation in your final answer. Output format: ""A=1,B=2,C=3"" (without quotes)
","E=2,M=8,N=7,V=3,X=5,Z=1"
"Solve this cryptarithm:

   DXXD
+ MFLHJ
-------
  AFAFE

Each letter stands for a unique digit (0-9). No leading letter can be zero.
Provide a comma separated mapping from letters to digits that satisfies the equation in your final answer. Output format: ""A=1,B=2,C=3"" (without quotes)
","A=4,D=9,E=0,F=6,H=7,J=1,L=5,M=3,X=8"
"Solve this cryptarithm:

    YSB
   NSLY
+ YNSBB
-------
  SIISQ

Each letter stands for a unique digit (0-9). No leading letter can be zero.
Provide a comma separated mapping from letters to digits that satisfies the equation in your final answer. Output format: ""A=1,B=2,C=3"" (without quotes)
","B=3,I=0,L=6,N=9,Q=1,S=7,Y=5"
"Solve this cryptarithm:

    MYJ
+ MZPUN
-------
  MZMJU

Each letter stands for a unique digit (0-9). No leading letter can be zero.
Provide a comma separated mapping from letters to digits that satisfies the equation in your final answer. Output format: ""A=1,B=2,C=3"" (without quotes)
","J=8,M=5,N=6,P=0,U=4,Y=3,Z=9"
"Solve this cryptarithm:

   EGGSL
   JJESA
+   EWZL
--------
  KLZJRG

Each letter stands for a unique digit (0-9). No leading letter can be zero.
Provide a comma separated mapping from letters to digits that satisfies the equation in your final answer. Output format: ""A=1,B=2,C=3"" (without quotes)
","A=0,E=9,G=8,J=3,K=1,L=4,R=6,S=7,W=5,Z=2"
"Solve this cryptarithm:

  NLNGC
    KRN
+   HXV
-------
  NVCRM

Each letter stands for a unique digit (0-9). No leading letter can be zero.
Provide a comma separated mapping from letters to digits that satisfies the equation in your final answer. Output format: ""A=1,B=2,C=3"" (without quotes)
","C=5,G=2,H=4,K=3,L=8,M=1,N=7,R=0,V=9,X=6"
"Solve this cryptarithm:

   RIXR
    RQR
+ TZCOQ
-------
  IRIZX

Each letter stands for a unique digit (0-9). No leading letter can be zero.
Provide a comma separated mapping from letters to digits that satisfies the equation in your final answer. Output format: ""A=1,B=2,C=3"" (without quotes)
","C=6,I=2,O=0,Q=5,R=4,T=1,X=3,Z=9"
"Solve this cryptarithm:

    JJU
+  JUUW
-------
  GPUGR

Each letter stands for a unique digit (0-9). No leading letter can be zero.
Provide a comma separated mapping from letters to digits that satisfies the equation in your final answer. Output format: ""A=1,B=2,C=3"" (without quotes)
","G=1,J=9,P=0,R=6,U=2,W=4"
"Solve this cryptarithm:

  OJUOC
+  KCOA
-------
  OOUAA

Each letter stands for a unique digit (0-9). No leading letter can be zero.
Provide a comma separated mapping from letters to digits that satisfies the equation in your final answer. Output format: ""A=1,B=2,C=3"" (without quotes)
","A=6,C=0,J=1,K=2,O=3,U=5"
"Solve this cryptarithm:

   GDMM
+ TIDDL
-------
  MMDTM

Each letter stands for a unique digit (0-9). No leading letter can be zero.
Provide a comma separated mapping from letters to digits that satisfies the equation in your final answer. Output format: ""A=1,B=2,C=3"" (without quotes)
","D=9,G=8,I=6,L=0,M=5,T=4"
"Solve this cryptarithm:

  NFHCR
    NPP
+ PXNHI
-------
  ZZXXX

Each letter stands for a unique digit (0-9). No leading letter can be zero.
Provide a comma separated mapping from letters to digits that satisfies the equation in your final answer. Output format: ""A=1,B=2,C=3"" (without quotes)
","C=6,F=9,H=0,I=5,N=4,P=2,R=1,X=8,Z=7"
"Solve this cryptarithm:

  BCXFR
+   BVB
-------
  BUUBV

Each letter stands for a unique digit (0-9). No leading letter can be zero.
Provide a comma separated mapping from letters to digits that satisfies the equation in your final answer. Output format: ""A=1,B=2,C=3"" (without quotes)
","B=8,C=1,F=0,R=9,U=2,V=7,X=4"
"Solve this cryptarithm:

  AGGHA
    AZH
+   JYG
-------
  AAVVY

Each letter stands for a unique digit (0-9). No leading letter can be zero.
Provide a comma separated mapping from letters to digits that satisfies the equation in your final answer. Output format: ""A=1,B=2,C=3"" (without quotes)
","A=4,G=3,H=9,J=2,V=1,Y=6,Z=5"
"Solve this cryptarithm:

   TKMN
   NMKY
+ TRMBK
-------
  XETRE

Each letter stands for a unique digit (0-9). No leading letter can be zero.
Provide a comma separated mapping from letters to digits that satisfies the equation in your final answer. Output format: ""A=1,B=2,C=3"" (without quotes)
","B=9,E=4,K=1,M=2,N=5,R=3,T=6,X=7,Y=8"
"Solve this cryptarithm:

    OTE
+ SEZTM
-------
  SEQHO

Each letter stands for a unique digit (0-9). No leading letter can be zero.
Provide a comma separated mapping from letters to digits that satisfies the equation in your final answer. Output format: ""A=1,B=2,C=3"" (without quotes)
","E=1,H=8,M=6,O=7,Q=9,S=5,T=4,Z=2"
"Solve this cryptarithm:

   XTSTC
   XTCWF
+  WLVSH
--------
  WOHCVW

Each letter stands for a unique digit (0-9). No leading letter can be zero.
Provide a comma separated mapping from letters to digits that satisfies the equation in your final answer. Output format: ""A=1,B=2,C=3"" (without quotes)
","C=5,F=0,H=7,L=8,O=1,S=6,T=4,V=3,W=2,X=9"
"Solve this cryptarithm:

  XWBQL
   SCVM
+   XCS
-------
  SVQBQ

Each letter stands for a unique digit (0-9). No leading letter can be zero.
Provide a comma separated mapping from letters to digits that satisfies the equation in your final answer. Output format: ""A=1,B=2,C=3"" (without quotes)
","B=2,C=5,L=8,M=9,Q=4,S=7,V=1,W=3,X=6"
"Solve this cryptarithm:

   PURI
   PAWM
+ IRAAI
-------
  INPMR

Each letter stands for a unique digit (0-9). No leading letter can be zero.
Provide a comma separated mapping from letters to digits that satisfies the equation in your final answer. Output format: ""A=1,B=2,C=3"" (without quotes)
","A=2,I=6,M=8,N=7,P=3,R=0,U=9,W=4"
"Solve this cryptarithm:

  ZOOOS
+  AHHS
-------
  HAHHC

Each letter stands for a unique digit (0-9). No leading letter can be zero.
Provide a comma separated mapping from letters to digits that satisfies the equation in your final answer. Output format: ""A=1,B=2,C=3"" (without quotes)
","A=7,C=0,H=4,O=9,S=5,Z=3"
"Solve this cryptarithm:

  ZZSZZ
+   OQS
-------
  ZHGHD

Each letter stands for a unique digit (0-9). No leading letter can be zero.
Provide a comma separated mapping from letters to digits that satisfies the equation in your final answer. Output format: ""A=1,B=2,C=3"" (without quotes)
","D=9,G=2,H=6,O=8,Q=1,S=4,Z=5"
"Solve this cryptarithm:

    GOJ
+ LPLWJ
-------
  LGBBO

Each letter stands for a unique digit (0-9). No leading letter can be zero.
Provide a comma separated mapping from letters to digits that satisfies the equation in your final answer. Output format: ""A=1,B=2,C=3"" (without quotes)
","B=3,G=9,J=5,L=4,O=0,P=8,W=2"
"Solve this cryptarithm:

  DZFA
+  VAI
------
  DTFD

Each letter stands for a unique digit (0-9). No leading letter can be zero.
Provide a comma separated mapping from letters to digits that satisfies the equation in your final answer. Output format: ""A=1,B=2,C=3"" (without quotes)
","A=9,D=7,F=3,I=8,T=2,V=1,Z=0"
"Solve this cryptarithm:

   UZJTC
+  UXCUX
--------
  ZXQUKP

Each letter stands for a unique digit (0-9). No leading letter can be zero.
Provide a comma separated mapping from letters to digits that satisfies the equation in your final answer. Output format: ""A=1,B=2,C=3"" (without quotes)
","C=3,J=4,K=0,P=9,Q=7,T=2,U=8,X=6,Z=1"
"Solve this cryptarithm:

    MUH
   JXHI
+ EOXEX
-------
  EHXMU

Each letter stands for a unique digit (0-9). No leading letter can be zero.
Provide a comma separated mapping from letters to digits that satisfies the equation in your final answer. Output format: ""A=1,B=2,C=3"" (without quotes)
","E=2,H=5,I=1,J=4,M=6,O=0,U=9,X=3"
"Solve this cryptarithm:

  QQU
+ PFQ
-----
  OLG

Each letter stands for a unique digit (0-9). No leading letter can be zero.
Provide a comma separated mapping from letters to digits that satisfies the equation in your final answer. Output format: ""A=1,B=2,C=3"" (without quotes)
","F=7,G=4,L=0,O=6,P=2,Q=3,U=1"
"Solve this cryptarithm:

    ASB
+ MZBZK
-------
  MIBCB

Each letter stands for a unique digit (0-9). No leading letter can be zero.
Provide a comma separated mapping from letters to digits that satisfies the equation in your final answer. Output format: ""A=1,B=2,C=3"" (without quotes)
","A=9,B=3,C=1,I=8,K=0,M=2,S=4,Z=7"
"Solve this cryptarithm:

    UTV
  UXXLW
+   RLL
-------
  RWVLN

Each letter stands for a unique digit (0-9). No leading letter can be zero.
Provide a comma separated mapping from letters to digits that satisfies the equation in your final answer. Output format: ""A=1,B=2,C=3"" (without quotes)
","L=6,N=2,R=8,T=3,U=7,V=5,W=1,X=9"
"Solve this cryptarithm:

   BMOE
+ BMFEY
-------
  JROOO

Each letter stands for a unique digit (0-9). No leading letter can be zero.
Provide a comma separated mapping from letters to digits that satisfies the equation in your final answer. Output format: ""A=1,B=2,C=3"" (without quotes)
","B=7,E=9,F=4,J=8,M=5,O=0,R=3,Y=1"
"Solve this cryptarithm:

  ILDYY
+  NLGZ
-------
  INFEG

Each letter stands for a unique digit (0-9). No leading letter can be zero.
Provide a comma separated mapping from letters to digits that satisfies the equation in your final answer. Output format: ""A=1,B=2,C=3"" (without quotes)
","D=2,E=7,F=3,G=9,I=6,L=0,N=4,Y=8,Z=1"
"Solve this cryptarithm:

   GLEV
   WYIY
+ VLXYW
-------
  LCWIY

Each letter stands for a unique digit (0-9). No leading letter can be zero.
Provide a comma separated mapping from letters to digits that satisfies the equation in your final answer. Output format: ""A=1,B=2,C=3"" (without quotes)
","C=0,E=4,G=6,I=1,L=9,V=7,W=3,X=8,Y=5"
"Solve this cryptarithm:

  AXFK
+  KLX
------
  FWXW

Each letter stands for a unique digit (0-9). No leading letter can be zero.
Provide a comma separated mapping from letters to digits that satisfies the equation in your final answer. Output format: ""A=1,B=2,C=3"" (without quotes)
","A=4,F=5,K=3,L=2,W=1,X=8"
"Solve this cryptarithm:

   ADK
  DACI
+ DKOF
------
  AKKO

Each letter stands for a unique digit (0-9). No leading letter can be zero.
Provide a comma separated mapping from letters to digits that satisfies the equation in your final answer. Output format: ""A=1,B=2,C=3"" (without quotes)
","A=5,C=3,D=2,F=9,I=4,K=8,O=1"
"Solve this cryptarithm:

     XXI
    URXT
+  IUXTU
--------
  XEYBRY

Each letter stands for a unique digit (0-9). No leading letter can be zero.
Provide a comma separated mapping from letters to digits that satisfies the equation in your final answer. Output format: ""A=1,B=2,C=3"" (without quotes)
","B=5,E=0,I=9,R=2,T=8,U=7,X=1,Y=4"
"Solve this cryptarithm:

    FWR
+ WGQQG
-------
  WOLFG

Each letter stands for a unique digit (0-9). No leading letter can be zero.
Provide a comma separated mapping from letters to digits that satisfies the equation in your final answer. Output format: ""A=1,B=2,C=3"" (without quotes)
","F=4,G=2,L=1,O=3,Q=6,R=0,W=8"
"Solve this cryptarithm:

   RRW
   IHL
+  RSB
------
  HWSH

Each letter stands for a unique digit (0-9). No leading letter can be zero.
Provide a comma separated mapping from letters to digits that satisfies the equation in your final answer. Output format: ""A=1,B=2,C=3"" (without quotes)
","B=9,H=2,I=5,L=3,R=7,S=6,W=0"
"Solve this cryptarithm:

  VARFZ
+ CWZDV
-------
  KRKNF

Each letter stands for a unique digit (0-9). No leading letter can be zero.
Provide a comma separated mapping from letters to digits that satisfies the equation in your final answer. Output format: ""A=1,B=2,C=3"" (without quotes)
","A=3,C=1,D=5,F=0,K=9,N=6,R=7,V=8,W=4,Z=2"
"Solve this cryptarithm:

  GBRBI
+  IHCK
-------
  GGZHZ

Each letter stands for a unique digit (0-9). No leading letter can be zero.
Provide a comma separated mapping from letters to digits that satisfies the equation in your final answer. Output format: ""A=1,B=2,C=3"" (without quotes)
","B=3,C=8,G=5,H=2,I=1,K=9,R=7,Z=0"
"Solve this cryptarithm:

     CWN
   QCNFA
+  AFQQA
--------
  INOKII

Each letter stands for a unique digit (0-9). No leading letter can be zero.
Provide a comma separated mapping from letters to digits that satisfies the equation in your final answer. Output format: ""A=1,B=2,C=3"" (without quotes)
","A=8,C=3,F=0,I=1,K=6,N=5,O=4,Q=7,W=2"
"Solve this cryptarithm:

    FPDD
   UDSUS
+    FAY
--------
  DAAFDV

Each letter stands for a unique digit (0-9). No leading letter can be zero.
Provide a comma separated mapping from letters to digits that satisfies the equation in your final answer. Output format: ""A=1,B=2,C=3"" (without quotes)
","A=0,D=1,F=8,P=3,S=6,U=9,V=4,Y=7"
"Solve this cryptarithm:

   UTWD
    XGG
+ AAXHG
-------
  DWTDG

Each letter stands for a unique digit (0-9). No leading letter can be zero.
Provide a comma separated mapping from letters to digits that satisfies the equation in your final answer. Output format: ""A=1,B=2,C=3"" (without quotes)
","A=6,D=7,G=3,H=2,T=8,U=4,W=1,X=5"
"Solve this cryptarithm:

  SAMVR
+  VRHU
-------
  SGHSS

Each letter stands for a unique digit (0-9). No leading letter can be zero.
Provide a comma separated mapping from letters to digits that satisfies the equation in your final answer. Output format: ""A=1,B=2,C=3"" (without quotes)
","A=2,G=6,H=0,M=1,R=9,S=4,U=5,V=3"
"Solve this cryptarithm:

  FPGGY
   DJKC
+  PJYG
-------
  FFAPP

Each letter stands for a unique digit (0-9). No leading letter can be zero.
Provide a comma separated mapping from letters to digits that satisfies the equation in your final answer. Output format: ""A=1,B=2,C=3"" (without quotes)
","A=9,C=6,D=2,F=8,G=0,J=4,K=5,P=3,Y=7"
"Solve this cryptarithm:

  SSMMK
   SCUM
+ IKXXP
-------
  CXVMS

Each letter stands for a unique digit (0-9). No leading letter can be zero.
Provide a comma separated mapping from letters to digits that satisfies the equation in your final answer. Output format: ""A=1,B=2,C=3"" (without quotes)
","C=7,I=2,K=9,M=0,P=5,S=4,U=1,V=6,X=8"
"Solve this cryptarithm:

  NENDS
  DPAES
+  SDES
-------
  SSNDF

Each letter stands for a unique digit (0-9). No leading letter can be zero.
Provide a comma separated mapping from letters to digits that satisfies the equation in your final answer. Output format: ""A=1,B=2,C=3"" (without quotes)
","A=7,D=1,E=9,F=4,N=6,P=0,S=8"
"Solve this cryptarithm:

   AAUAQ
   JSAYN
+   JYUD
--------
  DSSKKD

Each letter stands for a unique digit (0-9). No leading letter can be zero.
Provide a comma separated mapping from letters to digits that satisfies the equation in your final answer. Output format: ""A=1,B=2,C=3"" (without quotes)
","A=2,D=1,J=7,K=5,N=6,Q=4,S=0,U=9,Y=3"
"Solve this cryptarithm:

   GOHCM
    GWBG
+  CWHHO
--------
  PWBBHH

Each letter stands for a unique digit (0-9). No leading letter can be zero.
Provide a comma separated mapping from letters to digits that satisfies the equation in your final answer. Output format: ""A=1,B=2,C=3"" (without quotes)
","B=5,C=3,G=6,H=2,M=7,O=9,P=1,W=0"
"Solve this cryptarithm:

  ESFSQ
    NFS
+ EPHFH
-------
  TDQTT

Each letter stands for a unique digit (0-9). No leading letter can be zero.
Provide a comma separated mapping from letters to digits that satisfies the equation in your final answer. Output format: ""A=1,B=2,C=3"" (without quotes)
","D=7,E=4,F=9,H=3,N=2,P=6,Q=5,S=0,T=8"
"Solve this cryptarithm:

  NCNNX
+  POTG
-------
  XXGPX

Each letter stands for a unique digit (0-9). No leading letter can be zero.
Provide a comma separated mapping from letters to digits that satisfies the equation in your final answer. Output format: ""A=1,B=2,C=3"" (without quotes)
","C=6,G=0,N=1,O=9,P=5,T=4,X=2"
"Solve this cryptarithm:

   ILVO
+ LOOSO
-------
  LLDSJ

Each letter stands for a unique digit (0-9). No leading letter can be zero.
Provide a comma separated mapping from letters to digits that satisfies the equation in your final answer. Output format: ""A=1,B=2,C=3"" (without quotes)
","D=9,I=1,J=8,L=5,O=4,S=6,V=0"
"Solve this cryptarithm:

    LGL
   EFRL
+  JGKJ
-------
  FFFGR

Each letter stands for a unique digit (0-9). No leading letter can be zero.
Provide a comma separated mapping from letters to digits that satisfies the equation in your final answer. Output format: ""A=1,B=2,C=3"" (without quotes)
","E=4,F=1,G=2,J=6,K=8,L=7,R=0"
"Solve this cryptarithm:

  QQJQC
+  WPPW
-------
  QYRAV

Each letter stands for a unique digit (0-9). No leading letter can be zero.
Provide a comma separated mapping from letters to digits that satisfies the equation in your final answer. Output format: ""A=1,B=2,C=3"" (without quotes)
","A=9,C=3,J=2,P=8,Q=1,R=0,V=7,W=4,Y=6"
"Solve this cryptarithm:

   GKVPK
   KJMMV
+   ZDJO
--------
  MJDDDM

Each letter stands for a unique digit (0-9). No leading letter can be zero.
Provide a comma separated mapping from letters to digits that satisfies the equation in your final answer. Output format: ""A=1,B=2,C=3"" (without quotes)
","D=2,G=3,J=0,K=6,M=1,O=7,P=9,V=8,Z=5"
"Solve this cryptarithm:

   TZHGR
+  HGMDG
--------
  IQDIRG

Each letter stands for a unique digit (0-9). No leading letter can be zero.
Provide a comma separated mapping from letters to digits that satisfies the equation in your final answer. Output format: ""A=1,B=2,C=3"" (without quotes)
","D=8,G=2,H=7,I=1,M=3,Q=6,R=0,T=9,Z=5"
"Solve this cryptarithm:

   XGE
   CCC
+ MXHE
------
  XMGT

Each letter stands for a unique digit (0-9). No leading letter can be zero.
Provide a comma separated mapping from letters to digits that satisfies the equation in your final answer. Output format: ""A=1,B=2,C=3"" (without quotes)
","C=5,E=6,G=0,H=4,M=2,T=7,X=3"
"Solve this cryptarithm:

    BWT
    MTL
+ TLNII
-------
  TTNPL

Each letter stands for a unique digit (0-9). No leading letter can be zero.
Provide a comma separated mapping from letters to digits that satisfies the equation in your final answer. Output format: ""A=1,B=2,C=3"" (without quotes)
","B=2,I=9,L=0,M=7,N=3,P=5,T=1,W=4"
"Solve this cryptarithm:

   XKFX
   FUXO
+  DQKU
-------
  OORAQ

Each letter stands for a unique digit (0-9). No leading letter can be zero.
Provide a comma separated mapping from letters to digits that satisfies the equation in your final answer. Output format: ""A=1,B=2,C=3"" (without quotes)
","A=3,D=6,F=9,K=8,O=2,Q=4,R=1,U=7,X=5"
"Solve this cryptarithm:

  NBMLE
+   EQC
-------
  NNIML

Each letter stands for a unique digit (0-9). No leading letter can be zero.
Provide a comma separated mapping from letters to digits that satisfies the equation in your final answer. Output format: ""A=1,B=2,C=3"" (without quotes)
","B=0,C=4,E=5,I=2,L=9,M=6,N=1,Q=7"
"Solve this cryptarithm:

   UMA
  URON
+  OMF
------
  SMNY

Each letter stands for a unique digit (0-9). No leading letter can be zero.
Provide a comma separated mapping from letters to digits that satisfies the equation in your final answer. Output format: ""A=1,B=2,C=3"" (without quotes)
","A=9,F=5,M=0,N=8,O=6,R=1,S=4,U=3,Y=2"
"Solve this cryptarithm:

   RWPW
+  GOGG
-------
  UUYOP

Each letter stands for a unique digit (0-9). No leading letter can be zero.
Provide a comma separated mapping from letters to digits that satisfies the equation in your final answer. Output format: ""A=1,B=2,C=3"" (without quotes)
","G=4,O=7,P=2,R=6,U=1,W=8,Y=5"
"Solve this cryptarithm:

  SINCE
    MEE
+  SMEC
-------
  COMCC

Each letter stands for a unique digit (0-9). No leading letter can be zero.
Provide a comma separated mapping from letters to digits that satisfies the equation in your final answer. Output format: ""A=1,B=2,C=3"" (without quotes)
","C=4,E=0,I=7,M=8,N=2,O=1,S=3"
"Solve this cryptarithm:

   FEFVF
+  VUUAU
--------
  AMIEHE

Each letter stands for a unique digit (0-9). No leading letter can be zero.
Provide a comma separated mapping from letters to digits that satisfies the equation in your final answer. Output format: ""A=1,B=2,C=3"" (without quotes)
","A=1,E=3,F=5,H=6,I=2,M=0,U=8,V=4"
"Solve this cryptarithm:

    GVM
   CMMV
+  CVOO
-------
  NGCHH

Each letter stands for a unique digit (0-9). No leading letter can be zero.
Provide a comma separated mapping from letters to digits that satisfies the equation in your final answer. Output format: ""A=1,B=2,C=3"" (without quotes)
","C=7,G=4,H=8,M=3,N=1,O=5,V=0"
"Solve this cryptarithm:

    KTA
+ TAGPG
-------
  TSXXM

Each letter stands for a unique digit (0-9). No leading letter can be zero.
Provide a comma separated mapping from letters to digits that satisfies the equation in your final answer. Output format: ""A=1,B=2,C=3"" (without quotes)
","A=4,G=3,K=6,M=7,P=9,S=5,T=1,X=0"
"Solve this cryptarithm:

   WYYHW
+  YWWTT
--------
  JJJTHW

Each letter stands for a unique digit (0-9). No leading letter can be zero.
Provide a comma separated mapping from letters to digits that satisfies the equation in your final answer. Output format: ""A=1,B=2,C=3"" (without quotes)
","H=5,J=1,T=0,W=8,Y=2"
"Solve this cryptarithm:

   CYYM
   PKGT
+  PTKT
-------
  GOYPK

Each letter stands for a unique digit (0-9). No leading letter can be zero.
Provide a comma separated mapping from letters to digits that satisfies the equation in your final answer. Output format: ""A=1,B=2,C=3"" (without quotes)
","C=9,G=1,K=6,M=0,O=8,P=4,T=3,Y=7"
"Solve this cryptarithm:

   XNQQG
     GVQ
+  QGVJV
--------
  GNSZHQ

Each letter stands for a unique digit (0-9). No leading letter can be zero.
Provide a comma separated mapping from letters to digits that satisfies the equation in your final answer. Output format: ""A=1,B=2,C=3"" (without quotes)
","G=1,H=3,J=5,N=4,Q=8,S=7,V=9,X=6,Z=0"
"Solve this cryptarithm:

    KNT
  YHTCK
+  KFHY
-------
  TNKTF

Each letter stands for a unique digit (0-9). No leading letter can be zero.
Provide a comma separated mapping from letters to digits that satisfies the equation in your final answer. Output format: ""A=1,B=2,C=3"" (without quotes)
","C=9,F=1,H=5,K=6,N=2,T=8,Y=7"
"Solve this cryptarithm:

   OLLE
+ RAIAY
-------
  RZYZE

Each letter stands for a unique digit (0-9). No leading letter can be zero.
Provide a comma separated mapping from letters to digits that satisfies the equation in your final answer. Output format: ""A=1,B=2,C=3"" (without quotes)
","A=2,E=9,I=4,L=6,O=5,R=1,Y=0,Z=8"
"Solve this cryptarithm:

   TCC
   GTF
+ LNZG
------
  CTNL

Each letter stands for a unique digit (0-9). No leading letter can be zero.
Provide a comma separated mapping from letters to digits that satisfies the equation in your final answer. Output format: ""A=1,B=2,C=3"" (without quotes)
","C=7,F=1,G=8,L=6,N=0,T=9,Z=3"
"Solve this cryptarithm:

  VRXVN
+  XRJV
-------
  VMMDJ

Each letter stands for a unique digit (0-9). No leading letter can be zero.
Provide a comma separated mapping from letters to digits that satisfies the equation in your final answer. Output format: ""A=1,B=2,C=3"" (without quotes)
","D=7,J=4,M=8,N=1,R=6,V=3,X=2"
"Solve this cryptarithm:

   IPSRH
    WZDH
+  DHNPP
--------
  GNHZIR

Each letter stands for a unique digit (0-9). No leading letter can be zero.
Provide a comma separated mapping from letters to digits that satisfies the equation in your final answer. Output format: ""A=1,B=2,C=3"" (without quotes)
","D=7,G=1,H=4,I=5,N=3,P=0,R=8,S=6,W=9,Z=2"
"Solve this cryptarithm:

    QUJ
    AKO
+ EMJMJ
-------
  EJUEJ

Each letter stands for a unique digit (0-9). No leading letter can be zero.
Provide a comma separated mapping from letters to digits that satisfies the equation in your final answer. Output format: ""A=1,B=2,C=3"" (without quotes)
","A=3,E=9,J=8,K=5,M=7,O=2,Q=4,U=6"
"Solve this cryptarithm:

  TNOMR
    RIA
+   JOO
-------
  TUAIM

Each letter stands for a unique digit (0-9). No leading letter can be zero.
Provide a comma separated mapping from letters to digits that satisfies the equation in your final answer. Output format: ""A=1,B=2,C=3"" (without quotes)
","A=7,I=0,J=1,M=2,N=3,O=6,R=9,T=8,U=4"
"Solve this cryptarithm:

  FCTXI
    YXW
+  XJDI
-------
  FITCJ

Each letter stands for a unique digit (0-9). No leading letter can be zero.
Provide a comma separated mapping from letters to digits that satisfies the equation in your final answer. Output format: ""A=1,B=2,C=3"" (without quotes)
","C=1,D=9,F=4,I=7,J=0,T=2,W=6,X=5,Y=8"
"Solve this cryptarithm:

    NSO
+ ENONF
-------
  AQOOS

Each letter stands for a unique digit (0-9). No leading letter can be zero.
Provide a comma separated mapping from letters to digits that satisfies the equation in your final answer. Output format: ""A=1,B=2,C=3"" (without quotes)
","A=3,E=2,F=1,N=9,O=6,Q=0,S=7"
"Solve this cryptarithm:

   EEPFO
   VPRUE
+    RVU
--------
  JROHPF

Each letter stands for a unique digit (0-9). No leading letter can be zero.
Provide a comma separated mapping from letters to digits that satisfies the equation in your final answer. Output format: ""A=1,B=2,C=3"" (without quotes)
","E=6,F=4,H=9,J=1,O=8,P=2,R=3,U=0,V=7"
"Solve this cryptarithm:

  KSMKQ
    MSQ
+  VCVK
-------
  KCQCM

Each letter stands for a unique digit (0-9). No leading letter can be zero.
Provide a comma separated mapping from letters to digits that satisfies the equation in your final answer. Output format: ""A=1,B=2,C=3"" (without quotes)
","C=7,K=2,M=8,Q=3,S=1,V=4"
"Solve this cryptarithm:

  RFVF
+  TVY
------
  REFL

Each letter stands for a unique digit (0-9). No leading letter can be zero.
Provide a comma separated mapping from letters to digits that satisfies the equation in your final answer. Output format: ""A=1,B=2,C=3"" (without quotes)
","E=9,F=6,L=7,R=4,T=2,V=8,Y=1"
"Solve this cryptarithm:

   SMFN
   LVFM
+ JAVVJ
-------
  NOSOL

Each letter stands for a unique digit (0-9). No leading letter can be zero.
Provide a comma separated mapping from letters to digits that satisfies the equation in your final answer. Output format: ""A=1,B=2,C=3"" (without quotes)
","A=4,F=2,J=5,L=1,M=0,N=6,O=3,S=7,V=8"
"Solve this cryptarithm:

    IWO
+ BBBJC
-------
  BBMOJ

Each letter stands for a unique digit (0-9). No leading letter can be zero.
Provide a comma separated mapping from letters to digits that satisfies the equation in your final answer. Output format: ""A=1,B=2,C=3"" (without quotes)
","B=3,C=9,I=4,J=5,M=7,O=6,W=0"
"Solve this cryptarithm:

   MYPM
    YFX
+  FNVV
-------
  XNXMQ

Each letter stands for a unique digit (0-9). No leading letter can be zero.
Provide a comma separated mapping from letters to digits that satisfies the equation in your final answer. Output format: ""A=1,B=2,C=3"" (without quotes)
","F=9,M=2,N=3,P=5,Q=0,V=7,X=1,Y=8"
"Solve this cryptarithm:

   OFPOP
   VEVVL
+   QLOP
--------
  POOFVO

Each letter stands for a unique digit (0-9). No leading letter can be zero.
Provide a comma separated mapping from letters to digits that satisfies the equation in your final answer. Output format: ""A=1,B=2,C=3"" (without quotes)
","E=8,F=4,L=3,O=5,P=1,Q=2,V=9"
"Solve this cryptarithm:

  RKK
+ QSW
-----
  WXR

Each letter stands for a unique digit (0-9). No leading letter can be zero.
Provide a comma separated mapping from letters to digits that satisfies the equation in your final answer. Output format: ""A=1,B=2,C=3"" (without quotes)
","K=8,Q=1,R=3,S=7,W=5,X=6"
"Solve this cryptarithm:

  JJSS
+  QCE
------
  JWQS

Each letter stands for a unique digit (0-9). No leading letter can be zero.
Provide a comma separated mapping from letters to digits that satisfies the equation in your final answer. Output format: ""A=1,B=2,C=3"" (without quotes)
","C=2,E=0,J=4,Q=3,S=1,W=7"
"Solve this cryptarithm:

   XWWK
+ HWNDH
-------
  XCKCX

Each letter stands for a unique digit (0-9). No leading letter can be zero.
Provide a comma separated mapping from letters to digits that satisfies the equation in your final answer. Output format: ""A=1,B=2,C=3"" (without quotes)
","C=5,D=9,H=7,K=1,N=4,W=6,X=8"
"Solve this cryptarithm:

   OJB
+ XXWE
------
  WGEG

Each letter stands for a unique digit (0-9). No leading letter can be zero.
Provide a comma separated mapping from letters to digits that satisfies the equation in your final answer. Output format: ""A=1,B=2,C=3"" (without quotes)
","B=4,E=1,G=5,J=2,O=6,W=9,X=8"
"Solve this cryptarithm:

  BHXD
+  UHU
------
  EVHH

Each letter stands for a unique digit (0-9). No leading letter can be zero.
Provide a comma separated mapping from letters to digits that satisfies the equation in your final answer. Output format: ""A=1,B=2,C=3"" (without quotes)
","B=1,D=6,E=2,H=4,U=8,V=3,X=9"
"Solve this cryptarithm:

   GPHS
    HQZ
+ VZQQL
-------
  SVGVS

Each letter stands for a unique digit (0-9). No leading letter can be zero.
Provide a comma separated mapping from letters to digits that satisfies the equation in your final answer. Output format: ""A=1,B=2,C=3"" (without quotes)
","G=3,H=7,L=1,P=6,Q=8,S=5,V=4,Z=9"
"Solve this cryptarithm:

  MHSTS
+ MHNTH
-------
  SMHSS

Each letter stands for a unique digit (0-9). No leading letter can be zero.
Provide a comma separated mapping from letters to digits that satisfies the equation in your final answer. Output format: ""A=1,B=2,C=3"" (without quotes)
","H=0,M=1,N=7,S=2,T=6"
"Solve this cryptarithm:

  TVVR
+  NNO
------
  TOOE

Each letter stands for a unique digit (0-9). No leading letter can be zero.
Provide a comma separated mapping from letters to digits that satisfies the equation in your final answer. Output format: ""A=1,B=2,C=3"" (without quotes)
","E=9,N=2,O=5,R=4,T=6,V=3"
"Solve this cryptarithm:

    PJC
+ EJMCR
-------
  EJEXC

Each letter stands for a unique digit (0-9). No leading letter can be zero.
Provide a comma separated mapping from letters to digits that satisfies the equation in your final answer. Output format: ""A=1,B=2,C=3"" (without quotes)
","C=8,E=7,J=6,M=1,P=5,R=0,X=4"
"Solve this cryptarithm:

  MBDEA
+  BIDI
-------
  MIBDJ

Each letter stands for a unique digit (0-9). No leading letter can be zero.
Provide a comma separated mapping from letters to digits that satisfies the equation in your final answer. Output format: ""A=1,B=2,C=3"" (without quotes)
","A=2,B=3,D=6,E=0,I=7,J=9,M=8"
"Solve this cryptarithm:

    EDW
  SDDBE
+   XGO
-------
  SGODN

Each letter stands for a unique digit (0-9). No leading letter can be zero.
Provide a comma separated mapping from letters to digits that satisfies the equation in your final answer. Output format: ""A=1,B=2,C=3"" (without quotes)
","B=1,D=8,E=2,G=9,N=6,O=4,S=7,W=0,X=3"
"Solve this cryptarithm:

   PVRT
+ KDTZN
-------
  PZZFP

Each letter stands for a unique digit (0-9). No leading letter can be zero.
Provide a comma separated mapping from letters to digits that satisfies the equation in your final answer. Output format: ""A=1,B=2,C=3"" (without quotes)
","D=7,F=1,K=3,N=9,P=4,R=8,T=5,V=6,Z=2"
"Solve this cryptarithm:

   MCKUV
   BQYVB
+    WBW
--------
  KCBBVB

Each letter stands for a unique digit (0-9). No leading letter can be zero.
Provide a comma separated mapping from letters to digits that satisfies the equation in your final answer. Output format: ""A=1,B=2,C=3"" (without quotes)
","B=9,C=3,K=1,M=4,Q=6,U=0,V=8,W=2,Y=5"
"Solve this cryptarithm:

   WHKYG
+  SWYGX
--------
  YWYWXW

Each letter stands for a unique digit (0-9). No leading letter can be zero.
Provide a comma separated mapping from letters to digits that satisfies the equation in your final answer. Output format: ""A=1,B=2,C=3"" (without quotes)
","G=6,H=7,K=3,S=9,W=4,X=8,Y=1"
"Solve this cryptarithm:

    CCA
    QII
+  CCCM
-------
  MMQNR

Each letter stands for a unique digit (0-9). No leading letter can be zero.
Provide a comma separated mapping from letters to digits that satisfies the equation in your final answer. Output format: ""A=1,B=2,C=3"" (without quotes)
","A=2,C=9,I=7,M=1,N=6,Q=4,R=0"
"Solve this cryptarithm:

   YTU
+ HGAN
------
  UZZH

Each letter stands for a unique digit (0-9). No leading letter can be zero.
Provide a comma separated mapping from letters to digits that satisfies the equation in your final answer. Output format: ""A=1,B=2,C=3"" (without quotes)
","A=0,G=7,H=4,N=9,T=2,U=5,Y=6,Z=3"
"Solve this cryptarithm:

  YBYB
+  BLL
------
  YRRF

Each letter stands for a unique digit (0-9). No leading letter can be zero.
Provide a comma separated mapping from letters to digits that satisfies the equation in your final answer. Output format: ""A=1,B=2,C=3"" (without quotes)
","B=4,F=5,L=1,R=8,Y=7"
"Solve this cryptarithm:

   RTI
+  TIF
------
  TLTA

Each letter stands for a unique digit (0-9). No leading letter can be zero.
Provide a comma separated mapping from letters to digits that satisfies the equation in your final answer. Output format: ""A=1,B=2,C=3"" (without quotes)
","A=3,F=4,I=9,L=0,R=8,T=1"
"Solve this cryptarithm:

   RGR
+  TIR
------
  JZMA

Each letter stands for a unique digit (0-9). No leading letter can be zero.
Provide a comma separated mapping from letters to digits that satisfies the equation in your final answer. Output format: ""A=1,B=2,C=3"" (without quotes)
","A=4,G=8,I=6,J=1,M=5,R=7,T=2,Z=0"
"Solve this cryptarithm:

  PPXFQ
+   BGB
-------
  PPQXE

Each letter stands for a unique digit (0-9). No leading letter can be zero.
Provide a comma separated mapping from letters to digits that satisfies the equation in your final answer. Output format: ""A=1,B=2,C=3"" (without quotes)
","B=3,E=2,F=6,G=8,P=7,Q=9,X=5"
"Solve this cryptarithm:

   TKG
  VNTU
+  GBU
------
  BDSG

Each letter stands for a unique digit (0-9). No leading letter can be zero.
Provide a comma separated mapping from letters to digits that satisfies the equation in your final answer. Output format: ""A=1,B=2,C=3"" (without quotes)
","B=4,D=8,G=2,K=0,N=9,S=1,T=6,U=5,V=3"
"Solve this cryptarithm:

    PEC
   CIEI
+  CJCC
-------
  LCDDS

Each letter stands for a unique digit (0-9). No leading letter can be zero.
Provide a comma separated mapping from letters to digits that satisfies the equation in your final answer. Output format: ""A=1,B=2,C=3"" (without quotes)
","C=9,D=3,E=6,I=2,J=5,L=1,P=4,S=0"
"Solve this cryptarithm:

  TPNP
+  VIP
------
  TSNN

Each letter stands for a unique digit (0-9). No leading letter can be zero.
Provide a comma separated mapping from letters to digits that satisfies the equation in your final answer. Output format: ""A=1,B=2,C=3"" (without quotes)
","I=0,N=6,P=3,S=4,T=8,V=1"
"Solve this cryptarithm:

  JDP
+ DFC
-----
  TKF

Each letter stands for a unique digit (0-9). No leading letter can be zero.
Provide a comma separated mapping from letters to digits that satisfies the equation in your final answer. Output format: ""A=1,B=2,C=3"" (without quotes)
","C=9,D=4,F=5,J=3,K=0,P=6,T=8"
"Solve this cryptarithm:

  DDAZF
   AWVD
+  ADJF
-------
  AURDF

Each letter stands for a unique digit (0-9). No leading letter can be zero.
Provide a comma separated mapping from letters to digits that satisfies the equation in your final answer. Output format: ""A=1,B=2,C=3"" (without quotes)
","A=9,D=7,F=3,J=1,R=8,U=6,V=0,W=2,Z=5"
"Solve this cryptarithm:

  ARISS
   BXFY
+   XYR
-------
  AHFIL

Each letter stands for a unique digit (0-9). No leading letter can be zero.
Provide a comma separated mapping from letters to digits that satisfies the equation in your final answer. Output format: ""A=1,B=2,C=3"" (without quotes)
","A=8,B=7,F=2,H=9,I=6,L=5,R=1,S=4,X=3,Y=0"
"Solve this cryptarithm:

   XWE
+  XFF
------
  FGFZ

Each letter stands for a unique digit (0-9). No leading letter can be zero.
Provide a comma separated mapping from letters to digits that satisfies the equation in your final answer. Output format: ""A=1,B=2,C=3"" (without quotes)
","E=4,F=1,G=6,W=0,X=8,Z=5"
"Solve this cryptarithm:

  ZBNM
  AIUI
+ AZUU
------
  UMFZ

Each letter stands for a unique digit (0-9). No leading letter can be zero.
Provide a comma separated mapping from letters to digits that satisfies the equation in your final answer. Output format: ""A=1,B=2,C=3"" (without quotes)
","A=1,B=9,F=7,I=2,M=5,N=4,U=6,Z=3"
"Solve this cryptarithm:

   NQCA
   NJCQ
+ JNJAV
-------
  JXJNL

Each letter stands for a unique digit (0-9). No leading letter can be zero.
Provide a comma separated mapping from letters to digits that satisfies the equation in your final answer. Output format: ""A=1,B=2,C=3"" (without quotes)
","A=3,C=4,J=9,L=1,N=2,Q=0,V=8,X=7"
"Solve this cryptarithm:

   BZV
+ ZYQZ
------
  ZBBQ

Each letter stands for a unique digit (0-9). No leading letter can be zero.
Provide a comma separated mapping from letters to digits that satisfies the equation in your final answer. Output format: ""A=1,B=2,C=3"" (without quotes)
","B=7,Q=4,V=1,Y=0,Z=3"
"Solve this cryptarithm:

  EZZRA
+  HPHP
-------
  EHJZJ

Each letter stands for a unique digit (0-9). No leading letter can be zero.
Provide a comma separated mapping from letters to digits that satisfies the equation in your final answer. Output format: ""A=1,B=2,C=3"" (without quotes)
","A=1,E=9,H=7,J=6,P=5,R=3,Z=0"
"Solve this cryptarithm:

  HIRU
+  UIU
------
  ITIF

Each letter stands for a unique digit (0-9). No leading letter can be zero.
Provide a comma separated mapping from letters to digits that satisfies the equation in your final answer. Output format: ""A=1,B=2,C=3"" (without quotes)
","F=4,H=1,I=2,R=9,T=0,U=7"
"Solve this cryptarithm:

   FAO
   HOO
+  ADE
------
  MHME

Each letter stands for a unique digit (0-9). No leading letter can be zero.
Provide a comma separated mapping from letters to digits that satisfies the equation in your final answer. Output format: ""A=1,B=2,C=3"" (without quotes)
","A=6,D=9,E=0,F=2,H=8,M=1,O=5"
"Solve this cryptarithm:

     ZFZ
   QFGQQ
+  YEQFG
--------
  VXFYFQ

Each letter stands for a unique digit (0-9). No leading letter can be zero.
Provide a comma separated mapping from letters to digits that satisfies the equation in your final answer. Output format: ""A=1,B=2,C=3"" (without quotes)
","E=9,F=3,G=2,Q=6,V=1,X=4,Y=7,Z=8"
"Solve this cryptarithm:

   RQYM
   QRAL
+ TYMAB
-------
  CTVYY

Each letter stands for a unique digit (0-9). No leading letter can be zero.
Provide a comma separated mapping from letters to digits that satisfies the equation in your final answer. Output format: ""A=1,B=2,C=3"" (without quotes)
","A=5,B=3,C=8,L=4,M=2,Q=1,R=6,T=7,V=0,Y=9"
"Solve this cryptarithm:

   TKG
  MXXT
+  BIW
------
  YYWG

Each letter stands for a unique digit (0-9). No leading letter can be zero.
Provide a comma separated mapping from letters to digits that satisfies the equation in your final answer. Output format: ""A=1,B=2,C=3"" (without quotes)
","B=4,G=3,I=8,K=0,M=5,T=9,W=1,X=2,Y=6"
"Solve this cryptarithm:

  MAZNM
+ NEAZS
-------
  YYMEJ

Each letter stands for a unique digit (0-9). No leading letter can be zero.
Provide a comma separated mapping from letters to digits that satisfies the equation in your final answer. Output format: ""A=1,B=2,C=3"" (without quotes)
","A=3,E=2,J=9,M=1,N=5,S=8,Y=6,Z=7"
"Solve this cryptarithm:

   ADKAC
   PPDTK
+  KYYYC
--------
  KYPKKP

Each letter stands for a unique digit (0-9). No leading letter can be zero.
Provide a comma separated mapping from letters to digits that satisfies the equation in your final answer. Output format: ""A=1,B=2,C=3"" (without quotes)
","A=3,C=2,D=9,K=1,P=5,T=8,Y=0"
"Solve this cryptarithm:

  DIOOI
+  JZVD
-------
  DJJED

Each letter stands for a unique digit (0-9). No leading letter can be zero.
Provide a comma separated mapping from letters to digits that satisfies the equation in your final answer. Output format: ""A=1,B=2,C=3"" (without quotes)
","D=8,E=9,I=0,J=7,O=5,V=4,Z=2"
"Solve this cryptarithm:

  JPAJA
    JFY
+  IIIP
-------
  JUAFF

Each letter stands for a unique digit (0-9). No leading letter can be zero.
Provide a comma separated mapping from letters to digits that satisfies the equation in your final answer. Output format: ""A=1,B=2,C=3"" (without quotes)
","A=7,F=1,I=3,J=6,P=4,U=8,Y=0"
"Solve this cryptarithm:

  GQNBK
+  WWDK
-------
  NQGKY

Each letter stands for a unique digit (0-9). No leading letter can be zero.
Provide a comma separated mapping from letters to digits that satisfies the equation in your final answer. Output format: ""A=1,B=2,C=3"" (without quotes)
","B=1,D=3,G=5,K=4,N=6,Q=7,W=9,Y=8"
"Solve this cryptarithm:

   CDC
   AMC
+ XABB
------
  BAAB

Each letter stands for a unique digit (0-9). No leading letter can be zero.
Provide a comma separated mapping from letters to digits that satisfies the equation in your final answer. Output format: ""A=1,B=2,C=3"" (without quotes)
","A=4,B=2,C=5,D=3,M=8,X=1"
"Solve this cryptarithm:

  LKXX
   GRS
+ XJXG
------
  EVEK

Each letter stands for a unique digit (0-9). No leading letter can be zero.
Provide a comma separated mapping from letters to digits that satisfies the equation in your final answer. Output format: ""A=1,B=2,C=3"" (without quotes)
","E=8,G=2,J=6,K=7,L=3,R=0,S=1,V=5,X=4"
"Solve this cryptarithm:

   WPA
  AAHN
+  OHS
------
  TPPT

Each letter stands for a unique digit (0-9). No leading letter can be zero.
Provide a comma separated mapping from letters to digits that satisfies the equation in your final answer. Output format: ""A=1,B=2,C=3"" (without quotes)
","A=3,H=5,N=1,O=7,P=9,S=0,T=4,W=8"
"Solve this cryptarithm:

  UCMBU
+  CORP
-------
  UOUCO

Each letter stands for a unique digit (0-9). No leading letter can be zero.
Provide a comma separated mapping from letters to digits that satisfies the equation in your final answer. Output format: ""A=1,B=2,C=3"" (without quotes)
","B=3,C=4,M=8,O=9,P=2,R=1,U=7"
"Solve this cryptarithm:

   KXKZ
+  XAJJ
-------
  ZZJAK

Each letter stands for a unique digit (0-9). No leading letter can be zero.
Provide a comma separated mapping from letters to digits that satisfies the equation in your final answer. Output format: ""A=1,B=2,C=3"" (without quotes)
","A=7,J=3,K=4,X=6,Z=1"
"Solve this cryptarithm:

   XNNP
    UNQ
+ XNUSZ
-------
  OSOPZ

Each letter stands for a unique digit (0-9). No leading letter can be zero.
Provide a comma separated mapping from letters to digits that satisfies the equation in your final answer. Output format: ""A=1,B=2,C=3"" (without quotes)
","N=8,O=6,P=1,Q=9,S=4,U=3,X=5,Z=7"
"Solve this cryptarithm:

   STB
+  SFD
------
  XRYB

Each letter stands for a unique digit (0-9). No leading letter can be zero.
Provide a comma separated mapping from letters to digits that satisfies the equation in your final answer. Output format: ""A=1,B=2,C=3"" (without quotes)
","B=9,D=0,F=4,R=2,S=6,T=3,X=1,Y=7"
"Solve this cryptarithm:

  MRRPM
+  VUHR
-------
  MUQPU

Each letter stands for a unique digit (0-9). No leading letter can be zero.
Provide a comma separated mapping from letters to digits that satisfies the equation in your final answer. Output format: ""A=1,B=2,C=3"" (without quotes)
","H=0,M=7,P=4,Q=1,R=2,U=9,V=6"
"Solve this cryptarithm:

   SEZ
  SSYL
+  ZMW
------
  LVZQ

Each letter stands for a unique digit (0-9). No leading letter can be zero.
Provide a comma separated mapping from letters to digits that satisfies the equation in your final answer. Output format: ""A=1,B=2,C=3"" (without quotes)
","E=5,L=8,M=2,Q=3,S=7,V=9,W=1,Y=6,Z=4"
"Solve this cryptarithm:

   ZIKON
+   IIVI
--------
  NOOZVR

Each letter stands for a unique digit (0-9). No leading letter can be zero.
Provide a comma separated mapping from letters to digits that satisfies the equation in your final answer. Output format: ""A=1,B=2,C=3"" (without quotes)
","I=5,K=4,N=1,O=0,R=6,V=2,Z=9"
"Solve this cryptarithm:

  RQXHH
+   LYC
-------
  RLXXQ

Each letter stands for a unique digit (0-9). No leading letter can be zero.
Provide a comma separated mapping from letters to digits that satisfies the equation in your final answer. Output format: ""A=1,B=2,C=3"" (without quotes)
","C=2,H=6,L=9,Q=8,R=1,X=0,Y=4"
"Solve this cryptarithm:

   YNRN
+ YKTRG
-------
  NGKGC

Each letter stands for a unique digit (0-9). No leading letter can be zero.
Provide a comma separated mapping from letters to digits that satisfies the equation in your final answer. Output format: ""A=1,B=2,C=3"" (without quotes)
","C=9,G=2,K=5,N=7,R=1,T=8,Y=6"
"Solve this cryptarithm:

   XXZB
  SDDXG
+  JZNZ
-------
  ZGUZS

Each letter stands for a unique digit (0-9). No leading letter can be zero.
Provide a comma separated mapping from letters to digits that satisfies the equation in your final answer. Output format: ""A=1,B=2,C=3"" (without quotes)
","B=9,D=3,G=0,J=5,N=8,S=6,U=2,X=1,Z=7"
"Solve this cryptarithm:

   VZNZI
   PFTZZ
+   KYFY
--------
  YFTZFF

Each letter stands for a unique digit (0-9). No leading letter can be zero.
Provide a comma separated mapping from letters to digits that satisfies the equation in your final answer. Output format: ""A=1,B=2,C=3"" (without quotes)
","F=6,I=0,K=2,N=9,P=8,T=4,V=7,Y=1,Z=5"
"Solve this cryptarithm:

   DNSZ
  SSQGI
+  YEQG
-------
  IQGIZ

Each letter stands for a unique digit (0-9). No leading letter can be zero.
Provide a comma separated mapping from letters to digits that satisfies the equation in your final answer. Output format: ""A=1,B=2,C=3"" (without quotes)
","D=8,E=6,G=1,I=9,N=5,Q=0,S=7,Y=4,Z=3"
"Solve this cryptarithm:

    QZZ
+ SWXXU
-------
  SUUVX

Each letter stands for a unique digit (0-9). No leading letter can be zero.
Provide a comma separated mapping from letters to digits that satisfies the equation in your final answer. Output format: ""A=1,B=2,C=3"" (without quotes)
","Q=7,S=6,U=2,V=8,W=1,X=5,Z=3"
"Solve this cryptarithm:

   WEMWM
   CQQQC
+  CCNQI
--------
  WPNCVE

Each letter stands for a unique digit (0-9). No leading letter can be zero.
Provide a comma separated mapping from letters to digits that satisfies the equation in your final answer. Output format: ""A=1,B=2,C=3"" (without quotes)
","C=6,E=9,I=0,M=3,N=4,P=5,Q=8,V=7,W=1"
"Solve this cryptarithm:

    AKA
  WAMAA
+  YZWM
-------
  APAIY

Each letter stands for a unique digit (0-9). No leading letter can be zero.
Provide a comma separated mapping from letters to digits that satisfies the equation in your final answer. Output format: ""A=1,B=2,C=3"" (without quotes)
","A=8,I=6,K=9,M=5,P=0,W=7,Y=1,Z=3"
"Solve this cryptarithm:

   DAS
+ XIPN
------
  SNFP

Each letter stands for a unique digit (0-9). No leading letter can be zero.
Provide a comma separated mapping from letters to digits that satisfies the equation in your final answer. Output format: ""A=1,B=2,C=3"" (without quotes)
","A=4,D=7,F=6,I=5,N=2,P=1,S=9,X=8"
"Solve this cryptarithm:

  GZXGK
+   SZZ
-------
  GENGK

Each letter stands for a unique digit (0-9). No leading letter can be zero.
Provide a comma separated mapping from letters to digits that satisfies the equation in your final answer. Output format: ""A=1,B=2,C=3"" (without quotes)
","E=1,G=8,K=6,N=2,S=9,X=3,Z=0"
"Solve this cryptarithm:

   MUPJD
    KMKU
+  KHPKJ
--------
  JSHPPS

Each letter stands for a unique digit (0-9). No leading letter can be zero.
Provide a comma separated mapping from letters to digits that satisfies the equation in your final answer. Output format: ""A=1,B=2,C=3"" (without quotes)
","D=8,H=9,J=1,K=6,M=5,P=4,S=2,U=3"
"Solve this cryptarithm:

    RRJ
+ YNRYN
-------
  YNHIJ

Each letter stands for a unique digit (0-9). No leading letter can be zero.
Provide a comma separated mapping from letters to digits that satisfies the equation in your final answer. Output format: ""A=1,B=2,C=3"" (without quotes)
","H=8,I=7,J=5,N=0,R=4,Y=3"
"Solve this cryptarithm:

   AKA
+ SCNN
------
  SFDO

Each letter stands for a unique digit (0-9). No leading letter can be zero.
Provide a comma separated mapping from letters to digits that satisfies the equation in your final answer. Output format: ""A=1,B=2,C=3"" (without quotes)
","A=8,C=0,D=1,F=9,K=6,N=4,O=2,S=7"
"Solve this cryptarithm:

   DONH
+ VHDVF
-------
  VDXXF

Each letter stands for a unique digit (0-9). No leading letter can be zero.
Provide a comma separated mapping from letters to digits that satisfies the equation in your final answer. Output format: ""A=1,B=2,C=3"" (without quotes)
","D=4,F=8,H=0,N=1,O=3,V=6,X=7"
"Solve this cryptarithm:

  TZZTZ
+   ZNO
-------
  TUNZU

Each letter stands for a unique digit (0-9). No leading letter can be zero.
Provide a comma separated mapping from letters to digits that satisfies the equation in your final answer. Output format: ""A=1,B=2,C=3"" (without quotes)
","N=6,O=1,T=2,U=9,Z=8"
"Solve this cryptarithm:

    CTOU
   BBNTE
+  TOROB
--------
  NRCBNE

Each letter stands for a unique digit (0-9). No leading letter can be zero.
Provide a comma separated mapping from letters to digits that satisfies the equation in your final answer. Output format: ""A=1,B=2,C=3"" (without quotes)
","B=3,C=9,E=4,N=1,O=6,R=2,T=8,U=7"
"Solve this cryptarithm:

  ILGMA
+  MXLL
-------
  IXXXZ

Each letter stands for a unique digit (0-9). No leading letter can be zero.
Provide a comma separated mapping from letters to digits that satisfies the equation in your final answer. Output format: ""A=1,B=2,C=3"" (without quotes)
","A=4,G=0,I=8,L=5,M=1,X=6,Z=9"
"Solve this cryptarithm:

   NCG
   PUU
+ LCII
------
  GAPN

Each letter stands for a unique digit (0-9). No leading letter can be zero.
Provide a comma separated mapping from letters to digits that satisfies the equation in your final answer. Output format: ""A=1,B=2,C=3"" (without quotes)
","A=0,C=4,G=8,I=6,L=7,N=3,P=1,U=9"
"Solve this cryptarithm:

    FOF
+ OLSRL
-------
  ONFDH

Each letter stands for a unique digit (0-9). No leading letter can be zero.
Provide a comma separated mapping from letters to digits that satisfies the equation in your final answer. Output format: ""A=1,B=2,C=3"" (without quotes)
","D=5,F=7,H=0,L=3,N=4,O=6,R=8,S=9"
"Solve this cryptarithm:

  KJOCY
    JUC
+   CPJ
-------
  KPJOL

Each letter stands for a unique digit (0-9). No leading letter can be zero.
Provide a comma separated mapping from letters to digits that satisfies the equation in your final answer. Output format: ""A=1,B=2,C=3"" (without quotes)
","C=3,J=4,K=1,L=9,O=6,P=5,U=8,Y=2"
"Solve this cryptarithm:

  AACGT
+   JPX
-------
  ASPPH

Each letter stands for a unique digit (0-9). No leading letter can be zero.
Provide a comma separated mapping from letters to digits that satisfies the equation in your final answer. Output format: ""A=1,B=2,C=3"" (without quotes)
","A=5,C=9,G=0,H=7,J=2,P=1,S=6,T=4,X=3"
"Solve this cryptarithm:

    WKI
+ BIKFN
-------
  BQWFA

Each letter stands for a unique digit (0-9). No leading letter can be zero.
Provide a comma separated mapping from letters to digits that satisfies the equation in your final answer. Output format: ""A=1,B=2,C=3"" (without quotes)
","A=0,B=5,F=1,I=2,K=9,N=8,Q=3,W=6"
"Solve this cryptarithm:

   TNFE
+ FTFTY
-------
  FUOIK

Each letter stands for a unique digit (0-9). No leading letter can be zero.
Provide a comma separated mapping from letters to digits that satisfies the equation in your final answer. Output format: ""A=1,B=2,C=3"" (without quotes)
","E=6,F=1,I=4,K=3,N=9,O=0,T=2,U=5,Y=7"
"Solve this cryptarithm:

  XCZR
+  BIV
------
  CXRE

Each letter stands for a unique digit (0-9). No leading letter can be zero.
Provide a comma separated mapping from letters to digits that satisfies the equation in your final answer. Output format: ""A=1,B=2,C=3"" (without quotes)
","B=9,C=3,E=1,I=4,R=5,V=6,X=2,Z=0"
"Solve this cryptarithm:

  JHJJV
+   XTT
-------
  JUAHH

Each letter stands for a unique digit (0-9). No leading letter can be zero.
Provide a comma separated mapping from letters to digits that satisfies the equation in your final answer. Output format: ""A=1,B=2,C=3"" (without quotes)
","A=0,H=3,J=7,T=5,U=4,V=8,X=2"
"Solve this cryptarithm:

   PEP
+ UELB
------
  HLEM

Each letter stands for a unique digit (0-9). No leading letter can be zero.
Provide a comma separated mapping from letters to digits that satisfies the equation in your final answer. Output format: ""A=1,B=2,C=3"" (without quotes)
","B=2,E=9,H=5,L=0,M=3,P=1,U=4"
"Solve this cryptarithm:

  YXZZI
+   NWB
-------
  YWIVZ

Each letter stands for a unique digit (0-9). No leading letter can be zero.
Provide a comma separated mapping from letters to digits that satisfies the equation in your final answer. Output format: ""A=1,B=2,C=3"" (without quotes)
","B=3,I=2,N=7,V=6,W=1,X=0,Y=4,Z=5"
"Solve this cryptarithm:

    NDC
  EVRTC
+  DDVX
-------
  SVEUN

Each letter stands for a unique digit (0-9). No leading letter can be zero.
Provide a comma separated mapping from letters to digits that satisfies the equation in your final answer. Output format: ""A=1,B=2,C=3"" (without quotes)
","C=3,D=9,E=7,N=6,R=1,S=8,T=4,U=5,V=2,X=0"
"Solve this cryptarithm:

  ZJOO
+ OWSY
------
  WPJO

Each letter stands for a unique digit (0-9). No leading letter can be zero.
Provide a comma separated mapping from letters to digits that satisfies the equation in your final answer. Output format: ""A=1,B=2,C=3"" (without quotes)
","J=3,O=6,P=2,S=7,W=8,Y=0,Z=1"
"Solve this cryptarithm:

  CHQXC
+   PQX
-------
  CSSFN

Each letter stands for a unique digit (0-9). No leading letter can be zero.
Provide a comma separated mapping from letters to digits that satisfies the equation in your final answer. Output format: ""A=1,B=2,C=3"" (without quotes)
","C=1,F=0,H=2,N=7,P=8,Q=4,S=3,X=6"
"Solve this cryptarithm:

   WXSK
+ XWQYM
-------
  YEKEM

Each letter stands for a unique digit (0-9). No leading letter can be zero.
Provide a comma separated mapping from letters to digits that satisfies the equation in your final answer. Output format: ""A=1,B=2,C=3"" (without quotes)
","E=7,K=0,M=4,Q=9,S=5,W=8,X=1,Y=2"
"Solve this cryptarithm:

    XPP
+ SXPKK
-------
  SAXKV

Each letter stands for a unique digit (0-9). No leading letter can be zero.
Provide a comma separated mapping from letters to digits that satisfies the equation in your final answer. Output format: ""A=1,B=2,C=3"" (without quotes)
","A=8,K=1,P=9,S=2,V=0,X=7"
"Solve this cryptarithm:

    KIC
+ ANBBX
-------
  AAEGB

Each letter stands for a unique digit (0-9). No leading letter can be zero.
Provide a comma separated mapping from letters to digits that satisfies the equation in your final answer. Output format: ""A=1,B=2,C=3"" (without quotes)
","A=9,B=7,C=5,E=4,G=0,I=3,K=6,N=8,X=2"
"Solve this cryptarithm:

  BKBDF
+   FAN
-------
  BBKKH

Each letter stands for a unique digit (0-9). No leading letter can be zero.
Provide a comma separated mapping from letters to digits that satisfies the equation in your final answer. Output format: ""A=1,B=2,C=3"" (without quotes)
","A=0,B=3,D=1,F=9,H=4,K=2,N=5"
"Solve this cryptarithm:

   SCSX
   OPAK
+  AVCB
-------
  VSKAS

Each letter stands for a unique digit (0-9). No leading letter can be zero.
Provide a comma separated mapping from letters to digits that satisfies the equation in your final answer. Output format: ""A=1,B=2,C=3"" (without quotes)
","A=2,B=8,C=5,K=0,O=7,P=3,S=4,V=1,X=6"
"Solve this cryptarithm:

   MAXQ
   XCSB
+ OOSQL
-------
  GXBQM

Each letter stands for a unique digit (0-9). No leading letter can be zero.
Provide a comma separated mapping from letters to digits that satisfies the equation in your final answer. Output format: ""A=1,B=2,C=3"" (without quotes)
","A=4,B=0,C=3,G=9,L=6,M=1,O=8,Q=5,S=2,X=7"
"Solve this cryptarithm:

  OCCIU
    KOC
+  OKOE
-------
  OWUWP

Each letter stands for a unique digit (0-9). No leading letter can be zero.
Provide a comma separated mapping from letters to digits that satisfies the equation in your final answer. Output format: ""A=1,B=2,C=3"" (without quotes)
","C=2,E=6,I=4,K=1,O=7,P=3,U=5,W=9"
"Solve this cryptarithm:

     ZSB
   MHBWU
+  MWBZU
--------
  USQMHH

Each letter stands for a unique digit (0-9). No leading letter can be zero.
Provide a comma separated mapping from letters to digits that satisfies the equation in your final answer. Output format: ""A=1,B=2,C=3"" (without quotes)
","B=2,H=4,M=8,Q=9,S=6,U=1,W=5,Z=3"
"Solve this cryptarithm:

  UANVN
+ XACVV
-------
  NAEJA

Each letter stands for a unique digit (0-9). No leading letter can be zero.
Provide a comma separated mapping from letters to digits that satisfies the equation in your final answer. Output format: ""A=1,B=2,C=3"" (without quotes)
","A=9,C=8,E=3,J=0,N=4,U=2,V=5,X=1"
"Solve this cryptarithm:

  BZZB
+  UNL
------
  UMKZ

Each letter stands for a unique digit (0-9). No leading letter can be zero.
Provide a comma separated mapping from letters to digits that satisfies the equation in your final answer. Output format: ""A=1,B=2,C=3"" (without quotes)
","B=8,K=6,L=3,M=0,N=4,U=9,Z=1"
"Solve this cryptarithm:

  HKIB
+  KIY
------
  HNBD

Each letter stands for a unique digit (0-9). No leading letter can be zero.
Provide a comma separated mapping from letters to digits that satisfies the equation in your final answer. Output format: ""A=1,B=2,C=3"" (without quotes)
","B=9,D=5,H=3,I=4,K=1,N=2,Y=6"
"Solve this cryptarithm:

   RVDL
  UHRLA
+   RHA
-------
  NDELD

Each letter stands for a unique digit (0-9). No leading letter can be zero.
Provide a comma separated mapping from letters to digits that satisfies the equation in your final answer. Output format: ""A=1,B=2,C=3"" (without quotes)
","A=6,D=5,E=1,H=4,L=3,N=8,R=9,U=7,V=2"
"Solve this cryptarithm:

   DSCJ
   MXSQ
+  MJJC
-------
  QFDMF

Each letter stands for a unique digit (0-9). No leading letter can be zero.
Provide a comma separated mapping from letters to digits that satisfies the equation in your final answer. Output format: ""A=1,B=2,C=3"" (without quotes)
","C=3,D=2,F=9,J=5,M=8,Q=1,S=0,X=7"
"Solve this cryptarithm:

  SXMST
   KNSX
+  YLYP
-------
  KSXPT

Each letter stands for a unique digit (0-9). No leading letter can be zero.
Provide a comma separated mapping from letters to digits that satisfies the equation in your final answer. Output format: ""A=1,B=2,C=3"" (without quotes)
","K=2,L=7,M=8,N=9,P=6,S=1,T=5,X=4,Y=3"
"Solve this cryptarithm:

   UWUV
  EDWVG
+  GEUG
-------
  UVBBP

Each letter stands for a unique digit (0-9). No leading letter can be zero.
Provide a comma separated mapping from letters to digits that satisfies the equation in your final answer. Output format: ""A=1,B=2,C=3"" (without quotes)
","B=4,D=8,E=5,G=3,P=6,U=7,V=0,W=9"
"Solve this cryptarithm:

    KAV
  VMFBF
+ IMCBU
-------
  UCICF

Each letter stands for a unique digit (0-9). No leading letter can be zero.
Provide a comma separated mapping from letters to digits that satisfies the equation in your final answer. Output format: ""A=1,B=2,C=3"" (without quotes)
","A=4,B=0,C=5,F=6,I=8,K=7,M=2,U=9,V=1"
"Solve this cryptarithm:

    LHLC
   DHMHC
+  JMMLB
--------
  WPLWMH

Each letter stands for a unique digit (0-9). No leading letter can be zero.
Provide a comma separated mapping from letters to digits that satisfies the equation in your final answer. Output format: ""A=1,B=2,C=3"" (without quotes)
","B=7,C=6,D=3,H=9,J=8,L=5,M=0,P=2,W=1"
"Solve this cryptarithm:

   OOV
+  IGC
------
  WPWR

Each letter stands for a unique digit (0-9). No leading letter can be zero.
Provide a comma separated mapping from letters to digits that satisfies the equation in your final answer. Output format: ""A=1,B=2,C=3"" (without quotes)
","C=4,G=8,I=7,O=2,P=0,R=3,V=9,W=1"
"Solve this cryptarithm:

   JVE
+ KDDS
------
  ZVKS

Each letter stands for a unique digit (0-9). No leading letter can be zero.
Provide a comma separated mapping from letters to digits that satisfies the equation in your final answer. Output format: ""A=1,B=2,C=3"" (without quotes)
","D=7,E=0,J=8,K=3,S=1,V=6,Z=4"
"Solve this cryptarithm:

  SGOO
+  HDG
------
  SOGD

Each letter stands for a unique digit (0-9). No leading letter can be zero.
Provide a comma separated mapping from letters to digits that satisfies the equation in your final answer. Output format: ""A=1,B=2,C=3"" (without quotes)
","D=6,G=1,H=3,O=5,S=9"
"Solve this cryptarithm:

   EWF
  KQIR
+ KWVI
------
  ERMV

Each letter stands for a unique digit (0-9). No leading letter can be zero.
Provide a comma separated mapping from letters to digits that satisfies the equation in your final answer. Output format: ""A=1,B=2,C=3"" (without quotes)
","E=8,F=1,I=6,K=3,M=5,Q=9,R=0,V=7,W=2"
"Solve this cryptarithm:

  JMJA
+  SDD
------
  BAZS

Each letter stands for a unique digit (0-9). No leading letter can be zero.
Provide a comma separated mapping from letters to digits that satisfies the equation in your final answer. Output format: ""A=1,B=2,C=3"" (without quotes)
","A=1,B=3,D=6,J=2,M=4,S=7,Z=8"
"Solve this cryptarithm:

  QEZZD
+  DYRX
-------
  QHYRQ

Each letter stands for a unique digit (0-9). No leading letter can be zero.
Provide a comma separated mapping from letters to digits that satisfies the equation in your final answer. Output format: ""A=1,B=2,C=3"" (without quotes)
","D=2,E=4,H=6,Q=9,R=5,X=7,Y=8,Z=0"
"Solve this cryptarithm:

  PWVDY
+ GRBWW
-------
  NIDDG

Each letter stands for a unique digit (0-9). No leading letter can be zero.
Provide a comma separated mapping from letters to digits that satisfies the equation in your final answer. Output format: ""A=1,B=2,C=3"" (without quotes)
","B=1,D=2,G=4,I=6,N=8,P=3,R=7,V=0,W=9,Y=5"
"Solve this cryptarithm:

  YUYAW
+   EHG
-------
  YUWIA

Each letter stands for a unique digit (0-9). No leading letter can be zero.
Provide a comma separated mapping from letters to digits that satisfies the equation in your final answer. Output format: ""A=1,B=2,C=3"" (without quotes)
","A=3,E=2,G=6,H=0,I=4,U=8,W=7,Y=5"
"Solve this cryptarithm:

   JQZ
   KRK
+ NLNK
------
  NWRZ

Each letter stands for a unique digit (0-9). No leading letter can be zero.
Provide a comma separated mapping from letters to digits that satisfies the equation in your final answer. Output format: ""A=1,B=2,C=3"" (without quotes)
","J=3,K=5,L=0,N=8,Q=1,R=7,W=9,Z=4"
"Solve this cryptarithm:

    NID
  SXXXB
+   PFX
-------
  SPPPI

Each letter stands for a unique digit (0-9). No leading letter can be zero.
Provide a comma separated mapping from letters to digits that satisfies the equation in your final answer. Output format: ""A=1,B=2,C=3"" (without quotes)
","B=8,D=0,F=7,I=3,N=4,P=6,S=9,X=5"
"Solve this cryptarithm:

  QEDXR
+   HDQ
-------
  QRDQV

Each letter stands for a unique digit (0-9). No leading letter can be zero.
Provide a comma separated mapping from letters to digits that satisfies the equation in your final answer. Output format: ""A=1,B=2,C=3"" (without quotes)
","D=7,E=4,H=9,Q=6,R=5,V=1,X=8"
"Solve this cryptarithm:

  GUHQB
+  PDGD
-------
  GAPCD

Each letter stands for a unique digit (0-9). No leading letter can be zero.
Provide a comma separated mapping from letters to digits that satisfies the equation in your final answer. Output format: ""A=1,B=2,C=3"" (without quotes)
","A=6,B=0,C=9,D=8,G=2,H=3,P=1,Q=7,U=4"
"Solve this cryptarithm:

   WHCNW
   MOXHE
+  ELXML
--------
  EEXOXE

Each letter stands for a unique digit (0-9). No leading letter can be zero.
Provide a comma separated mapping from letters to digits that satisfies the equation in your final answer. Output format: ""A=1,B=2,C=3"" (without quotes)
","C=9,E=1,H=0,L=7,M=6,N=5,O=4,W=3,X=2"
"Solve this cryptarithm:

   CFCB
+  WWBN
-------
  SCFLS

Each letter stands for a unique digit (0-9). No leading letter can be zero.
Provide a comma separated mapping from letters to digits that satisfies the equation in your final answer. Output format: ""A=1,B=2,C=3"" (without quotes)
","B=5,C=4,F=7,L=0,N=6,S=1,W=9"
"Solve this cryptarithm:

  YHYU
+  ZYR
------
  SLLP

Each letter stands for a unique digit (0-9). No leading letter can be zero.
Provide a comma separated mapping from letters to digits that satisfies the equation in your final answer. Output format: ""A=1,B=2,C=3"" (without quotes)
","H=8,L=0,P=9,R=7,S=6,U=2,Y=5,Z=1"
"Solve this cryptarithm:

   CEQQ
+  XBIO
-------
  EOKHQ

Each letter stands for a unique digit (0-9). No leading letter can be zero.
Provide a comma separated mapping from letters to digits that satisfies the equation in your final answer. Output format: ""A=1,B=2,C=3"" (without quotes)
","B=3,C=4,E=1,H=7,I=8,K=5,O=0,Q=9,X=6"
"Solve this cryptarithm:

    NZY
   ZYIN
+  AVFV
-------
  GZIVX

Each letter stands for a unique digit (0-9). No leading letter can be zero.
Provide a comma separated mapping from letters to digits that satisfies the equation in your final answer. Output format: ""A=1,B=2,C=3"" (without quotes)
","A=9,F=0,G=1,I=6,N=8,V=4,X=5,Y=3,Z=7"
"Solve this cryptarithm:

  QHBQR
   LHZZ
+   QHZ
-------
  QXXML

Each letter stands for a unique digit (0-9). No leading letter can be zero.
Provide a comma separated mapping from letters to digits that satisfies the equation in your final answer. Output format: ""A=1,B=2,C=3"" (without quotes)
","B=9,H=3,L=4,M=6,Q=5,R=0,X=8,Z=7"
"Solve this cryptarithm:

  YWFYN
+ HPYVY
-------
  VHVWY

Each letter stands for a unique digit (0-9). No leading letter can be zero.
Provide a comma separated mapping from letters to digits that satisfies the equation in your final answer. Output format: ""A=1,B=2,C=3"" (without quotes)
","F=3,H=2,N=0,P=7,V=4,W=5,Y=1"
"Solve this cryptarithm:

  UYXTR
   BVQD
+ UQQXX
-------
  BRUVD

Each letter stands for a unique digit (0-9). No leading letter can be zero.
Provide a comma separated mapping from letters to digits that satisfies the equation in your final answer. Output format: ""A=1,B=2,C=3"" (without quotes)
","B=5,D=1,Q=6,R=3,T=4,U=2,V=8,X=7,Y=0"
"Solve this cryptarithm:

   LFLF
+  XGLB
-------
  KYLGW

Each letter stands for a unique digit (0-9). No leading letter can be zero.
Provide a comma separated mapping from letters to digits that satisfies the equation in your final answer. Output format: ""A=1,B=2,C=3"" (without quotes)
","B=8,F=2,G=3,K=1,L=6,W=0,X=9,Y=5"
"Solve this cryptarithm:

    SPW
+  XIRX
-------
  ERRME

Each letter stands for a unique digit (0-9). No leading letter can be zero.
Provide a comma separated mapping from letters to digits that satisfies the equation in your final answer. Output format: ""A=1,B=2,C=3"" (without quotes)
","E=1,I=3,M=5,P=4,R=0,S=7,W=2,X=9"
"Solve this cryptarithm:

   FMP
+ AGZM
------
  AFEG

Each letter stands for a unique digit (0-9). No leading letter can be zero.
Provide a comma separated mapping from letters to digits that satisfies the equation in your final answer. Output format: ""A=1,B=2,C=3"" (without quotes)
","A=5,E=8,F=2,G=0,M=6,P=4,Z=1"
"Solve this cryptarithm:

  ZMFFM
+  BMZB
-------
  MZMZS

Each letter stands for a unique digit (0-9). No leading letter can be zero.
Provide a comma separated mapping from letters to digits that satisfies the equation in your final answer. Output format: ""A=1,B=2,C=3"" (without quotes)
","B=8,F=9,M=7,S=5,Z=6"
"Solve this cryptarithm:

   GNGZI
   XQNQQ
+   ZLSA
--------
  ZQANZI

Each letter stands for a unique digit (0-9). No leading letter can be zero.
Provide a comma separated mapping from letters to digits that satisfies the equation in your final answer. Output format: ""A=1,B=2,C=3"" (without quotes)
","A=7,G=4,I=8,L=5,N=2,Q=3,S=6,X=9,Z=1"
"Solve this cryptarithm:

   VFFK
  MMFVM
+  MMKD
-------
  PMDDP

Each letter stands for a unique digit (0-9). No leading letter can be zero.
Provide a comma separated mapping from letters to digits that satisfies the equation in your final answer. Output format: ""A=1,B=2,C=3"" (without quotes)
","D=6,F=9,K=5,M=7,P=8,V=1"
"Solve this cryptarithm:

  VYQKQ
   DVNV
+  NDXQ
-------
  DYYPX

Each letter stands for a unique digit (0-9). No leading letter can be zero.
Provide a comma separated mapping from letters to digits that satisfies the equation in your final answer. Output format: ""A=1,B=2,C=3"" (without quotes)
","D=6,K=7,N=2,P=4,Q=9,V=5,X=3,Y=1"
"Solve this cryptarithm:

     UZZ
   DYPUS
+  YDLIZ
--------
  ZSSUSP

Each letter stands for a unique digit (0-9). No leading letter can be zero.
Provide a comma separated mapping from letters to digits that satisfies the equation in your final answer. Output format: ""A=1,B=2,C=3"" (without quotes)
","D=3,I=5,L=7,P=2,S=0,U=4,Y=6,Z=1"
"Solve this cryptarithm:

  PFJHF
+  IKJH
-------
  EFPRP

Each letter stands for a unique digit (0-9). No leading letter can be zero.
Provide a comma separated mapping from letters to digits that satisfies the equation in your final answer. Output format: ""A=1,B=2,C=3"" (without quotes)
","E=4,F=2,H=1,I=9,J=7,K=6,P=3,R=8"
"Solve this cryptarithm:

    XINQ
+  XLNEX
--------
  GBLEGL

Each letter stands for a unique digit (0-9). No leading letter can be zero.
Provide a comma separated mapping from letters to digits that satisfies the equation in your final answer. Output format: ""A=1,B=2,C=3"" (without quotes)
","B=0,E=2,G=1,I=3,L=4,N=8,Q=5,X=9"
"Solve this cryptarithm:

  ANNN
+  BBX
------
  AQQN

Each letter stands for a unique digit (0-9). No leading letter can be zero.
Provide a comma separated mapping from letters to digits that satisfies the equation in your final answer. Output format: ""A=1,B=2,C=3"" (without quotes)
","A=1,B=7,N=2,Q=9,X=0"
"Solve this cryptarithm:

    MFV
  LNMFN
+   WIF
-------
  LFWWI

Each letter stands for a unique digit (0-9). No leading letter can be zero.
Provide a comma separated mapping from letters to digits that satisfies the equation in your final answer. Output format: ""A=1,B=2,C=3"" (without quotes)
","F=8,I=6,L=5,M=4,N=7,V=1,W=3"
"Solve this cryptarithm:

   LUFT
    UEF
+ KLYUT
-------
  KUFEF

Each letter stands for a unique digit (0-9). No leading letter can be zero.
Provide a comma separated mapping from letters to digits that satisfies the equation in your final answer. Output format: ""A=1,B=2,C=3"" (without quotes)
","E=1,F=2,K=6,L=3,T=0,U=8,Y=5"
"Solve this cryptarithm:

    FJVK
    RPRA
+  IIZAS
--------
  FJIKPV

Each letter stands for a unique digit (0-9). No leading letter can be zero.
Provide a comma separated mapping from letters to digits that satisfies the equation in your final answer. Output format: ""A=1,B=2,C=3"" (without quotes)
","A=5,F=1,I=9,J=0,K=4,P=6,R=8,S=3,V=2,Z=7"
"Solve this cryptarithm:

   YYKP
+  OYJH
-------
  KMAMC

Each letter stands for a unique digit (0-9). No leading letter can be zero.
Provide a comma separated mapping from letters to digits that satisfies the equation in your final answer. Output format: ""A=1,B=2,C=3"" (without quotes)
","A=0,C=9,H=2,J=3,K=1,M=4,O=8,P=7,Y=5"
"Solve this cryptarithm:

   ACPIP
+  QPHKH
--------
  KCCHHH

Each letter stands for a unique digit (0-9). No leading letter can be zero.
Provide a comma separated mapping from letters to digits that satisfies the equation in your final answer. Output format: ""A=1,B=2,C=3"" (without quotes)
","A=9,C=6,H=5,I=4,K=1,P=0,Q=7"
"Solve this cryptarithm:

   RYT
   RIL
+ QTIY
------
  VQLJ

Each letter stands for a unique digit (0-9). No leading letter can be zero.
Provide a comma separated mapping from letters to digits that satisfies the equation in your final answer. Output format: ""A=1,B=2,C=3"" (without quotes)
","I=7,J=1,L=3,Q=4,R=6,T=0,V=5,Y=8"
"Solve this cryptarithm:

   EMCO
+  UOUD
-------
  UUZOU

Each letter stands for a unique digit (0-9). No leading letter can be zero.
Provide a comma separated mapping from letters to digits that satisfies the equation in your final answer. Output format: ""A=1,B=2,C=3"" (without quotes)
","C=6,D=3,E=9,M=4,O=8,U=1,Z=2"
"Solve this cryptarithm:

   UVA
   YOA
+  NON
------
  OYNT

Each letter stands for a unique digit (0-9). No leading letter can be zero.
Provide a comma separated mapping from letters to digits that satisfies the equation in your final answer. Output format: ""A=1,B=2,C=3"" (without quotes)
","A=9,N=4,O=1,T=2,U=6,V=0,Y=8"
"Solve this cryptarithm:

   QAKJO
+  OHJOO
--------
  LXLKAB

Each letter stands for a unique digit (0-9). No leading letter can be zero.
Provide a comma separated mapping from letters to digits that satisfies the equation in your final answer. Output format: ""A=1,B=2,C=3"" (without quotes)
","A=7,B=2,H=4,J=0,K=3,L=1,O=6,Q=8,X=5"
"Solve this cryptarithm:

  IMBEI
    EVH
+  ABTB
-------
  BAIIB

Each letter stands for a unique digit (0-9). No leading letter can be zero.
Provide a comma separated mapping from letters to digits that satisfies the equation in your final answer. Output format: ""A=1,B=2,C=3"" (without quotes)
","A=1,B=7,E=2,H=4,I=6,M=9,T=0,V=3"
"Solve this cryptarithm:

  EHYY
+  CSX
------
  MSMM

Each letter stands for a unique digit (0-9). No leading letter can be zero.
Provide a comma separated mapping from letters to digits that satisfies the equation in your final answer. Output format: ""A=1,B=2,C=3"" (without quotes)
","C=6,E=2,H=7,M=3,S=4,X=5,Y=8"
"Solve this cryptarithm:

   IKTXC
     DDX
+  UKCVQ
--------
  QVIVQI

Each letter stands for a unique digit (0-9). No leading letter can be zero.
Provide a comma separated mapping from letters to digits that satisfies the equation in your final answer. Output format: ""A=1,B=2,C=3"" (without quotes)
","C=7,D=9,I=8,K=3,Q=1,T=5,U=4,V=2,X=0"
"Solve this cryptarithm:

   QBGWI
    ISWZ
+  ZWWSQ
--------
  JDQWQJ

Each letter stands for a unique digit (0-9). No leading letter can be zero.
Provide a comma separated mapping from letters to digits that satisfies the equation in your final answer. Output format: ""A=1,B=2,C=3"" (without quotes)
","B=5,D=4,G=0,I=8,J=1,Q=7,S=9,W=3,Z=6"
"Solve this cryptarithm:

   HLCU
+ BHPZA
-------
  AALUZ

Each letter stands for a unique digit (0-9). No leading letter can be zero.
Provide a comma separated mapping from letters to digits that satisfies the equation in your final answer. Output format: ""A=1,B=2,C=3"" (without quotes)
","A=3,B=2,C=7,H=6,L=0,P=9,U=5,Z=8"
"Solve this cryptarithm:

  TGUOR
    LHL
+ TRTFY
-------
  VRLVU

Each letter stands for a unique digit (0-9). No leading letter can be zero.
Provide a comma separated mapping from letters to digits that satisfies the equation in your final answer. Output format: ""A=1,B=2,C=3"" (without quotes)
","F=8,G=9,H=1,L=4,O=6,R=3,T=2,U=7,V=5,Y=0"
"Solve this cryptarithm:

   JSTSC
     STT
+  TEZSX
--------
  ZTCGZC

Each letter stands for a unique digit (0-9). No leading letter can be zero.
Provide a comma separated mapping from letters to digits that satisfies the equation in your final answer. Output format: ""A=1,B=2,C=3"" (without quotes)
","C=0,E=3,G=7,J=9,S=6,T=8,X=2,Z=1"
"Solve this cryptarithm:

  KXFBX
+  ILKB
-------
  CCBNF

Each letter stands for a unique digit (0-9). No leading letter can be zero.
Provide a comma separated mapping from letters to digits that satisfies the equation in your final answer. Output format: ""A=1,B=2,C=3"" (without quotes)
","B=7,C=3,F=1,I=9,K=2,L=5,N=0,X=4"
"Solve this cryptarithm:

  WJWZ
+  VNN
------
  EXWE

Each letter stands for a unique digit (0-9). No leading letter can be zero.
Provide a comma separated mapping from letters to digits that satisfies the equation in your final answer. Output format: ""A=1,B=2,C=3"" (without quotes)
","E=5,J=8,N=9,V=1,W=4,X=0,Z=6"
