question,answer
"Your task is to count how many legs there are in total when given a list of animals.

Now, how many legs are there in total if you have 3 wasps, 10 jellyfishs, 9 elephants, 13 crabs?
",184
"Your task is to count how many legs there are in total when given a list of animals.

Now, how many legs are there in total if you have 1 leech, 13 crickets, 7 praying mantiss, 11 ants, 1 tiger, 2 bees, 1 horse, 5 starfishs?
",231
"Your task is to count how many legs there are in total when given a list of animals.

Now, how many legs are there in total if you have 7 ducks, 3 shrimps, 3 lobsters, 13 starfishs, 14 scorpions, 11 horses, 2 butterflys, 8 bees?
",355
"Your task is to count how many legs there are in total when given a list of animals.

Now, how many legs are there in total if you have 13 butterflys, 9 grasshoppers, 9 humans, 13 insects?
",228
"Your task is to count how many legs there are in total when given a list of animals.

Now, how many legs are there in total if you have 9 deers, 2 beetles, 15 giraffes, 3 fireflys, 6 ants, 14 chickens, 2 woodlouses, 6 cats, 6 humans, 4 scorpions?
",286
"Your task is to count how many legs there are in total when given a list of animals.

Now, how many legs are there in total if you have 15 scorpions, 14 shrimps, 7 cats, 9 giraffes, 8 elephants, 12 tigers?
",404
"Your task is to count how many legs there are in total when given a list of animals.

Now, how many legs are there in total if you have 3 flatworms, 3 scorpions, 13 fireflys, 7 beetles, 14 grasshoppers, 3 jellyfishs, 6 praying mantiss?
",264
"Your task is to count how many legs there are in total when given a list of animals.

Now, how many legs are there in total if you have 12 praying mantiss, 1 scorpion, 14 fireflys, 15 crabs, 1 beetle, 15 woodlouses?
",530
"Your task is to count how many legs there are in total when given a list of animals.

Now, how many legs are there in total if you have 7 cockroachs, 4 shrimps, 8 starfishs, 6 fireflys, 10 spiders?
",238
"Your task is to count how many legs there are in total when given a list of animals.

Now, how many legs are there in total if you have 12 horses, 3 dogs, 5 starfishs, 2 chickens?
",89
"Your task is to count how many legs there are in total when given a list of animals.

Now, how many legs are there in total if you have 13 fireflys, 9 crabs, 15 starfishs?
",243
"Your task is to count how many legs there are in total when given a list of animals.

Now, how many legs are there in total if you have 9 beetles, 6 sea slugs, 8 elephants?
",86
"Your task is to count how many legs there are in total when given a list of animals.

Now, how many legs are there in total if you have 6 lions, 5 horses, 13 jellyfishs, 15 shrimps, 5 cockroachs, 8 wasps?
",272
"Your task is to count how many legs there are in total when given a list of animals.

Now, how many legs are there in total if you have 11 chickens, 10 praying mantiss, 1 sea slug, 15 ducks, 14 starfishs, 8 lobsters?
",262
"Your task is to count how many legs there are in total when given a list of animals.

Now, how many legs are there in total if you have 6 sheeps, 15 dogs, 1 tiger, 13 elephants, 15 fireflys, 14 praying mantiss, 2 cockroachs?
",326
"Your task is to count how many legs there are in total when given a list of animals.

Now, how many legs are there in total if you have 6 cows, 6 shrimps, 2 lions, 7 insects, 8 sheeps, 6 crabs, 3 wasps, 6 butterflys, 11 snakes, 1 giraffe?
",284
"Your task is to count how many legs there are in total when given a list of animals.

Now, how many legs are there in total if you have 3 leechs, 9 giraffes, 3 praying mantiss, 3 starfishs, 1 butterfly?
",75
"Your task is to count how many legs there are in total when given a list of animals.

Now, how many legs are there in total if you have 4 cockroachs, 5 sheeps, 2 tigers, 14 fireflys, 11 chickens, 5 bees, 14 beetles, 12 jellyfishs, 10 praying mantiss, 1 ant?
",338
"Your task is to count how many legs there are in total when given a list of animals.

Now, how many legs are there in total if you have 13 humans, 13 wasps, 4 lobsters, 12 sea slugs, 14 lions, 13 deers, 11 butterflys, 3 praying mantiss, 2 shrimps, 14 insects?
",440
"Your task is to count how many legs there are in total when given a list of animals.

Now, how many legs are there in total if you have 15 sheeps, 6 woodlouses, 14 scorpions, 11 elephants, 7 cockroachs, 15 praying mantiss, 4 tigers, 2 crabs, 15 deers?
",528
"Your task is to count how many legs there are in total when given a list of animals.

Now, how many legs are there in total if you have 5 starfishs, 5 crickets, 14 giraffes, 13 cockroachs?
",189
"Your task is to count how many legs there are in total when given a list of animals.

Now, how many legs are there in total if you have 10 humans, 7 grasshoppers, 8 praying mantiss, 10 deers?
",150
"Your task is to count how many legs there are in total when given a list of animals.

Now, how many legs are there in total if you have 8 scorpions, 9 humans, 6 giraffes, 3 crickets, 9 fireflys, 11 tigers, 13 beetles, 13 crabs, 13 ants, 2 cats?
",516
"Your task is to count how many legs there are in total when given a list of animals.

Now, how many legs are there in total if you have 10 birds, 6 cats, 6 leechs?
",44
"Your task is to count how many legs there are in total when given a list of animals.

Now, how many legs are there in total if you have 6 sheeps, 2 praying mantiss, 3 cockroachs, 14 ducks?
",82
"Your task is to count how many legs there are in total when given a list of animals.

Now, how many legs are there in total if you have 9 scorpions, 1 snake, 10 tigers, 4 dogs, 9 horses, 1 lobster, 14 jellyfishs, 12 birds?
",198
"Your task is to count how many legs there are in total when given a list of animals.

Now, how many legs are there in total if you have 5 cows, 12 butterflys, 12 lobsters, 11 beetles?
",278
"Your task is to count how many legs there are in total when given a list of animals.

Now, how many legs are there in total if you have 2 humans, 8 scorpions, 7 fireflys, 9 cows, 9 praying mantiss, 4 starfishs, 8 sheeps?
",252
"Your task is to count how many legs there are in total when given a list of animals.

Now, how many legs are there in total if you have 15 insects, 14 humans, 15 starfishs, 4 cows?
",209
"Your task is to count how many legs there are in total when given a list of animals.

Now, how many legs are there in total if you have 15 crickets, 2 praying mantiss, 13 jellyfishs, 5 scorpions, 5 fireflys, 8 butterflys, 12 flatworms, 14 cockroachs, 11 spiders, 6 cats?
",416
"Your task is to count how many legs there are in total when given a list of animals.

Now, how many legs are there in total if you have 5 praying mantiss, 5 bees, 13 horses, 14 starfishs, 8 flatworms, 8 grasshoppers, 4 spiders, 2 humans?
",266
"Your task is to count how many legs there are in total when given a list of animals.

Now, how many legs are there in total if you have 9 insects, 10 horses, 4 giraffes, 3 shrimps, 9 humans, 11 sheeps, 11 lobsters?
",312
"Your task is to count how many legs there are in total when given a list of animals.

Now, how many legs are there in total if you have 15 birds, 11 starfishs, 7 tigers, 13 crickets, 11 jellyfishs, 4 dogs?
",207
"Your task is to count how many legs there are in total when given a list of animals.

Now, how many legs are there in total if you have 3 cockroachs, 2 butterflys, 6 cats, 1 giraffe, 4 spiders?
",90
"Your task is to count how many legs there are in total when given a list of animals.

Now, how many legs are there in total if you have 1 wasp, 9 lobsters, 13 grasshoppers, 14 beetles, 7 crabs, 15 woodlouses, 4 cows?
",554
"Your task is to count how many legs there are in total when given a list of animals.

Now, how many legs are there in total if you have 13 ants, 14 shrimps, 10 lobsters, 1 bee, 15 fireflys, 6 sea slugs, 5 chickens, 12 leechs, 6 elephants, 4 woodlouses?
",504
"Your task is to count how many legs there are in total when given a list of animals.

Now, how many legs are there in total if you have 11 spiders, 5 scorpions, 3 sheeps, 13 cows, 15 cats?
",252
"Your task is to count how many legs there are in total when given a list of animals.

Now, how many legs are there in total if you have 3 praying mantiss, 5 chickens, 2 ducks, 14 bees, 1 jellyfish, 7 flatworms, 3 fireflys, 6 insects, 5 birds, 9 cockroachs?
",234
"Your task is to count how many legs there are in total when given a list of animals.

Now, how many legs are there in total if you have 8 jellyfishs, 14 spiders, 9 snakes, 13 crabs, 12 insects, 6 horses, 10 elephants?
",378
"Your task is to count how many legs there are in total when given a list of animals.

Now, how many legs are there in total if you have 10 birds, 4 insects, 11 horses, 7 elephants, 9 praying mantiss, 14 butterflys?
",254
"Your task is to count how many legs there are in total when given a list of animals.

Now, how many legs are there in total if you have 13 shrimps, 2 insects, 12 snakes?
",142
"Your task is to count how many legs there are in total when given a list of animals.

Now, how many legs are there in total if you have 11 horses, 9 lobsters, 12 birds, 6 deers, 15 ants?
",272
"Your task is to count how many legs there are in total when given a list of animals.

Now, how many legs are there in total if you have 4 horses, 2 ants, 12 cows, 3 snakes, 10 crabs, 3 shrimps, 8 spiders, 7 elephants, 6 leechs?
",298
"Your task is to count how many legs there are in total when given a list of animals.

Now, how many legs are there in total if you have 3 tigers, 14 ducks, 7 butterflys, 6 leechs?
",82
"Your task is to count how many legs there are in total when given a list of animals.

Now, how many legs are there in total if you have 5 chickens, 8 fireflys, 5 starfishs, 6 butterflys, 2 cockroachs, 9 lobsters?
",221
"Your task is to count how many legs there are in total when given a list of animals.

Now, how many legs are there in total if you have 14 cows, 13 cats, 12 wasps, 8 praying mantiss?
",228
"Your task is to count how many legs there are in total when given a list of animals.

Now, how many legs are there in total if you have 10 crabs, 11 shrimps, 11 deers, 6 birds, 1 firefly, 1 cat, 14 grasshoppers, 1 scorpion, 11 jellyfishs?
",368
"Your task is to count how many legs there are in total when given a list of animals.

Now, how many legs are there in total if you have 3 woodlouses, 10 butterflys, 1 human, 10 chickens, 9 shrimps, 15 dogs, 2 crabs, 11 horses, 10 flatworms, 14 wasps?
",422
"Your task is to count how many legs there are in total when given a list of animals.

Now, how many legs are there in total if you have 11 humans, 8 deers, 6 starfishs, 5 crickets, 7 sea slugs?
",114
"Your task is to count how many legs there are in total when given a list of animals.

Now, how many legs are there in total if you have 11 spiders, 5 sea slugs, 13 ducks, 4 snakes, 1 chicken?
",116
"Your task is to count how many legs there are in total when given a list of animals.

Now, how many legs are there in total if you have 1 insect, 3 wasps, 7 lions, 11 birds, 6 ants, 2 jellyfishs, 5 butterflys, 6 cockroachs?
",176
"Your task is to count how many legs there are in total when given a list of animals.

Now, how many legs are there in total if you have 15 crickets, 12 beetles, 14 flatworms, 5 sea slugs, 6 jellyfishs, 1 crab?
",172
"Your task is to count how many legs there are in total when given a list of animals.

Now, how many legs are there in total if you have 14 woodlouses, 11 jellyfishs, 9 butterflys, 2 grasshoppers, 13 flatworms, 8 fireflys, 15 dogs, 4 beetles?
",394
"Your task is to count how many legs there are in total when given a list of animals.

Now, how many legs are there in total if you have 12 bees, 7 horses, 9 cows, 11 elephants, 12 giraffes, 9 ducks, 2 woodlouses, 10 jellyfishs, 8 spiders?
",338
"Your task is to count how many legs there are in total when given a list of animals.

Now, how many legs are there in total if you have 9 praying mantiss, 13 cows, 2 wasps, 9 butterflys, 2 crickets?
",184
"Your task is to count how many legs there are in total when given a list of animals.

Now, how many legs are there in total if you have 10 lobsters, 4 butterflys, 15 praying mantiss, 5 flatworms, 8 scorpions, 12 lions?
",326
"Your task is to count how many legs there are in total when given a list of animals.

Now, how many legs are there in total if you have 5 butterflys, 10 cats, 7 shrimps, 10 cows, 10 bees?
",240
"Your task is to count how many legs there are in total when given a list of animals.

Now, how many legs are there in total if you have 2 lions, 3 leechs, 4 humans, 10 bees, 14 praying mantiss, 1 ant, 1 cricket, 4 spiders, 2 flatworms, 12 giraffes?
",252
"Your task is to count how many legs there are in total when given a list of animals.

Now, how many legs are there in total if you have 6 horses, 1 elephant, 12 wasps?
",100
"Your task is to count how many legs there are in total when given a list of animals.

Now, how many legs are there in total if you have 6 birds, 3 snakes, 13 starfishs, 15 crabs, 3 ants, 2 sheeps, 11 chickens, 7 crickets?
",317
"Your task is to count how many legs there are in total when given a list of animals.

Now, how many legs are there in total if you have 8 sea slugs, 6 shrimps, 7 crabs, 8 fireflys, 12 flatworms, 11 tigers, 5 wasps, 12 jellyfishs, 4 birds, 12 lobsters?
",380
"Your task is to count how many legs there are in total when given a list of animals.

Now, how many legs are there in total if you have 5 crickets, 5 fireflys, 10 starfishs, 1 duck, 12 woodlouses, 11 humans?
",302
"Your task is to count how many legs there are in total when given a list of animals.

Now, how many legs are there in total if you have 4 chickens, 3 bees, 4 deers, 12 horses, 14 starfishs?
",160
"Your task is to count how many legs there are in total when given a list of animals.

Now, how many legs are there in total if you have 8 elephants, 5 praying mantiss, 10 cockroachs, 15 flatworms, 9 birds, 2 woodlouses, 13 tigers?
",220
"Your task is to count how many legs there are in total when given a list of animals.

Now, how many legs are there in total if you have 1 giraffe, 2 grasshoppers, 14 fireflys, 9 deers, 15 leechs, 2 shrimps, 3 tigers, 8 cats, 11 beetles?
",266
"Your task is to count how many legs there are in total when given a list of animals.

Now, how many legs are there in total if you have 11 insects, 4 spiders, 12 horses, 7 wasps, 9 grasshoppers, 4 cats?
",258
"Your task is to count how many legs there are in total when given a list of animals.

Now, how many legs are there in total if you have 10 starfishs, 4 praying mantiss, 12 grasshoppers, 8 cats, 8 beetles, 5 elephants, 6 tigers, 4 spiders, 4 snakes, 12 horses?
",350
"Your task is to count how many legs there are in total when given a list of animals.

Now, how many legs are there in total if you have 9 deers, 6 sea slugs, 4 fireflys?
",60
"Your task is to count how many legs there are in total when given a list of animals.

Now, how many legs are there in total if you have 9 woodlouses, 9 birds, 11 ants, 9 giraffes, 5 flatworms, 10 dogs?
",286
"Your task is to count how many legs there are in total when given a list of animals.

Now, how many legs are there in total if you have 15 horses, 11 humans, 5 lobsters, 11 shrimps, 6 ants, 8 sheeps, 1 scorpion?
",318
"Your task is to count how many legs there are in total when given a list of animals.

Now, how many legs are there in total if you have 7 snakes, 15 humans, 10 ducks, 7 fireflys, 14 crabs, 15 giraffes, 10 lobsters?
",392
"Your task is to count how many legs there are in total when given a list of animals.

Now, how many legs are there in total if you have 12 cows, 2 cats, 12 lions, 9 wasps, 10 shrimps, 6 grasshoppers?
",294
"Your task is to count how many legs there are in total when given a list of animals.

Now, how many legs are there in total if you have 5 starfishs, 6 birds, 15 beetles, 1 sheep, 10 sea slugs?
",131
"Your task is to count how many legs there are in total when given a list of animals.

Now, how many legs are there in total if you have 4 cows, 3 lobsters, 5 crickets, 13 birds, 5 chickens, 4 shrimps, 8 insects?
",200
"Your task is to count how many legs there are in total when given a list of animals.

Now, how many legs are there in total if you have 14 horses, 5 praying mantiss, 12 chickens, 6 insects, 6 lions, 12 elephants?
",218
"Your task is to count how many legs there are in total when given a list of animals.

Now, how many legs are there in total if you have 3 lions, 6 wasps, 5 cows, 3 crabs?
",98
"Your task is to count how many legs there are in total when given a list of animals.

Now, how many legs are there in total if you have 2 starfishs, 5 leechs, 8 beetles, 12 elephants, 4 praying mantiss, 9 cats?
",166
"Your task is to count how many legs there are in total when given a list of animals.

Now, how many legs are there in total if you have 5 deers, 2 chickens, 14 grasshoppers?
",108
"Your task is to count how many legs there are in total when given a list of animals.

Now, how many legs are there in total if you have 6 shrimps, 1 snake, 6 cows, 3 flatworms, 7 grasshoppers, 5 deers, 14 wasps?
",230
"Your task is to count how many legs there are in total when given a list of animals.

Now, how many legs are there in total if you have 10 elephants, 11 starfishs, 1 cow, 2 butterflys, 12 dogs, 11 shrimps?
",269
"Your task is to count how many legs there are in total when given a list of animals.

Now, how many legs are there in total if you have 11 woodlouses, 3 praying mantiss, 8 giraffes?
",204
"Your task is to count how many legs there are in total when given a list of animals.

Now, how many legs are there in total if you have 1 woodlouse, 5 birds, 4 sea slugs?
",24
"Your task is to count how many legs there are in total when given a list of animals.

Now, how many legs are there in total if you have 3 wasps, 6 scorpions, 11 beetles, 9 ducks, 5 fireflys, 11 sea slugs?
",180
"Your task is to count how many legs there are in total when given a list of animals.

Now, how many legs are there in total if you have 9 jellyfishs, 3 wasps, 3 elephants, 11 ants, 13 lobsters, 5 humans, 10 butterflys?
",296
"Your task is to count how many legs there are in total when given a list of animals.

Now, how many legs are there in total if you have 6 deers, 11 cockroachs, 9 praying mantiss, 15 sea slugs, 11 butterflys, 12 giraffes, 2 sheeps, 9 cats, 11 humans?
",324
"Your task is to count how many legs there are in total when given a list of animals.

Now, how many legs are there in total if you have 15 beetles, 2 scorpions, 6 chickens, 10 wasps, 10 sheeps, 2 sea slugs, 12 horses, 3 bees?
",284
"Your task is to count how many legs there are in total when given a list of animals.

Now, how many legs are there in total if you have 13 dogs, 14 grasshoppers, 9 flatworms, 1 cat, 4 jellyfishs, 8 starfishs, 5 lobsters, 4 crickets, 13 bees?
",332
"Your task is to count how many legs there are in total when given a list of animals.

Now, how many legs are there in total if you have 5 butterflys, 4 fireflys, 1 insect, 7 ants, 9 jellyfishs, 7 chickens, 3 crickets, 2 dogs, 5 crabs, 14 ducks?
",220
"Your task is to count how many legs there are in total when given a list of animals.

Now, how many legs are there in total if you have 4 crabs, 10 horses, 9 ducks, 8 sea slugs, 1 spider, 2 humans, 5 fireflys, 12 shrimps, 9 scorpions, 13 giraffes?
",384
"Your task is to count how many legs there are in total when given a list of animals.

Now, how many legs are there in total if you have 14 deers, 3 spiders, 6 sheeps, 11 humans, 5 cockroachs, 6 lobsters, 6 snakes, 14 shrimps?
",356
"Your task is to count how many legs there are in total when given a list of animals.

Now, how many legs are there in total if you have 11 crabs, 8 flatworms, 1 cricket, 3 spiders, 1 horse, 12 lobsters, 10 butterflys, 1 leech, 4 chickens?
",332
"Your task is to count how many legs there are in total when given a list of animals.

Now, how many legs are there in total if you have 4 cows, 8 grasshoppers, 6 insects, 1 horse?
",104
"Your task is to count how many legs there are in total when given a list of animals.

Now, how many legs are there in total if you have 3 bees, 3 cockroachs, 14 starfishs, 8 lions, 3 deers, 6 giraffes?
",174
"Your task is to count how many legs there are in total when given a list of animals.

Now, how many legs are there in total if you have 1 lobster, 9 starfishs, 15 shrimps?
",205
"Your task is to count how many legs there are in total when given a list of animals.

Now, how many legs are there in total if you have 11 sea slugs, 12 deers, 4 lobsters, 1 flatworm?
",88
"Your task is to count how many legs there are in total when given a list of animals.

Now, how many legs are there in total if you have 12 fireflys, 8 cows, 1 woodlouse?
",118
"Your task is to count how many legs there are in total when given a list of animals.

Now, how many legs are there in total if you have 10 cats, 9 spiders, 4 sheeps, 14 butterflys, 10 crabs, 9 tigers, 14 sea slugs, 1 flatworm, 8 dogs, 4 chickens?
",388
"Your task is to count how many legs there are in total when given a list of animals.

Now, how many legs are there in total if you have 2 jellyfishs, 12 sea slugs, 7 elephants, 8 dogs, 3 giraffes?
",72
"Your task is to count how many legs there are in total when given a list of animals.

Now, how many legs are there in total if you have 4 jellyfishs, 8 praying mantiss, 11 chickens, 3 cats, 4 wasps, 7 lobsters, 1 ant, 8 lions, 2 giraffes, 15 sheeps?
",282
"Your task is to count how many legs there are in total when given a list of animals.

Now, how many legs are there in total if you have 2 crabs, 5 snakes, 14 cockroachs, 3 sea slugs, 1 insect, 10 fireflys, 6 sheeps, 12 tigers, 8 ducks?
",258
"Your task is to count how many legs there are in total when given a list of animals.

Now, how many legs are there in total if you have 5 ducks, 15 ants, 2 leechs, 6 cats, 13 woodlouses?
",306
"Your task is to count how many legs there are in total when given a list of animals.

Now, how many legs are there in total if you have 14 wasps, 8 cockroachs, 12 cows, 2 starfishs, 8 grasshoppers?
",238
"Your task is to count how many legs there are in total when given a list of animals.

Now, how many legs are there in total if you have 2 jellyfishs, 5 wasps, 14 butterflys, 9 sheeps, 11 deers, 10 birds, 12 spiders, 4 giraffes, 7 insects?
",368
"Your task is to count how many legs there are in total when given a list of animals.

Now, how many legs are there in total if you have 3 birds, 1 tiger, 1 bee, 13 ducks?
",42
"Your task is to count how many legs there are in total when given a list of animals.

Now, how many legs are there in total if you have 2 wasps, 14 horses, 12 elephants, 5 starfishs, 6 fireflys, 5 dogs, 12 chickens, 15 lions?
",281
"Your task is to count how many legs there are in total when given a list of animals.

Now, how many legs are there in total if you have 8 lions, 2 butterflys, 13 sheeps, 7 beetles, 12 humans, 5 praying mantiss, 11 giraffes, 3 lobsters, 10 jellyfishs?
",266
"Your task is to count how many legs there are in total when given a list of animals.

Now, how many legs are there in total if you have 6 dogs, 13 bees, 8 horses, 10 chickens, 3 sea slugs, 14 humans, 8 insects, 4 flatworms, 15 snakes?
",230
"Your task is to count how many legs there are in total when given a list of animals.

Now, how many legs are there in total if you have 9 leechs, 6 jellyfishs, 11 tigers, 10 grasshoppers, 15 insects, 4 crickets, 13 cockroachs, 4 humans, 14 wasps, 15 lobsters?
",538
"Your task is to count how many legs there are in total when given a list of animals.

Now, how many legs are there in total if you have 15 bees, 8 spiders, 5 lions, 13 cockroachs, 7 scorpions, 7 snakes?
",308
"Your task is to count how many legs there are in total when given a list of animals.

Now, how many legs are there in total if you have 14 grasshoppers, 1 lobster, 10 shrimps, 1 woodlouse, 14 deers, 9 horses, 2 insects?
",312
"Your task is to count how many legs there are in total when given a list of animals.

Now, how many legs are there in total if you have 12 grasshoppers, 9 giraffes, 8 butterflys, 7 dogs, 6 elephants, 15 cats, 3 crickets, 2 praying mantiss, 3 cockroachs, 3 leechs?
",316
"Your task is to count how many legs there are in total when given a list of animals.

Now, how many legs are there in total if you have 2 elephants, 3 cats, 4 sea slugs, 12 lobsters, 2 butterflys, 1 scorpion, 2 humans, 15 shrimps, 12 grasshoppers, 12 leechs?
",386
"Your task is to count how many legs there are in total when given a list of animals.

Now, how many legs are there in total if you have 2 birds, 14 flatworms, 2 grasshoppers, 1 ant, 9 praying mantiss, 5 jellyfishs?
",76
"Your task is to count how many legs there are in total when given a list of animals.

Now, how many legs are there in total if you have 8 cats, 7 cockroachs, 15 giraffes, 1 crab, 5 horses, 11 scorpions, 7 snakes, 4 bees, 8 butterflys?
",324
"Your task is to count how many legs there are in total when given a list of animals.

Now, how many legs are there in total if you have 15 scorpions, 10 ants, 6 wasps, 12 cows?
",264
"Your task is to count how many legs there are in total when given a list of animals.

Now, how many legs are there in total if you have 8 shrimps, 12 cats, 1 elephant, 8 fireflys, 12 jellyfishs, 1 crab?
",190
"Your task is to count how many legs there are in total when given a list of animals.

Now, how many legs are there in total if you have 7 lions, 8 scorpions, 13 horses?
",144
"Your task is to count how many legs there are in total when given a list of animals.

Now, how many legs are there in total if you have 3 cows, 10 spiders, 1 sheep, 12 lions, 2 butterflys, 6 crabs, 3 woodlouses, 1 grasshopper, 15 leechs, 12 cockroachs?
",336
"Your task is to count how many legs there are in total when given a list of animals.

Now, how many legs are there in total if you have 10 starfishs, 7 tigers, 2 praying mantiss, 2 spiders?
",106
"Your task is to count how many legs there are in total when given a list of animals.

Now, how many legs are there in total if you have 8 flatworms, 4 crickets, 3 leechs?
",24
"Your task is to count how many legs there are in total when given a list of animals.

Now, how many legs are there in total if you have 8 grasshoppers, 12 crickets, 10 snakes, 6 insects, 5 jellyfishs?
",156
"Your task is to count how many legs there are in total when given a list of animals.

Now, how many legs are there in total if you have 15 chickens, 7 ants, 10 crickets, 13 insects, 8 woodlouses, 13 snakes?
",322
"Your task is to count how many legs there are in total when given a list of animals.

Now, how many legs are there in total if you have 4 crabs, 9 beetles, 4 bees, 4 cows?
",134
"Your task is to count how many legs there are in total when given a list of animals.

Now, how many legs are there in total if you have 10 crabs, 4 cows, 14 scorpions, 2 humans, 10 butterflys, 1 deer, 3 giraffes?
",308
"Your task is to count how many legs there are in total when given a list of animals.

Now, how many legs are there in total if you have 4 insects, 13 woodlouses, 13 chickens, 1 giraffe, 7 shrimps, 15 tigers, 9 sheeps, 5 flatworms?
",402
"Your task is to count how many legs there are in total when given a list of animals.

Now, how many legs are there in total if you have 3 grasshoppers, 3 humans, 13 praying mantiss, 15 cows, 15 bees, 14 starfishs, 4 cats, 3 chickens, 14 lobsters?
",484
"Your task is to count how many legs there are in total when given a list of animals.

Now, how many legs are there in total if you have 8 horses, 14 lions, 4 starfishs, 10 butterflys, 12 flatworms, 12 wasps, 14 elephants, 1 deer?
",300
"Your task is to count how many legs there are in total when given a list of animals.

Now, how many legs are there in total if you have 1 spider, 3 scorpions, 12 beetles, 8 giraffes, 3 grasshoppers, 8 snakes, 14 cows, 11 butterflys?
",276
"Your task is to count how many legs there are in total when given a list of animals.

Now, how many legs are there in total if you have 6 cockroachs, 2 sea slugs, 4 spiders?
",68
"Your task is to count how many legs there are in total when given a list of animals.

Now, how many legs are there in total if you have 8 giraffes, 13 flatworms, 1 scorpion, 5 horses, 13 tigers, 12 leechs, 10 woodlouses, 3 lobsters, 14 grasshoppers, 14 fireflys?
",450
"Your task is to count how many legs there are in total when given a list of animals.

Now, how many legs are there in total if you have 14 flatworms, 15 elephants, 7 humans?
",74
"Your task is to count how many legs there are in total when given a list of animals.

Now, how many legs are there in total if you have 14 spiders, 15 grasshoppers, 14 horses, 11 wasps, 10 jellyfishs, 15 crickets?
",414
"Your task is to count how many legs there are in total when given a list of animals.

Now, how many legs are there in total if you have 15 shrimps, 12 praying mantiss, 8 giraffes, 5 ants?
",284
"Your task is to count how many legs there are in total when given a list of animals.

Now, how many legs are there in total if you have 15 humans, 1 leech, 10 flatworms, 13 crabs, 13 starfishs, 5 cockroachs?
",255
"Your task is to count how many legs there are in total when given a list of animals.

Now, how many legs are there in total if you have 8 chickens, 4 snakes, 10 tigers, 1 human, 3 scorpions?
",82
"Your task is to count how many legs there are in total when given a list of animals.

Now, how many legs are there in total if you have 13 flatworms, 6 ants, 4 horses, 8 starfishs?
",92
"Your task is to count how many legs there are in total when given a list of animals.

Now, how many legs are there in total if you have 1 butterfly, 11 elephants, 9 shrimps, 8 insects, 12 woodlouses, 15 sheeps, 5 jellyfishs, 2 wasps, 2 scorpions, 4 ducks?
",452
"Your task is to count how many legs there are in total when given a list of animals.

Now, how many legs are there in total if you have 13 chickens, 4 snakes, 14 butterflys, 2 starfishs?
",120
"Your task is to count how many legs there are in total when given a list of animals.

Now, how many legs are there in total if you have 8 snakes, 10 giraffes, 11 insects, 1 ant, 3 crabs, 9 lions, 5 crickets?
",208
"Your task is to count how many legs there are in total when given a list of animals.

Now, how many legs are there in total if you have 12 dogs, 7 starfishs, 3 spiders, 1 firefly?
",113
"Your task is to count how many legs there are in total when given a list of animals.

Now, how many legs are there in total if you have 13 grasshoppers, 6 shrimps, 9 cockroachs, 2 birds, 8 fireflys, 6 humans, 1 snake, 8 crabs?
",336
"Your task is to count how many legs there are in total when given a list of animals.

Now, how many legs are there in total if you have 3 fireflys, 10 dogs, 8 sea slugs, 6 giraffes, 4 spiders, 14 praying mantiss, 6 bees, 4 crickets?
",258
"Your task is to count how many legs there are in total when given a list of animals.

Now, how many legs are there in total if you have 5 tigers, 15 snakes, 6 giraffes, 5 leechs, 5 deers, 2 wasps?
",76
"Your task is to count how many legs there are in total when given a list of animals.

Now, how many legs are there in total if you have 4 deers, 5 dogs, 5 humans, 1 wasp, 7 snakes, 12 scorpions, 2 ants, 15 sea slugs, 10 sheeps, 2 leechs?
",200
"Your task is to count how many legs there are in total when given a list of animals.

Now, how many legs are there in total if you have 4 cats, 8 ants, 7 beetles, 2 lions?
",114
"Your task is to count how many legs there are in total when given a list of animals.

Now, how many legs are there in total if you have 7 wasps, 6 fireflys, 1 flatworm, 12 humans, 2 beetles?
",114
"Your task is to count how many legs there are in total when given a list of animals.

Now, how many legs are there in total if you have 5 starfishs, 11 chickens, 4 praying mantiss, 6 woodlouses, 3 crickets, 13 ants, 3 cockroachs, 7 lions?
",297
"Your task is to count how many legs there are in total when given a list of animals.

Now, how many legs are there in total if you have 11 cows, 12 starfishs, 15 deers, 10 crabs, 4 elephants, 15 sea slugs, 4 dogs, 13 leechs, 14 scorpions, 8 lobsters?
",488
"Your task is to count how many legs there are in total when given a list of animals.

Now, how many legs are there in total if you have 12 dogs, 14 butterflys, 7 bees, 12 tigers?
",222
"Your task is to count how many legs there are in total when given a list of animals.

Now, how many legs are there in total if you have 4 jellyfishs, 12 horses, 6 lions, 14 wasps, 6 chickens, 4 starfishs, 2 butterflys, 9 sheeps, 9 spiders?
",308
"Your task is to count how many legs there are in total when given a list of animals.

Now, how many legs are there in total if you have 13 lions, 2 crickets, 14 insects?
",148
"Your task is to count how many legs there are in total when given a list of animals.

Now, how many legs are there in total if you have 12 ducks, 4 cats, 10 sea slugs?
",40
"Your task is to count how many legs there are in total when given a list of animals.

Now, how many legs are there in total if you have 11 woodlouses, 12 fireflys, 8 birds?
",242
"Your task is to count how many legs there are in total when given a list of animals.

Now, how many legs are there in total if you have 13 wasps, 10 deers, 6 starfishs, 13 snakes, 9 fireflys, 7 butterflys, 1 duck, 9 humans?
",264
"Your task is to count how many legs there are in total when given a list of animals.

Now, how many legs are there in total if you have 10 lions, 14 sea slugs, 13 dogs?
",92
"Your task is to count how many legs there are in total when given a list of animals.

Now, how many legs are there in total if you have 6 insects, 13 grasshoppers, 12 snakes, 12 sheeps?
",162
"Your task is to count how many legs there are in total when given a list of animals.

Now, how many legs are there in total if you have 8 fireflys, 1 grasshopper, 15 horses, 9 lobsters, 6 wasps, 4 flatworms, 4 lions, 8 elephants, 11 crickets?
",354
"Your task is to count how many legs there are in total when given a list of animals.

Now, how many legs are there in total if you have 13 jellyfishs, 10 spiders, 14 lions, 5 sea slugs?
",136
"Your task is to count how many legs there are in total when given a list of animals.

Now, how many legs are there in total if you have 3 chickens, 6 lions, 7 ducks, 2 grasshoppers, 8 fireflys, 2 ants, 8 flatworms, 11 butterflys, 15 sheeps?
",242
"Your task is to count how many legs there are in total when given a list of animals.

Now, how many legs are there in total if you have 2 fireflys, 4 birds, 12 lobsters, 14 spiders, 4 praying mantiss, 3 elephants, 11 bees, 11 tigers, 4 chickens?
",406
"Your task is to count how many legs there are in total when given a list of animals.

Now, how many legs are there in total if you have 14 chickens, 3 starfishs, 15 elephants?
",103
"Your task is to count how many legs there are in total when given a list of animals.

Now, how many legs are there in total if you have 1 cat, 6 sea slugs, 6 butterflys, 3 dogs, 3 spiders, 2 chickens?
",80
"Your task is to count how many legs there are in total when given a list of animals.

Now, how many legs are there in total if you have 11 crabs, 12 horses, 11 flatworms, 8 tigers, 6 praying mantiss, 7 woodlouses, 3 grasshoppers?
",342
"Your task is to count how many legs there are in total when given a list of animals.

Now, how many legs are there in total if you have 2 cats, 11 woodlouses, 11 sheeps?
",206
"Your task is to count how many legs there are in total when given a list of animals.

Now, how many legs are there in total if you have 2 snakes, 9 wasps, 11 cats, 8 sea slugs, 12 sheeps, 14 elephants, 14 crabs, 2 insects, 9 leechs?
",354
"Your task is to count how many legs there are in total when given a list of animals.

Now, how many legs are there in total if you have 10 giraffes, 15 sea slugs, 14 insects, 14 ants, 14 ducks, 11 grasshoppers, 15 butterflys, 10 lions?
",432
"Your task is to count how many legs there are in total when given a list of animals.

Now, how many legs are there in total if you have 13 jellyfishs, 9 flatworms, 6 starfishs, 11 ducks, 15 dogs, 3 woodlouses, 13 scorpions, 2 grasshoppers, 7 chickens?
",284
"Your task is to count how many legs there are in total when given a list of animals.

Now, how many legs are there in total if you have 7 grasshoppers, 9 elephants, 9 sheeps, 15 sea slugs, 5 horses?
",134
"Your task is to count how many legs there are in total when given a list of animals.

Now, how many legs are there in total if you have 4 grasshoppers, 13 starfishs, 15 lobsters, 4 cockroachs, 15 elephants, 2 woodlouses, 11 sea slugs, 3 ducks?
",357
"Your task is to count how many legs there are in total when given a list of animals.

Now, how many legs are there in total if you have 4 ants, 2 birds, 11 sheeps?
",72
"Your task is to count how many legs there are in total when given a list of animals.

Now, how many legs are there in total if you have 10 cows, 1 firefly, 5 shrimps, 6 sea slugs, 15 bees, 12 birds?
",210
"Your task is to count how many legs there are in total when given a list of animals.

Now, how many legs are there in total if you have 5 giraffes, 12 cows, 6 tigers, 11 woodlouses, 13 humans, 15 ants, 7 leechs?
",362
"Your task is to count how many legs there are in total when given a list of animals.

Now, how many legs are there in total if you have 12 cows, 14 birds, 6 butterflys, 8 ants, 4 lions, 6 flatworms, 6 tigers?
",200
"Your task is to count how many legs there are in total when given a list of animals.

Now, how many legs are there in total if you have 8 crabs, 1 jellyfish, 3 ants, 1 bird, 11 sheeps, 13 crickets, 8 cats, 6 dogs?
",278
"Your task is to count how many legs there are in total when given a list of animals.

Now, how many legs are there in total if you have 4 giraffes, 12 praying mantiss, 6 deers, 4 wasps, 8 grasshoppers, 15 spiders?
",304
"Your task is to count how many legs there are in total when given a list of animals.

Now, how many legs are there in total if you have 9 crickets, 8 chickens, 11 spiders, 12 deers, 10 elephants, 2 butterflys?
",258
"Your task is to count how many legs there are in total when given a list of animals.

Now, how many legs are there in total if you have 1 giraffe, 8 sheeps, 4 starfishs, 8 jellyfishs?
",56
"Your task is to count how many legs there are in total when given a list of animals.

Now, how many legs are there in total if you have 9 butterflys, 14 cockroachs, 11 horses, 1 wasp, 13 scorpions, 10 humans, 10 bees, 6 crabs?
",432
"Your task is to count how many legs there are in total when given a list of animals.

Now, how many legs are there in total if you have 4 horses, 2 praying mantiss, 7 leechs, 15 lobsters?
",178
"Your task is to count how many legs there are in total when given a list of animals.

Now, how many legs are there in total if you have 10 cows, 3 ducks, 13 horses, 1 beetle, 9 dogs, 12 snakes?
",140
"Your task is to count how many legs there are in total when given a list of animals.

Now, how many legs are there in total if you have 14 jellyfishs, 14 shrimps, 12 flatworms, 9 cows, 12 beetles, 6 ants, 12 fireflys, 2 horses, 10 deers, 6 elephants?
",428
"Your task is to count how many legs there are in total when given a list of animals.

Now, how many legs are there in total if you have 5 beetles, 3 chickens, 11 cockroachs, 4 giraffes, 2 grasshoppers, 14 scorpions, 4 sea slugs, 8 bees, 15 flatworms?
",290
"Your task is to count how many legs there are in total when given a list of animals.

Now, how many legs are there in total if you have 13 woodlouses, 2 elephants, 14 shrimps, 10 praying mantiss, 15 crabs, 15 dogs?
",600
"Your task is to count how many legs there are in total when given a list of animals.

Now, how many legs are there in total if you have 10 elephants, 3 lobsters, 15 crickets, 9 tigers, 8 lions?
",228
"Your task is to count how many legs there are in total when given a list of animals.

Now, how many legs are there in total if you have 11 starfishs, 15 lobsters, 15 sea slugs, 14 crickets, 8 spiders?
",353
"Your task is to count how many legs there are in total when given a list of animals.

Now, how many legs are there in total if you have 13 ducks, 13 bees, 15 insects?
",194
"Your task is to count how many legs there are in total when given a list of animals.

Now, how many legs are there in total if you have 3 humans, 7 elephants, 3 chickens, 9 leechs, 2 deers, 6 scorpions, 5 fireflys?
",126
"Your task is to count how many legs there are in total when given a list of animals.

Now, how many legs are there in total if you have 2 crabs, 14 elephants, 2 fireflys, 5 shrimps, 4 lions?
",154
"Your task is to count how many legs there are in total when given a list of animals.

Now, how many legs are there in total if you have 6 tigers, 6 flatworms, 8 grasshoppers, 10 scorpions, 15 fireflys, 2 elephants, 5 crabs, 7 ducks?
",314
"Your task is to count how many legs there are in total when given a list of animals.

Now, how many legs are there in total if you have 3 scorpions, 1 jellyfish, 2 giraffes, 1 leech, 14 chickens, 14 sea slugs, 8 ducks, 3 cockroachs?
",94
"Your task is to count how many legs there are in total when given a list of animals.

Now, how many legs are there in total if you have 10 spiders, 12 butterflys, 5 chickens, 13 bees, 6 dogs, 12 starfishs, 15 sheeps, 12 lobsters?
",504
"Your task is to count how many legs there are in total when given a list of animals.

Now, how many legs are there in total if you have 8 cats, 10 giraffes, 2 grasshoppers, 12 flatworms, 10 cows, 6 crickets, 6 cockroachs, 8 deers, 5 butterflys, 2 snakes?
",258
"Your task is to count how many legs there are in total when given a list of animals.

Now, how many legs are there in total if you have 9 chickens, 10 crickets, 10 leechs, 1 woodlouse, 2 dogs, 3 cats, 5 flatworms, 5 deers?
",132
"Your task is to count how many legs there are in total when given a list of animals.

Now, how many legs are there in total if you have 7 horses, 1 dog, 6 grasshoppers, 7 birds?
",82
"Your task is to count how many legs there are in total when given a list of animals.

Now, how many legs are there in total if you have 10 jellyfishs, 13 insects, 9 dogs?
",114
"Your task is to count how many legs there are in total when given a list of animals.

Now, how many legs are there in total if you have 14 butterflys, 3 leechs, 11 giraffes, 5 lobsters?
",178
"Your task is to count how many legs there are in total when given a list of animals.

Now, how many legs are there in total if you have 5 sea slugs, 9 spiders, 4 crabs, 4 shrimps, 10 scorpions, 12 cats, 7 snakes, 13 birds?
",306
"Your task is to count how many legs there are in total when given a list of animals.

Now, how many legs are there in total if you have 2 crickets, 6 flatworms, 13 cockroachs, 6 starfishs, 10 cats, 11 tigers, 14 shrimps, 4 snakes?
",344
"Your task is to count how many legs there are in total when given a list of animals.

Now, how many legs are there in total if you have 15 bees, 14 praying mantiss, 5 leechs, 10 butterflys, 13 birds, 3 dogs, 4 grasshoppers, 4 cats, 7 ducks?
",326
"Your task is to count how many legs there are in total when given a list of animals.

Now, how many legs are there in total if you have 13 sheeps, 12 fireflys, 10 leechs, 11 cockroachs, 8 ants?
",238
"Your task is to count how many legs there are in total when given a list of animals.

Now, how many legs are there in total if you have 2 crabs, 12 bees, 8 butterflys?
",140
"Your task is to count how many legs there are in total when given a list of animals.

Now, how many legs are there in total if you have 4 ants, 5 sea slugs, 15 butterflys, 11 fireflys, 4 flatworms, 10 lobsters, 13 leechs, 14 lions, 12 snakes, 7 chickens?
",350
"Your task is to count how many legs there are in total when given a list of animals.

Now, how many legs are there in total if you have 8 fireflys, 8 horses, 6 praying mantiss, 2 birds, 7 insects, 10 tigers, 8 crickets, 2 sheeps, 5 butterflys?
",288
"Your task is to count how many legs there are in total when given a list of animals.

Now, how many legs are there in total if you have 7 deers, 13 spiders, 2 lobsters, 6 cats, 9 snakes, 2 crickets, 9 tigers?
",224
"Your task is to count how many legs there are in total when given a list of animals.

Now, how many legs are there in total if you have 5 wasps, 7 cats, 8 leechs, 11 jellyfishs, 9 giraffes, 10 shrimps, 5 praying mantiss, 11 cows, 15 lions?
",328
"Your task is to count how many legs there are in total when given a list of animals.

Now, how many legs are there in total if you have 4 bees, 15 praying mantiss, 9 giraffes, 10 grasshoppers, 12 spiders, 3 chickens, 5 ducks, 10 birds, 12 elephants, 15 horses?
",450
"Your task is to count how many legs there are in total when given a list of animals.

Now, how many legs are there in total if you have 13 sheeps, 4 lobsters, 6 dogs?
",116
"Your task is to count how many legs there are in total when given a list of animals.

Now, how many legs are there in total if you have 6 grasshoppers, 12 dogs, 9 elephants, 12 leechs, 1 cockroach, 6 crabs, 4 spiders, 4 ducks, 1 giraffe?
",230
"Your task is to count how many legs there are in total when given a list of animals.

Now, how many legs are there in total if you have 12 scorpions, 6 tigers, 12 grasshoppers, 8 ants, 11 lions, 10 snakes, 15 butterflys, 3 shrimps?
",404
"Your task is to count how many legs there are in total when given a list of animals.

Now, how many legs are there in total if you have 10 insects, 13 jellyfishs, 3 beetles?
",78
"Your task is to count how many legs there are in total when given a list of animals.

Now, how many legs are there in total if you have 3 starfishs, 5 crickets, 11 beetles, 6 bees, 9 jellyfishs, 6 praying mantiss, 6 crabs, 10 lions, 2 humans, 14 tigers?
",343
"Your task is to count how many legs there are in total when given a list of animals.

Now, how many legs are there in total if you have 1 grasshopper, 14 birds, 12 deers, 8 crabs, 13 lions, 10 snakes, 3 starfishs, 14 woodlouses?
",425
"Your task is to count how many legs there are in total when given a list of animals.

Now, how many legs are there in total if you have 3 dogs, 11 lobsters, 4 crickets, 14 horses?
",202
"Your task is to count how many legs there are in total when given a list of animals.

Now, how many legs are there in total if you have 10 shrimps, 15 chickens, 8 crickets?
",178
"Your task is to count how many legs there are in total when given a list of animals.

Now, how many legs are there in total if you have 13 leechs, 7 grasshoppers, 2 fireflys, 5 lions, 10 flatworms, 13 deers?
",126
"Your task is to count how many legs there are in total when given a list of animals.

Now, how many legs are there in total if you have 4 sea slugs, 4 cows, 3 jellyfishs, 11 tigers, 5 shrimps, 7 crabs, 2 horses, 2 elephants, 5 lions?
",216
"Your task is to count how many legs there are in total when given a list of animals.

Now, how many legs are there in total if you have 13 lobsters, 1 grasshopper, 12 praying mantiss, 10 ants, 10 beetles, 4 crabs, 13 shrimps, 7 humans?
",512
"Your task is to count how many legs there are in total when given a list of animals.

Now, how many legs are there in total if you have 1 ant, 1 bee, 9 tigers, 11 ducks, 5 praying mantiss, 9 cockroachs, 10 spiders, 11 beetles, 11 fireflys?
",366
"Your task is to count how many legs there are in total when given a list of animals.

Now, how many legs are there in total if you have 12 lobsters, 13 horses, 1 crab, 15 cats, 14 insects, 14 elephants, 6 cockroachs?
",418
"Your task is to count how many legs there are in total when given a list of animals.

Now, how many legs are there in total if you have 5 fireflys, 15 insects, 11 woodlouses, 4 crabs, 13 shrimps, 9 lions, 1 butterfly, 6 humans, 15 birds?
",528
"Your task is to count how many legs there are in total when given a list of animals.

Now, how many legs are there in total if you have 9 lobsters, 7 birds, 7 cockroachs, 10 horses?
",186
"Your task is to count how many legs there are in total when given a list of animals.

Now, how many legs are there in total if you have 1 sea slug, 14 cockroachs, 11 ants, 4 birds, 10 snakes, 1 firefly?
",164
"Your task is to count how many legs there are in total when given a list of animals.

Now, how many legs are there in total if you have 12 jellyfishs, 12 grasshoppers, 4 humans, 6 cows, 3 deers, 4 elephants, 3 cockroachs, 7 snakes?
",150
"Your task is to count how many legs there are in total when given a list of animals.

Now, how many legs are there in total if you have 14 sea slugs, 4 leechs, 6 starfishs?
",30
"Your task is to count how many legs there are in total when given a list of animals.

Now, how many legs are there in total if you have 1 butterfly, 14 chickens, 14 starfishs, 8 sea slugs, 9 ducks?
",122
"Your task is to count how many legs there are in total when given a list of animals.

Now, how many legs are there in total if you have 2 butterflys, 14 ants, 7 cows, 11 beetles, 12 fireflys, 2 birds, 14 jellyfishs, 14 shrimps, 13 wasps, 6 lions?
",508
"Your task is to count how many legs there are in total when given a list of animals.

Now, how many legs are there in total if you have 6 butterflys, 14 leechs, 14 spiders, 3 ants, 7 beetles, 13 deers, 1 lobster, 4 starfishs, 4 chickens, 6 tigers?
",322
"Your task is to count how many legs there are in total when given a list of animals.

Now, how many legs are there in total if you have 9 giraffes, 4 starfishs, 9 sheeps, 2 ducks, 8 elephants, 15 chickens?
",158
"Your task is to count how many legs there are in total when given a list of animals.

Now, how many legs are there in total if you have 1 praying mantis, 11 beetles, 5 grasshoppers, 4 jellyfishs, 10 lions?
",142
"Your task is to count how many legs there are in total when given a list of animals.

Now, how many legs are there in total if you have 6 woodlouses, 3 beetles, 14 shrimps, 6 sheeps?
",266
"Your task is to count how many legs there are in total when given a list of animals.

Now, how many legs are there in total if you have 3 leechs, 14 horses, 8 insects, 5 deers, 4 crabs, 6 snakes, 6 bees, 7 shrimps?
",270
"Your task is to count how many legs there are in total when given a list of animals.

Now, how many legs are there in total if you have 8 cows, 13 lions, 10 jellyfishs, 3 cats?
",96
"Your task is to count how many legs there are in total when given a list of animals.

Now, how many legs are there in total if you have 8 spiders, 9 deers, 4 jellyfishs, 5 fireflys, 6 crabs, 13 beetles, 6 humans?
",280
"Your task is to count how many legs there are in total when given a list of animals.

Now, how many legs are there in total if you have 3 butterflys, 4 flatworms, 8 spiders, 14 cows, 2 crabs, 12 ants, 3 jellyfishs, 7 dogs, 6 sheeps?
",282
"Your task is to count how many legs there are in total when given a list of animals.

Now, how many legs are there in total if you have 11 cockroachs, 11 chickens, 1 tiger, 10 woodlouses, 11 ants, 4 sea slugs, 13 giraffes?
",350
"Your task is to count how many legs there are in total when given a list of animals.

Now, how many legs are there in total if you have 8 starfishs, 8 tigers, 9 humans?
",90
"Your task is to count how many legs there are in total when given a list of animals.

Now, how many legs are there in total if you have 3 fireflys, 2 bees, 1 insect?
",36
"Your task is to count how many legs there are in total when given a list of animals.

Now, how many legs are there in total if you have 14 ducks, 8 crabs, 12 tigers?
",156
"Your task is to count how many legs there are in total when given a list of animals.

Now, how many legs are there in total if you have 14 deers, 8 beetles, 5 birds?
",114
"Your task is to count how many legs there are in total when given a list of animals.

Now, how many legs are there in total if you have 8 bees, 1 praying mantis, 6 chickens, 8 tigers, 14 butterflys, 3 wasps, 15 crickets?
",290
"Your task is to count how many legs there are in total when given a list of animals.

Now, how many legs are there in total if you have 11 leechs, 6 insects, 14 woodlouses, 12 chickens, 14 grasshoppers, 11 scorpions, 13 lions, 3 cockroachs, 6 lobsters, 7 deers?
",586
"Your task is to count how many legs there are in total when given a list of animals.

Now, how many legs are there in total if you have 3 insects, 7 tigers, 10 humans?
",66
"Your task is to count how many legs there are in total when given a list of animals.

Now, how many legs are there in total if you have 12 spiders, 1 firefly, 8 shrimps, 10 flatworms, 13 scorpions, 8 crickets, 3 insects?
",352
"Your task is to count how many legs there are in total when given a list of animals.

Now, how many legs are there in total if you have 7 cows, 15 chickens, 1 cockroach, 7 snakes, 8 sea slugs, 14 bees, 2 insects?
",160
"Your task is to count how many legs there are in total when given a list of animals.

Now, how many legs are there in total if you have 2 spiders, 14 snakes, 12 ducks, 14 giraffes, 11 jellyfishs, 9 woodlouses, 13 flatworms, 7 sea slugs?
",222
"Your task is to count how many legs there are in total when given a list of animals.

Now, how many legs are there in total if you have 10 scorpions, 14 chickens, 14 bees, 11 fireflys, 11 humans, 10 deers, 5 beetles, 6 wasps, 7 birds, 2 ducks?
",404
"Your task is to count how many legs there are in total when given a list of animals.

Now, how many legs are there in total if you have 10 sheeps, 6 dogs, 5 insects, 14 horses, 4 shrimps?
",190
"Your task is to count how many legs there are in total when given a list of animals.

Now, how many legs are there in total if you have 14 fireflys, 12 humans, 4 elephants, 2 scorpions, 13 grasshoppers, 14 shrimps, 4 lobsters, 14 cats, 8 starfishs, 2 bees?
",506
"Your task is to count how many legs there are in total when given a list of animals.

Now, how many legs are there in total if you have 12 jellyfishs, 10 fireflys, 10 horses, 14 chickens, 7 crickets?
",170
"Your task is to count how many legs there are in total when given a list of animals.

Now, how many legs are there in total if you have 15 fireflys, 13 insects, 1 woodlouse, 4 leechs, 13 tigers, 4 giraffes, 12 beetles?
",322
"Your task is to count how many legs there are in total when given a list of animals.

Now, how many legs are there in total if you have 11 tigers, 14 beetles, 10 scorpions, 7 jellyfishs?
",208
"Your task is to count how many legs there are in total when given a list of animals.

Now, how many legs are there in total if you have 8 wasps, 7 jellyfishs, 5 insects, 8 humans, 13 birds, 12 cats, 7 snakes, 8 chickens?
",184
"Your task is to count how many legs there are in total when given a list of animals.

Now, how many legs are there in total if you have 8 shrimps, 14 crabs, 15 cows, 8 lobsters, 10 insects, 9 praying mantiss?
",474
"Your task is to count how many legs there are in total when given a list of animals.

Now, how many legs are there in total if you have 10 horses, 11 snakes, 1 praying mantis, 9 crabs, 2 starfishs, 15 ants, 12 scorpions, 8 butterflys?
",380
"Your task is to count how many legs there are in total when given a list of animals.

Now, how many legs are there in total if you have 7 butterflys, 6 snakes, 6 spiders, 10 woodlouses, 3 crickets, 11 cats, 4 chickens, 14 flatworms?
",300
"Your task is to count how many legs there are in total when given a list of animals.

Now, how many legs are there in total if you have 3 spiders, 2 lobsters, 14 praying mantiss, 8 giraffes, 9 tigers, 12 humans, 11 shrimps, 14 woodlouses, 14 scorpions?
",638
"Your task is to count how many legs there are in total when given a list of animals.

Now, how many legs are there in total if you have 6 fireflys, 13 horses, 11 jellyfishs, 2 bees, 11 wasps, 11 shrimps, 9 tigers, 1 crab, 11 spiders?
",410
"Your task is to count how many legs there are in total when given a list of animals.

Now, how many legs are there in total if you have 10 giraffes, 10 horses, 5 chickens?
",90
"Your task is to count how many legs there are in total when given a list of animals.

Now, how many legs are there in total if you have 4 lions, 13 crickets, 11 scorpions, 12 cockroachs, 5 flatworms?
",254
"Your task is to count how many legs there are in total when given a list of animals.

Now, how many legs are there in total if you have 12 woodlouses, 13 wasps, 12 sheeps, 10 crabs, 3 cows?
",406
"Your task is to count how many legs there are in total when given a list of animals.

Now, how many legs are there in total if you have 13 crabs, 9 horses, 1 deer, 10 lions, 10 grasshoppers, 1 bee, 14 ants, 15 fireflys, 6 scorpions?
",498
"Your task is to count how many legs there are in total when given a list of animals.

Now, how many legs are there in total if you have 7 sheeps, 15 crabs, 11 fireflys, 15 crickets, 4 deers, 10 sea slugs, 6 ants?
",386
"Your task is to count how many legs there are in total when given a list of animals.

Now, how many legs are there in total if you have 5 dogs, 3 wasps, 7 butterflys, 5 beetles, 14 scorpions?
",222
"Your task is to count how many legs there are in total when given a list of animals.

Now, how many legs are there in total if you have 15 starfishs, 15 snakes, 4 ducks, 4 horses?
",99
"Your task is to count how many legs there are in total when given a list of animals.

Now, how many legs are there in total if you have 10 horses, 15 tigers, 14 cats, 15 sheeps?
",216
"Your task is to count how many legs there are in total when given a list of animals.

Now, how many legs are there in total if you have 1 tiger, 9 leechs, 7 crickets, 4 fireflys, 12 dogs, 6 deers, 15 spiders?
",262
"Your task is to count how many legs there are in total when given a list of animals.

Now, how many legs are there in total if you have 4 bees, 8 jellyfishs, 11 dogs, 14 insects, 8 elephants?
",184
"Your task is to count how many legs there are in total when given a list of animals.

Now, how many legs are there in total if you have 1 cricket, 6 fireflys, 6 sea slugs, 1 horse, 3 ducks?
",52
"Your task is to count how many legs there are in total when given a list of animals.

Now, how many legs are there in total if you have 7 praying mantiss, 4 humans, 7 cows, 9 snakes, 15 sheeps, 8 elephants?
",170
"Your task is to count how many legs there are in total when given a list of animals.

Now, how many legs are there in total if you have 3 grasshoppers, 11 ants, 5 snakes, 2 beetles, 9 flatworms, 1 chicken, 15 leechs, 2 crabs, 9 ducks?
",136
"Your task is to count how many legs there are in total when given a list of animals.

Now, how many legs are there in total if you have 4 snakes, 8 insects, 13 elephants?
",100
"Your task is to count how many legs there are in total when given a list of animals.

Now, how many legs are there in total if you have 5 sea slugs, 15 bees, 6 woodlouses, 5 horses, 5 giraffes, 7 cockroachs, 8 butterflys, 14 scorpions, 14 elephants, 6 insects?
",508
"Your task is to count how many legs there are in total when given a list of animals.

Now, how many legs are there in total if you have 3 praying mantiss, 10 wasps, 14 grasshoppers?
",162
"Your task is to count how many legs there are in total when given a list of animals.

Now, how many legs are there in total if you have 13 jellyfishs, 12 lobsters, 5 wasps, 2 leechs, 6 lions?
",174
"Your task is to count how many legs there are in total when given a list of animals.

Now, how many legs are there in total if you have 12 scorpions, 13 chickens, 13 cockroachs, 6 insects, 10 birds, 10 grasshoppers, 4 ducks, 9 jellyfishs, 13 beetles, 8 tigers?
",434
"Your task is to count how many legs there are in total when given a list of animals.

Now, how many legs are there in total if you have 10 wasps, 8 ducks, 7 beetles, 13 cockroachs, 14 ants, 11 giraffes, 7 praying mantiss?
",366
"Your task is to count how many legs there are in total when given a list of animals.

Now, how many legs are there in total if you have 9 dogs, 12 leechs, 13 giraffes, 9 sheeps, 4 insects, 14 woodlouses, 4 spiders, 11 chickens, 4 scorpions?
",430
"Your task is to count how many legs there are in total when given a list of animals.

Now, how many legs are there in total if you have 11 ducks, 14 starfishs, 15 flatworms, 8 lobsters?
",172
"Your task is to count how many legs there are in total when given a list of animals.

Now, how many legs are there in total if you have 2 fireflys, 1 chicken, 5 lobsters, 9 crickets, 3 ants?
",136
"Your task is to count how many legs there are in total when given a list of animals.

Now, how many legs are there in total if you have 15 woodlouses, 4 humans, 4 leechs, 4 cats, 11 butterflys?
",300
"Your task is to count how many legs there are in total when given a list of animals.

Now, how many legs are there in total if you have 7 fireflys, 2 starfishs, 11 jellyfishs, 2 praying mantiss?
",64
"Your task is to count how many legs there are in total when given a list of animals.

Now, how many legs are there in total if you have 12 crabs, 13 cockroachs, 12 insects?
",270
"Your task is to count how many legs there are in total when given a list of animals.

Now, how many legs are there in total if you have 6 praying mantiss, 13 fireflys, 9 chickens, 15 spiders, 6 cockroachs, 14 wasps, 5 birds, 12 deers?
",430
"Your task is to count how many legs there are in total when given a list of animals.

Now, how many legs are there in total if you have 8 starfishs, 1 scorpion, 13 ants, 9 elephants, 8 wasps, 1 deer, 10 birds, 2 cockroachs, 7 shrimps, 15 jellyfishs?
",316
"Your task is to count how many legs there are in total when given a list of animals.

Now, how many legs are there in total if you have 6 flatworms, 10 wasps, 9 shrimps, 6 sea slugs?
",150
"Your task is to count how many legs there are in total when given a list of animals.

Now, how many legs are there in total if you have 14 cats, 12 giraffes, 7 birds, 14 fireflys, 11 praying mantiss, 14 ants, 7 sheeps, 13 beetles?
",458
"Your task is to count how many legs there are in total when given a list of animals.

Now, how many legs are there in total if you have 4 crabs, 12 woodlouses, 9 grasshoppers, 4 wasps, 1 cow, 10 snakes?
",290
"Your task is to count how many legs there are in total when given a list of animals.

Now, how many legs are there in total if you have 4 butterflys, 13 lions, 6 wasps, 9 chickens, 13 sheeps, 4 ants, 15 shrimps, 7 ducks?
",370
"Your task is to count how many legs there are in total when given a list of animals.

Now, how many legs are there in total if you have 6 shrimps, 13 bees, 13 grasshoppers, 4 ducks, 1 beetle, 14 butterflys?
",314
"Your task is to count how many legs there are in total when given a list of animals.

Now, how many legs are there in total if you have 13 snakes, 14 cockroachs, 11 lobsters, 11 grasshoppers, 12 flatworms?
",260
"Your task is to count how many legs there are in total when given a list of animals.

Now, how many legs are there in total if you have 9 lobsters, 6 horses, 14 dogs?
",170
"Your task is to count how many legs there are in total when given a list of animals.

Now, how many legs are there in total if you have 5 spiders, 14 crabs, 8 beetles, 1 snake, 6 scorpions, 11 lobsters?
",386
"Your task is to count how many legs there are in total when given a list of animals.

Now, how many legs are there in total if you have 4 grasshoppers, 14 deers, 12 praying mantiss, 10 spiders?
",232
"Your task is to count how many legs there are in total when given a list of animals.

Now, how many legs are there in total if you have 15 ducks, 10 cockroachs, 6 jellyfishs, 8 scorpions, 14 leechs?
",154
"Your task is to count how many legs there are in total when given a list of animals.

Now, how many legs are there in total if you have 9 woodlouses, 9 birds, 5 crabs, 5 humans, 3 deers, 9 cows, 8 cats, 13 lobsters, 3 butterflys?
",432
"Your task is to count how many legs there are in total when given a list of animals.

Now, how many legs are there in total if you have 12 woodlouses, 14 dogs, 8 flatworms, 6 jellyfishs, 4 tigers, 14 leechs, 2 ducks?
",244
"Your task is to count how many legs there are in total when given a list of animals.

Now, how many legs are there in total if you have 11 lions, 9 leechs, 5 fireflys, 10 chickens?
",94
"Your task is to count how many legs there are in total when given a list of animals.

Now, how many legs are there in total if you have 1 spider, 5 cats, 5 praying mantiss, 3 chickens, 13 insects, 3 grasshoppers?
",160
"Your task is to count how many legs there are in total when given a list of animals.

Now, how many legs are there in total if you have 11 bees, 5 birds, 6 sheeps, 10 crabs, 7 insects, 7 lobsters, 13 horses, 4 lions, 3 ants?
",398
"Your task is to count how many legs there are in total when given a list of animals.

Now, how many legs are there in total if you have 11 snakes, 3 cats, 5 grasshoppers, 7 birds, 11 horses, 15 beetles, 5 butterflys?
",220
"Your task is to count how many legs there are in total when given a list of animals.

Now, how many legs are there in total if you have 3 crabs, 10 humans, 2 insects, 2 woodlouses, 3 cockroachs, 7 fireflys?
",150
"Your task is to count how many legs there are in total when given a list of animals.

Now, how many legs are there in total if you have 7 fireflys, 1 deer, 1 spider, 15 horses, 1 giraffe, 7 ants, 13 ducks, 1 chicken?
",188
"Your task is to count how many legs there are in total when given a list of animals.

Now, how many legs are there in total if you have 15 cows, 7 lions, 15 giraffes, 1 praying mantis, 8 beetles, 6 chickens, 12 deers, 3 birds?
",268
"Your task is to count how many legs there are in total when given a list of animals.

Now, how many legs are there in total if you have 1 scorpion, 8 crickets, 6 sheeps, 1 wasp, 12 deers, 3 lobsters, 8 cats, 5 tigers, 9 praying mantiss?
",270
"Your task is to count how many legs there are in total when given a list of animals.

Now, how many legs are there in total if you have 8 cows, 12 wasps, 12 insects, 3 butterflys, 8 tigers, 8 woodlouses, 4 praying mantiss, 13 sheeps?
",414
"Your task is to count how many legs there are in total when given a list of animals.

Now, how many legs are there in total if you have 8 insects, 14 deers, 4 woodlouses, 5 sheeps, 12 praying mantiss, 5 bees, 11 humans, 11 horses?
",348
"Your task is to count how many legs there are in total when given a list of animals.

Now, how many legs are there in total if you have 4 dogs, 9 leechs, 5 deers, 12 ducks, 12 horses, 2 fireflys, 2 jellyfishs?
",120
"Your task is to count how many legs there are in total when given a list of animals.

Now, how many legs are there in total if you have 9 chickens, 2 bees, 12 spiders, 10 wasps?
",186
"Your task is to count how many legs there are in total when given a list of animals.

Now, how many legs are there in total if you have 5 horses, 4 chickens, 11 birds, 11 dogs, 10 snakes, 7 lobsters?
",164
"Your task is to count how many legs there are in total when given a list of animals.

Now, how many legs are there in total if you have 9 humans, 10 bees, 9 ants, 2 flatworms, 3 dogs?
",144
"Your task is to count how many legs there are in total when given a list of animals.

Now, how many legs are there in total if you have 7 fireflys, 10 tigers, 8 grasshoppers?
",130
"Your task is to count how many legs there are in total when given a list of animals.

Now, how many legs are there in total if you have 3 beetles, 9 leechs, 14 cats, 4 giraffes, 13 deers?
",142
"Your task is to count how many legs there are in total when given a list of animals.

Now, how many legs are there in total if you have 2 lions, 3 wasps, 11 starfishs, 12 horses, 1 sea slug, 4 birds?
",137
"Your task is to count how many legs there are in total when given a list of animals.

Now, how many legs are there in total if you have 5 scorpions, 13 wasps, 7 spiders, 13 woodlouses?
",356
"Your task is to count how many legs there are in total when given a list of animals.

Now, how many legs are there in total if you have 2 starfishs, 14 giraffes, 4 chickens, 2 lions, 12 dogs, 2 cows?
",138
"Your task is to count how many legs there are in total when given a list of animals.

Now, how many legs are there in total if you have 10 wasps, 3 cockroachs, 10 sea slugs, 15 crickets, 10 ducks?
",188
"Your task is to count how many legs there are in total when given a list of animals.

Now, how many legs are there in total if you have 5 giraffes, 8 scorpions, 6 butterflys, 10 crabs, 10 starfishs, 4 lobsters, 4 cockroachs, 7 praying mantiss?
",376
"Your task is to count how many legs there are in total when given a list of animals.

Now, how many legs are there in total if you have 2 jellyfishs, 9 lobsters, 14 cats, 11 starfishs, 7 leechs?
",201
"Your task is to count how many legs there are in total when given a list of animals.

Now, how many legs are there in total if you have 15 chickens, 1 spider, 3 snakes?
",38
"Your task is to count how many legs there are in total when given a list of animals.

Now, how many legs are there in total if you have 9 dogs, 3 sheeps, 1 horse, 4 scorpions, 13 bees, 2 crabs, 1 ant?
",188
"Your task is to count how many legs there are in total when given a list of animals.

Now, how many legs are there in total if you have 7 spiders, 11 humans, 7 dogs, 6 crabs?
",166
"Your task is to count how many legs there are in total when given a list of animals.

Now, how many legs are there in total if you have 15 crabs, 14 spiders, 6 sea slugs?
",262
"Your task is to count how many legs there are in total when given a list of animals.

Now, how many legs are there in total if you have 7 flatworms, 2 jellyfishs, 2 horses, 12 birds, 13 fireflys, 7 deers, 6 leechs, 13 cockroachs, 9 cats, 11 elephants?
",296
"Your task is to count how many legs there are in total when given a list of animals.

Now, how many legs are there in total if you have 14 starfishs, 10 giraffes, 3 jellyfishs, 15 snakes, 14 crickets, 15 lions, 9 tigers, 8 flatworms?
",290
"Your task is to count how many legs there are in total when given a list of animals.

Now, how many legs are there in total if you have 5 sheeps, 10 crabs, 10 deers, 3 chickens?
",166
"Your task is to count how many legs there are in total when given a list of animals.

Now, how many legs are there in total if you have 10 grasshoppers, 10 woodlouses, 4 birds, 13 giraffes, 10 insects, 12 flatworms, 15 lobsters?
",470
"Your task is to count how many legs there are in total when given a list of animals.

Now, how many legs are there in total if you have 4 beetles, 12 giraffes, 15 chickens, 8 crabs?
",182
"Your task is to count how many legs there are in total when given a list of animals.

Now, how many legs are there in total if you have 10 humans, 10 horses, 6 giraffes?
",84
"Your task is to count how many legs there are in total when given a list of animals.

Now, how many legs are there in total if you have 14 dogs, 12 scorpions, 5 ducks, 15 woodlouses, 7 shrimps, 9 giraffes, 11 bees, 11 spiders?
",632
"Your task is to count how many legs there are in total when given a list of animals.

Now, how many legs are there in total if you have 9 beetles, 6 giraffes, 3 crickets, 10 cows, 13 tigers, 15 crabs?
",338
"Your task is to count how many legs there are in total when given a list of animals.

Now, how many legs are there in total if you have 1 firefly, 8 sheeps, 6 cats, 3 crabs, 5 birds, 11 crickets, 10 horses, 12 chickens, 12 shrimps?
",352
"Your task is to count how many legs there are in total when given a list of animals.

Now, how many legs are there in total if you have 4 scorpions, 6 birds, 8 giraffes, 14 chickens, 11 sea slugs, 3 fireflys?
",122
"Your task is to count how many legs there are in total when given a list of animals.

Now, how many legs are there in total if you have 3 sheeps, 15 wasps, 12 praying mantiss?
",174
"Your task is to count how many legs there are in total when given a list of animals.

Now, how many legs are there in total if you have 13 horses, 6 lobsters, 11 scorpions?
",200
"Your task is to count how many legs there are in total when given a list of animals.

Now, how many legs are there in total if you have 4 ants, 12 woodlouses, 10 grasshoppers, 13 shrimps, 4 cockroachs?
",406
"Your task is to count how many legs there are in total when given a list of animals.

Now, how many legs are there in total if you have 10 fireflys, 10 sea slugs, 5 horses, 11 birds, 4 sheeps, 7 lions, 11 cockroachs, 4 tigers, 14 starfishs, 14 scorpions?
",410
"Your task is to count how many legs there are in total when given a list of animals.

Now, how many legs are there in total if you have 4 tigers, 9 ducks, 13 ants?
",112
"Your task is to count how many legs there are in total when given a list of animals.

Now, how many legs are there in total if you have 2 dogs, 12 elephants, 4 fireflys, 5 birds, 9 beetles, 15 starfishs, 13 scorpions, 13 crabs, 14 grasshoppers?
",537
"Your task is to count how many legs there are in total when given a list of animals.

Now, how many legs are there in total if you have 9 flatworms, 4 lobsters, 7 sea slugs, 5 beetles, 1 giraffe, 3 cockroachs, 7 humans, 8 woodlouses, 3 butterflys?
",236
"Your task is to count how many legs there are in total when given a list of animals.

Now, how many legs are there in total if you have 1 spider, 15 wasps, 7 crabs, 4 starfishs?
",188
"Your task is to count how many legs there are in total when given a list of animals.

Now, how many legs are there in total if you have 15 wasps, 14 lobsters, 4 cockroachs, 5 grasshoppers, 13 flatworms, 5 sea slugs, 12 woodlouses?
",452
"Your task is to count how many legs there are in total when given a list of animals.

Now, how many legs are there in total if you have 10 lions, 12 jellyfishs, 4 cows, 2 woodlouses, 2 horses, 4 beetles, 9 ducks, 7 tigers, 14 grasshoppers, 5 flatworms?
",246
"Your task is to count how many legs there are in total when given a list of animals.

Now, how many legs are there in total if you have 4 butterflys, 7 beetles, 4 cows, 13 chickens, 15 cockroachs, 11 giraffes, 11 birds, 2 lobsters?
",284
"Your task is to count how many legs there are in total when given a list of animals.

Now, how many legs are there in total if you have 7 woodlouses, 3 grasshoppers, 7 lobsters, 4 elephants, 12 giraffes, 4 fireflys, 2 butterflys, 8 wasps?
",334
"Your task is to count how many legs there are in total when given a list of animals.

Now, how many legs are there in total if you have 4 scorpions, 13 lobsters, 6 praying mantiss, 11 snakes?
",198
"Your task is to count how many legs there are in total when given a list of animals.

Now, how many legs are there in total if you have 10 cats, 12 giraffes, 1 dog, 4 woodlouses, 4 spiders, 7 jellyfishs, 12 ants, 7 shrimps, 2 cockroachs, 4 crickets?
",358
"Your task is to count how many legs there are in total when given a list of animals.

Now, how many legs are there in total if you have 5 praying mantiss, 13 lions, 4 spiders, 11 shrimps, 5 insects, 10 horses, 11 tigers, 11 jellyfishs, 14 crickets, 3 wasps?
",440
"Your task is to count how many legs there are in total when given a list of animals.

Now, how many legs are there in total if you have 4 insects, 14 cats, 2 snakes, 1 grasshopper, 1 praying mantis, 4 ducks, 8 sea slugs, 9 humans?
",118
"Your task is to count how many legs there are in total when given a list of animals.

Now, how many legs are there in total if you have 6 giraffes, 4 butterflys, 3 lions, 11 spiders, 12 leechs, 7 ants?
",190
"Your task is to count how many legs there are in total when given a list of animals.

Now, how many legs are there in total if you have 15 ants, 2 sea slugs, 7 ducks, 3 humans, 13 beetles, 14 leechs, 5 bees, 9 cows?
",254
"Your task is to count how many legs there are in total when given a list of animals.

Now, how many legs are there in total if you have 13 deers, 3 tigers, 6 shrimps?
",124
"Your task is to count how many legs there are in total when given a list of animals.

Now, how many legs are there in total if you have 12 chickens, 5 wasps, 10 praying mantiss, 14 snakes?
",114
"Your task is to count how many legs there are in total when given a list of animals.

Now, how many legs are there in total if you have 8 crickets, 9 giraffes, 14 cockroachs, 14 beetles, 15 praying mantiss, 14 cats, 6 insects, 2 jellyfishs, 5 sea slugs?
",434
"Your task is to count how many legs there are in total when given a list of animals.

Now, how many legs are there in total if you have 2 cats, 3 sea slugs, 11 elephants?
",52
"Your task is to count how many legs there are in total when given a list of animals.

Now, how many legs are there in total if you have 13 shrimps, 14 tigers, 7 chickens, 9 spiders, 5 praying mantiss, 14 grasshoppers, 5 scorpions?
",426
"Your task is to count how many legs there are in total when given a list of animals.

Now, how many legs are there in total if you have 8 birds, 3 crickets, 2 deers, 12 wasps, 11 fireflys, 11 insects, 2 chickens, 13 dogs, 5 crabs, 11 ants?
",418
"Your task is to count how many legs there are in total when given a list of animals.

Now, how many legs are there in total if you have 11 birds, 14 grasshoppers, 12 wasps, 3 starfishs, 1 praying mantis, 13 shrimps, 8 sheeps, 10 horses, 14 insects, 8 ants?
",533
"Your task is to count how many legs there are in total when given a list of animals.

Now, how many legs are there in total if you have 9 ants, 15 jellyfishs, 9 cats, 14 deers, 7 fireflys, 12 dogs?
",236
"Your task is to count how many legs there are in total when given a list of animals.

Now, how many legs are there in total if you have 11 wasps, 10 snakes, 2 crabs, 6 chickens?
",98
"Your task is to count how many legs there are in total when given a list of animals.

Now, how many legs are there in total if you have 14 cows, 12 praying mantiss, 10 birds?
",148
"Your task is to count how many legs there are in total when given a list of animals.

Now, how many legs are there in total if you have 13 grasshoppers, 5 wasps, 2 starfishs, 2 humans, 7 dogs, 4 jellyfishs, 10 spiders, 7 leechs, 7 cockroachs?
",272
"Your task is to count how many legs there are in total when given a list of animals.

Now, how many legs are there in total if you have 10 sheeps, 12 lobsters, 8 wasps, 11 beetles?
",274
"Your task is to count how many legs there are in total when given a list of animals.

Now, how many legs are there in total if you have 8 tigers, 9 shrimps, 9 giraffes, 10 birds, 11 crickets, 13 woodlouses, 2 fireflys, 13 jellyfishs, 11 deers, 5 bees?
",512
"Your task is to count how many legs there are in total when given a list of animals.

Now, how many legs are there in total if you have 4 dogs, 4 shrimps, 5 grasshoppers, 3 birds, 9 crickets, 10 horses, 3 tigers, 3 jellyfishs, 9 fireflys, 15 spiders?
",372
"Your task is to count how many legs there are in total when given a list of animals.

Now, how many legs are there in total if you have 4 starfishs, 4 sea slugs, 3 ants, 3 chickens, 8 praying mantiss?
",92
"Your task is to count how many legs there are in total when given a list of animals.

Now, how many legs are there in total if you have 7 sea slugs, 4 insects, 14 horses, 1 lobster, 12 elephants, 15 fireflys?
",228
"Your task is to count how many legs there are in total when given a list of animals.

Now, how many legs are there in total if you have 4 flatworms, 8 birds, 8 horses, 1 human, 2 starfishs, 10 lobsters, 12 sheeps?
",208
"Your task is to count how many legs there are in total when given a list of animals.

Now, how many legs are there in total if you have 9 cows, 8 chickens, 5 sheeps, 5 woodlouses, 13 dogs, 6 tigers, 10 wasps, 2 elephants, 8 ducks, 13 flatworms?
",302
"Your task is to count how many legs there are in total when given a list of animals.

Now, how many legs are there in total if you have 12 butterflys, 12 elephants, 12 deers, 3 sheeps, 11 leechs, 6 tigers, 7 wasps, 15 lobsters, 15 grasshoppers?
",486
"Your task is to count how many legs there are in total when given a list of animals.

Now, how many legs are there in total if you have 1 giraffe, 8 deers, 3 horses, 4 lions, 2 ducks, 13 leechs, 12 fireflys, 1 shrimp?
",150
"Your task is to count how many legs there are in total when given a list of animals.

Now, how many legs are there in total if you have 11 snakes, 10 scorpions, 13 sheeps, 14 shrimps, 1 insect, 9 cockroachs, 6 spiders?
",380
"Your task is to count how many legs there are in total when given a list of animals.

Now, how many legs are there in total if you have 1 jellyfish, 11 bees, 8 sheeps, 1 butterfly?
",104
"Your task is to count how many legs there are in total when given a list of animals.

Now, how many legs are there in total if you have 1 butterfly, 3 humans, 7 starfishs, 6 dogs, 14 deers, 6 elephants, 10 ducks, 4 wasps?
",195
"Your task is to count how many legs there are in total when given a list of animals.

Now, how many legs are there in total if you have 12 ducks, 1 sheep, 11 beetles, 13 crabs, 14 chickens?
",252
"Your task is to count how many legs there are in total when given a list of animals.

Now, how many legs are there in total if you have 2 beetles, 13 deers, 11 wasps?
",130
"Your task is to count how many legs there are in total when given a list of animals.

Now, how many legs are there in total if you have 4 spiders, 7 woodlouses, 9 deers, 2 insects, 5 cockroachs, 12 grasshoppers, 1 starfish?
",285
"Your task is to count how many legs there are in total when given a list of animals.

Now, how many legs are there in total if you have 8 sheeps, 15 snakes, 5 insects, 13 scorpions, 15 leechs, 3 horses, 1 dog, 8 grasshoppers, 6 sea slugs?
",230
"Your task is to count how many legs there are in total when given a list of animals.

Now, how many legs are there in total if you have 15 cats, 10 lobsters, 8 scorpions, 12 crickets, 13 lions, 12 insects, 13 deers, 15 humans?
",502
"Your task is to count how many legs there are in total when given a list of animals.

Now, how many legs are there in total if you have 7 ducks, 11 flatworms, 9 grasshoppers, 4 leechs, 4 elephants, 4 cats, 2 snakes, 7 crickets, 4 chickens, 11 beetles?
",216
"Your task is to count how many legs there are in total when given a list of animals.

Now, how many legs are there in total if you have 7 chickens, 14 cats, 9 butterflys, 9 flatworms, 1 elephant, 15 scorpions, 4 starfishs, 6 ants, 9 cows?
",340
"Your task is to count how many legs there are in total when given a list of animals.

Now, how many legs are there in total if you have 5 ants, 8 butterflys, 11 leechs, 9 horses, 9 humans?
",132
"Your task is to count how many legs there are in total when given a list of animals.

Now, how many legs are there in total if you have 2 spiders, 11 beetles, 12 jellyfishs, 15 cats, 1 sheep?
",146
"Your task is to count how many legs there are in total when given a list of animals.

Now, how many legs are there in total if you have 2 flatworms, 5 crabs, 8 cockroachs, 13 birds, 2 tigers, 10 scorpions, 15 deers?
",272
"Your task is to count how many legs there are in total when given a list of animals.

Now, how many legs are there in total if you have 7 sea slugs, 3 ants, 1 elephant, 14 spiders?
",134
"Your task is to count how many legs there are in total when given a list of animals.

Now, how many legs are there in total if you have 14 ducks, 15 sea slugs, 15 dogs, 5 lions, 4 praying mantiss, 2 insects, 4 bees?
",168
"Your task is to count how many legs there are in total when given a list of animals.

Now, how many legs are there in total if you have 14 sea slugs, 4 jellyfishs, 7 snakes, 9 crickets, 4 cats, 6 lions, 2 tigers?
",102
"Your task is to count how many legs there are in total when given a list of animals.

Now, how many legs are there in total if you have 15 leechs, 1 bee, 4 fireflys, 4 cows, 6 giraffes, 13 cats, 5 ants, 12 scorpions, 8 tigers, 4 grasshoppers?
",304
"Your task is to count how many legs there are in total when given a list of animals.

Now, how many legs are there in total if you have 13 spiders, 11 leechs, 2 jellyfishs, 9 woodlouses, 4 butterflys, 10 starfishs?
",304
"Your task is to count how many legs there are in total when given a list of animals.

Now, how many legs are there in total if you have 8 leechs, 12 crabs, 7 horses, 6 bees, 3 scorpions, 6 sheeps, 9 snakes, 1 chicken?
",234
"Your task is to count how many legs there are in total when given a list of animals.

Now, how many legs are there in total if you have 9 crabs, 9 spiders, 3 starfishs, 2 flatworms, 9 fireflys, 5 insects?
",261
"Your task is to count how many legs there are in total when given a list of animals.

Now, how many legs are there in total if you have 6 fireflys, 12 wasps, 10 elephants, 2 cows, 13 beetles, 1 giraffe, 11 deers, 8 insects, 10 flatworms?
",330
"Your task is to count how many legs there are in total when given a list of animals.

Now, how many legs are there in total if you have 12 birds, 13 sea slugs, 8 ducks, 10 snakes, 6 tigers, 11 cockroachs, 11 insects?
",196
"Your task is to count how many legs there are in total when given a list of animals.

Now, how many legs are there in total if you have 12 shrimps, 1 scorpion, 3 chickens, 7 sheeps, 7 crickets, 4 flatworms?
",204
"Your task is to count how many legs there are in total when given a list of animals.

Now, how many legs are there in total if you have 7 ants, 15 starfishs, 8 grasshoppers, 12 deers, 11 scorpions, 5 crickets, 4 bees, 8 ducks, 12 shrimps?
",491
"Your task is to count how many legs there are in total when given a list of animals.

Now, how many legs are there in total if you have 4 chickens, 4 starfishs, 1 sheep, 6 elephants?
",56
"Your task is to count how many legs there are in total when given a list of animals.

Now, how many legs are there in total if you have 12 wasps, 15 dogs, 15 fireflys, 5 lions, 10 cockroachs?
",302
"Your task is to count how many legs there are in total when given a list of animals.

Now, how many legs are there in total if you have 13 cockroachs, 13 woodlouses, 10 crickets, 15 grasshoppers, 12 fireflys, 4 bees, 6 leechs, 7 wasps?
",548
"Your task is to count how many legs there are in total when given a list of animals.

Now, how many legs are there in total if you have 5 sea slugs, 4 deers, 1 ant, 6 sheeps, 15 birds?
",76
"Your task is to count how many legs there are in total when given a list of animals.

Now, how many legs are there in total if you have 9 sheeps, 11 snakes, 15 starfishs, 8 spiders, 9 deers, 5 lobsters, 8 beetles?
",309
"Your task is to count how many legs there are in total when given a list of animals.

Now, how many legs are there in total if you have 13 giraffes, 13 chickens, 15 wasps, 15 tigers, 7 lobsters, 14 starfishs, 5 leechs, 5 grasshoppers, 6 elephants?
",422
"Your task is to count how many legs there are in total when given a list of animals.

Now, how many legs are there in total if you have 4 lobsters, 5 lions, 2 cows, 14 ducks, 3 crickets, 14 horses, 3 cockroachs, 9 spiders, 2 snakes, 11 sheeps?
",304
"Your task is to count how many legs there are in total when given a list of animals.

Now, how many legs are there in total if you have 2 crabs, 13 snakes, 13 bees, 14 grasshoppers, 5 ducks, 2 wasps, 8 praying mantiss, 8 cockroachs, 9 horses?
",336
"Your task is to count how many legs there are in total when given a list of animals.

Now, how many legs are there in total if you have 15 giraffes, 11 humans, 2 sheeps, 14 cats, 10 snakes, 4 butterflys, 13 lions?
",222
"Your task is to count how many legs there are in total when given a list of animals.

Now, how many legs are there in total if you have 2 lions, 11 horses, 6 bees, 11 humans, 8 woodlouses, 11 spiders?
",310
"Your task is to count how many legs there are in total when given a list of animals.

Now, how many legs are there in total if you have 2 spiders, 10 dogs, 8 wasps, 1 flatworm?
",104
"Your task is to count how many legs there are in total when given a list of animals.

Now, how many legs are there in total if you have 1 duck, 2 fireflys, 15 beetles?
",104
"Your task is to count how many legs there are in total when given a list of animals.

Now, how many legs are there in total if you have 9 beetles, 9 starfishs, 13 ants, 14 chickens, 12 shrimps, 9 crabs, 14 praying mantiss, 14 birds?
",527
"Your task is to count how many legs there are in total when given a list of animals.

Now, how many legs are there in total if you have 9 wasps, 10 lobsters, 8 fireflys, 13 bees, 1 crab, 6 elephants?
",314
"Your task is to count how many legs there are in total when given a list of animals.

Now, how many legs are there in total if you have 13 lobsters, 3 insects, 6 tigers, 11 crickets, 1 lion, 11 ants, 6 ducks?
",320
"Your task is to count how many legs there are in total when given a list of animals.

Now, how many legs are there in total if you have 12 bees, 3 woodlouses, 15 elephants?
",174
"Your task is to count how many legs there are in total when given a list of animals.

Now, how many legs are there in total if you have 8 praying mantiss, 12 crickets, 8 bees, 1 jellyfish, 5 humans, 3 insects, 3 giraffes, 4 lobsters, 3 flatworms, 12 crabs?
",368
"Your task is to count how many legs there are in total when given a list of animals.

Now, how many legs are there in total if you have 3 ants, 3 shrimps, 12 deers, 14 praying mantiss, 4 jellyfishs?
",180
"Your task is to count how many legs there are in total when given a list of animals.

Now, how many legs are there in total if you have 5 crabs, 9 cockroachs, 11 leechs, 11 chickens?
",126
"Your task is to count how many legs there are in total when given a list of animals.

Now, how many legs are there in total if you have 5 wasps, 2 sea slugs, 15 cows, 6 cockroachs, 13 ants?
",204
"Your task is to count how many legs there are in total when given a list of animals.

Now, how many legs are there in total if you have 14 fireflys, 10 sea slugs, 9 wasps, 8 insects, 15 snakes, 8 grasshoppers, 6 ants?
",270
"Your task is to count how many legs there are in total when given a list of animals.

Now, how many legs are there in total if you have 4 leechs, 4 lobsters, 5 grasshoppers, 8 cows, 6 chickens, 13 crickets, 14 ducks, 3 giraffes?
",232
"Your task is to count how many legs there are in total when given a list of animals.

Now, how many legs are there in total if you have 1 bee, 11 cows, 10 sea slugs, 5 birds?
",60
"Your task is to count how many legs there are in total when given a list of animals.

Now, how many legs are there in total if you have 10 fireflys, 8 shrimps, 13 chickens, 11 lions, 4 leechs, 4 cows?
",226
"Your task is to count how many legs there are in total when given a list of animals.

Now, how many legs are there in total if you have 6 cats, 14 shrimps, 14 giraffes, 9 elephants, 15 deers, 2 woodlouses, 7 cockroachs?
",386
"Your task is to count how many legs there are in total when given a list of animals.

Now, how many legs are there in total if you have 7 elephants, 2 flatworms, 6 sea slugs, 4 cows, 14 woodlouses, 8 crabs?
",320
"Your task is to count how many legs there are in total when given a list of animals.

Now, how many legs are there in total if you have 13 humans, 15 sheeps, 3 horses?
",98
"Your task is to count how many legs there are in total when given a list of animals.

Now, how many legs are there in total if you have 15 fireflys, 5 wasps, 14 leechs, 5 sea slugs, 7 crickets, 14 birds, 2 deers?
",198
"Your task is to count how many legs there are in total when given a list of animals.

Now, how many legs are there in total if you have 12 bees, 9 flatworms, 8 chickens, 14 cows, 11 woodlouses, 7 dogs?
",326
"Your task is to count how many legs there are in total when given a list of animals.

Now, how many legs are there in total if you have 5 starfishs, 1 tiger, 4 grasshoppers, 12 bees, 9 flatworms, 14 birds, 4 beetles?
",177
"Your task is to count how many legs there are in total when given a list of animals.

Now, how many legs are there in total if you have 9 butterflys, 15 cows, 13 ducks?
",140
"Your task is to count how many legs there are in total when given a list of animals.

Now, how many legs are there in total if you have 4 starfishs, 9 praying mantiss, 6 insects, 12 butterflys?
",182
"Your task is to count how many legs there are in total when given a list of animals.

Now, how many legs are there in total if you have 7 horses, 5 praying mantiss, 14 flatworms, 3 cows, 3 humans?
",76
"Your task is to count how many legs there are in total when given a list of animals.

Now, how many legs are there in total if you have 14 ants, 10 flatworms, 8 snakes, 15 beetles, 1 human, 15 starfishs, 3 dogs, 6 leechs?
",263
"Your task is to count how many legs there are in total when given a list of animals.

Now, how many legs are there in total if you have 15 flatworms, 6 grasshoppers, 6 ducks, 4 starfishs?
",68
"Your task is to count how many legs there are in total when given a list of animals.

Now, how many legs are there in total if you have 14 snakes, 2 shrimps, 2 cockroachs, 6 insects?
",68
"Your task is to count how many legs there are in total when given a list of animals.

Now, how many legs are there in total if you have 1 deer, 12 butterflys, 1 shrimp, 3 praying mantiss, 3 grasshoppers, 7 giraffes, 12 lobsters, 4 beetles, 9 elephants, 2 scorpions?
",346
"Your task is to count how many legs there are in total when given a list of animals.

Now, how many legs are there in total if you have 7 flatworms, 6 starfishs, 2 cats, 5 grasshoppers, 12 cows, 4 sea slugs, 2 ants, 15 chickens, 1 elephant?
",162
"Your task is to count how many legs there are in total when given a list of animals.

Now, how many legs are there in total if you have 10 dogs, 9 humans, 6 crabs, 15 sea slugs, 5 sheeps, 15 wasps, 6 cats, 9 jellyfishs?
",252
"Your task is to count how many legs there are in total when given a list of animals.

Now, how many legs are there in total if you have 15 lobsters, 3 crabs, 3 scorpions, 1 shrimp, 11 dogs, 2 cats, 10 chickens, 3 jellyfishs, 13 bees?
",364
"Your task is to count how many legs there are in total when given a list of animals.

Now, how many legs are there in total if you have 14 woodlouses, 14 sheeps, 4 crabs, 2 praying mantiss, 3 lions, 5 starfishs, 9 fireflys, 3 jellyfishs, 6 birds?
",407
"Your task is to count how many legs there are in total when given a list of animals.

Now, how many legs are there in total if you have 1 cricket, 13 ducks, 6 praying mantiss, 2 starfishs, 6 lobsters, 4 horses, 1 firefly, 5 flatworms, 15 cats, 14 dogs?
",276
"Your task is to count how many legs there are in total when given a list of animals.

Now, how many legs are there in total if you have 12 grasshoppers, 4 lobsters, 1 human, 6 tigers, 8 cows, 15 elephants, 1 lion?
",234
"Your task is to count how many legs there are in total when given a list of animals.

Now, how many legs are there in total if you have 4 tigers, 4 chickens, 11 snakes, 2 jellyfishs, 2 scorpions, 5 elephants, 9 cows, 10 grasshoppers?
",156
"Your task is to count how many legs there are in total when given a list of animals.

Now, how many legs are there in total if you have 4 cockroachs, 11 insects, 2 jellyfishs, 11 birds, 5 praying mantiss?
",142
"Your task is to count how many legs there are in total when given a list of animals.

Now, how many legs are there in total if you have 7 dogs, 8 cats, 10 fireflys, 14 ants, 12 butterflys?
",276
"Your task is to count how many legs there are in total when given a list of animals.

Now, how many legs are there in total if you have 8 cows, 7 spiders, 8 tigers, 5 elephants, 1 starfish?
",145
"Your task is to count how many legs there are in total when given a list of animals.

Now, how many legs are there in total if you have 6 insects, 14 jellyfishs, 15 cows, 8 deers, 8 woodlouses, 5 elephants, 7 wasps, 4 spiders?
",334
"Your task is to count how many legs there are in total when given a list of animals.

Now, how many legs are there in total if you have 7 scorpions, 5 insects, 9 crabs, 7 lobsters?
",246
"Your task is to count how many legs there are in total when given a list of animals.

Now, how many legs are there in total if you have 9 crickets, 6 scorpions, 1 leech, 9 snakes, 15 flatworms?
",102
"Your task is to count how many legs there are in total when given a list of animals.

Now, how many legs are there in total if you have 7 lobsters, 9 fireflys, 12 leechs, 8 sheeps, 3 spiders, 8 giraffes, 4 tigers, 1 cricket, 13 lions, 3 cats?
",298
"Your task is to count how many legs there are in total when given a list of animals.

Now, how many legs are there in total if you have 4 wasps, 6 fireflys, 14 lobsters, 8 ants, 2 cats, 11 crickets, 15 humans, 6 cockroachs, 7 praying mantiss, 8 elephants?
",462
"Your task is to count how many legs there are in total when given a list of animals.

Now, how many legs are there in total if you have 11 beetles, 1 sheep, 3 sea slugs, 4 jellyfishs?
",70
"Your task is to count how many legs there are in total when given a list of animals.

Now, how many legs are there in total if you have 11 starfishs, 5 tigers, 4 butterflys, 10 scorpions, 5 ants, 5 spiders, 4 sea slugs?
",249
"Your task is to count how many legs there are in total when given a list of animals.

Now, how many legs are there in total if you have 7 sea slugs, 14 fireflys, 13 deers, 4 crickets, 7 wasps?
",202
"Your task is to count how many legs there are in total when given a list of animals.

Now, how many legs are there in total if you have 15 horses, 11 lobsters, 6 birds, 10 woodlouses, 6 lions?
",346
"Your task is to count how many legs there are in total when given a list of animals.

Now, how many legs are there in total if you have 3 bees, 14 humans, 15 insects, 9 giraffes, 15 scorpions, 15 cows, 13 sheeps, 6 starfishs, 7 wasps, 7 shrimps?
",546
"Your task is to count how many legs there are in total when given a list of animals.

Now, how many legs are there in total if you have 15 cats, 2 ants, 5 horses, 9 sheeps, 6 giraffes, 12 birds, 6 jellyfishs?
",176
"Your task is to count how many legs there are in total when given a list of animals.

Now, how many legs are there in total if you have 14 grasshoppers, 11 giraffes, 3 shrimps, 11 beetles, 10 bees, 13 snakes, 9 starfishs, 15 lobsters, 8 fireflys, 8 ducks?
",543
"Your task is to count how many legs there are in total when given a list of animals.

Now, how many legs are there in total if you have 9 cows, 2 spiders, 11 starfishs, 12 deers?
",155
"Your task is to count how many legs there are in total when given a list of animals.

Now, how many legs are there in total if you have 13 crabs, 2 praying mantiss, 1 tiger, 4 bees, 6 lions, 4 birds, 7 cats, 13 wasps, 5 sheeps, 1 beetle?
",334
"Your task is to count how many legs there are in total when given a list of animals.

Now, how many legs are there in total if you have 6 butterflys, 6 giraffes, 8 insects, 12 ants, 8 beetles, 1 cat, 6 woodlouses?
",316
"Your task is to count how many legs there are in total when given a list of animals.

Now, how many legs are there in total if you have 4 cats, 6 butterflys, 4 woodlouses, 11 crickets, 13 jellyfishs, 2 bees, 11 tigers, 6 scorpions?
",278
"Your task is to count how many legs there are in total when given a list of animals.

Now, how many legs are there in total if you have 3 dogs, 15 butterflys, 11 horses, 1 bee, 1 starfish?
",157
"Your task is to count how many legs there are in total when given a list of animals.

Now, how many legs are there in total if you have 9 woodlouses, 10 beetles, 13 snakes, 10 horses, 9 flatworms, 13 dogs, 5 chickens, 2 shrimps, 6 cows, 11 butterflys?
",398
"Your task is to count how many legs there are in total when given a list of animals.

Now, how many legs are there in total if you have 5 tigers, 9 starfishs, 13 deers, 9 ants, 11 fireflys?
",237
"Your task is to count how many legs there are in total when given a list of animals.

Now, how many legs are there in total if you have 8 deers, 3 bees, 2 grasshoppers, 1 woodlouse, 13 giraffes, 11 cows, 14 wasps, 7 ants, 3 lions, 1 spider?
",318
"Your task is to count how many legs there are in total when given a list of animals.

Now, how many legs are there in total if you have 15 woodlouses, 2 dogs, 6 spiders, 13 giraffes, 12 cockroachs, 4 beetles, 15 praying mantiss, 14 fireflys, 2 grasshoppers, 8 insects?
",648
"Your task is to count how many legs there are in total when given a list of animals.

Now, how many legs are there in total if you have 6 spiders, 11 leechs, 15 birds, 8 tigers, 10 beetles, 10 chickens, 12 butterflys, 10 insects, 6 crabs?
",382
"Your task is to count how many legs there are in total when given a list of animals.

Now, how many legs are there in total if you have 15 lions, 1 cat, 10 ducks, 5 humans, 1 deer, 9 starfishs, 6 horses, 2 dogs, 4 cockroachs?
",199
"Your task is to count how many legs there are in total when given a list of animals.

Now, how many legs are there in total if you have 15 grasshoppers, 11 woodlouses, 3 birds, 9 leechs, 15 dogs, 3 ants, 6 cockroachs?
",364
"Your task is to count how many legs there are in total when given a list of animals.

Now, how many legs are there in total if you have 8 praying mantiss, 12 humans, 12 dogs, 4 giraffes?
",136
"Your task is to count how many legs there are in total when given a list of animals.

Now, how many legs are there in total if you have 15 cockroachs, 7 dogs, 6 ants?
",154
"Your task is to count how many legs there are in total when given a list of animals.

Now, how many legs are there in total if you have 11 lions, 7 ducks, 10 cows?
",98
"Your task is to count how many legs there are in total when given a list of animals.

Now, how many legs are there in total if you have 10 humans, 6 lions, 6 dogs, 14 grasshoppers, 6 crabs, 8 beetles, 14 shrimps, 5 ducks?
",410
"Your task is to count how many legs there are in total when given a list of animals.

Now, how many legs are there in total if you have 8 deers, 15 sheeps, 5 ducks, 9 birds, 13 snakes?
",120
"Your task is to count how many legs there are in total when given a list of animals.

Now, how many legs are there in total if you have 5 lobsters, 1 crab, 14 sea slugs, 3 cats, 13 butterflys, 14 flatworms?
",150
"Your task is to count how many legs there are in total when given a list of animals.

Now, how many legs are there in total if you have 3 wasps, 1 horse, 15 crickets, 2 cows, 7 spiders, 14 starfishs, 11 tigers, 15 leechs, 9 sheeps?
",326
"Your task is to count how many legs there are in total when given a list of animals.

Now, how many legs are there in total if you have 13 crabs, 10 butterflys, 13 tigers, 8 lobsters, 1 scorpion, 14 spiders, 8 beetles, 10 humans?
",510
"Your task is to count how many legs there are in total when given a list of animals.

Now, how many legs are there in total if you have 11 sea slugs, 4 ants, 3 giraffes, 2 ducks, 12 sheeps, 7 elephants, 14 starfishs, 5 woodlouses, 1 firefly, 15 horses?
",322
"Your task is to count how many legs there are in total when given a list of animals.

Now, how many legs are there in total if you have 8 flatworms, 7 wasps, 15 ducks?
",72
"Your task is to count how many legs there are in total when given a list of animals.

Now, how many legs are there in total if you have 13 snakes, 12 starfishs, 13 tigers, 14 grasshoppers?
",196
"Your task is to count how many legs there are in total when given a list of animals.

Now, how many legs are there in total if you have 12 elephants, 2 bees, 9 sea slugs, 15 ducks?
",90
"Your task is to count how many legs there are in total when given a list of animals.

Now, how many legs are there in total if you have 12 crabs, 11 bees, 15 cats, 7 fireflys, 13 lobsters, 8 snakes, 6 lions?
",442
"Your task is to count how many legs there are in total when given a list of animals.

Now, how many legs are there in total if you have 4 snakes, 3 deers, 14 spiders, 2 ants, 10 chickens, 13 starfishs?
",221
"Your task is to count how many legs there are in total when given a list of animals.

Now, how many legs are there in total if you have 3 fireflys, 10 cats, 5 cows, 15 birds?
",108
"Your task is to count how many legs there are in total when given a list of animals.

Now, how many legs are there in total if you have 13 lions, 7 cows, 8 flatworms, 14 sheeps, 9 bees?
",190
"Your task is to count how many legs there are in total when given a list of animals.

Now, how many legs are there in total if you have 12 ants, 5 cats, 14 insects, 8 giraffes, 11 starfishs, 6 jellyfishs, 14 snakes, 12 butterflys, 2 chickens?
",339
"Your task is to count how many legs there are in total when given a list of animals.

Now, how many legs are there in total if you have 14 woodlouses, 8 starfishs, 8 birds?
",252
"Your task is to count how many legs there are in total when given a list of animals.

Now, how many legs are there in total if you have 12 giraffes, 7 praying mantiss, 7 lions, 13 crickets, 2 elephants?
",204
"Your task is to count how many legs there are in total when given a list of animals.

Now, how many legs are there in total if you have 1 bird, 1 shrimp, 11 elephants, 9 spiders, 15 chickens, 9 wasps, 12 horses, 5 scorpions?
",300
"Your task is to count how many legs there are in total when given a list of animals.

Now, how many legs are there in total if you have 1 cockroach, 8 butterflys, 2 crickets, 5 lobsters, 4 chickens?
",124
"Your task is to count how many legs there are in total when given a list of animals.

Now, how many legs are there in total if you have 3 dogs, 8 chickens, 6 spiders, 14 ants, 3 snakes, 5 birds?
",170
"Your task is to count how many legs there are in total when given a list of animals.

Now, how many legs are there in total if you have 14 cats, 7 beetles, 3 tigers, 10 grasshoppers, 13 flatworms, 13 spiders, 2 cows, 6 dogs, 1 chicken?
",308
"Your task is to count how many legs there are in total when given a list of animals.

Now, how many legs are there in total if you have 1 shrimp, 3 horses, 1 praying mantis, 3 crabs, 14 dogs, 9 tigers, 5 cows, 7 wasps, 3 lions?
",224
"Your task is to count how many legs there are in total when given a list of animals.

Now, how many legs are there in total if you have 15 grasshoppers, 2 wasps, 13 dogs, 14 humans, 3 elephants?
",194
"Your task is to count how many legs there are in total when given a list of animals.

Now, how many legs are there in total if you have 12 lobsters, 8 shrimps, 3 snakes, 8 bees, 6 crickets, 7 scorpions?
",340
"Your task is to count how many legs there are in total when given a list of animals.

Now, how many legs are there in total if you have 10 giraffes, 11 elephants, 11 jellyfishs, 12 praying mantiss, 12 crickets, 1 duck, 10 butterflys, 10 deers, 7 spiders, 7 cats?
",414
"Your task is to count how many legs there are in total when given a list of animals.

Now, how many legs are there in total if you have 9 sheeps, 15 flatworms, 2 wasps, 15 jellyfishs, 3 cats, 14 tigers, 11 scorpions?
",204
"Your task is to count how many legs there are in total when given a list of animals.

Now, how many legs are there in total if you have 13 horses, 2 shrimps, 4 jellyfishs, 5 dogs, 9 beetles, 2 giraffes, 7 lobsters?
",224
"Your task is to count how many legs there are in total when given a list of animals.

Now, how many legs are there in total if you have 15 sea slugs, 9 praying mantiss, 1 insect, 7 shrimps, 9 wasps, 1 chicken, 15 ducks, 4 horses?
",232
"Your task is to count how many legs there are in total when given a list of animals.

Now, how many legs are there in total if you have 13 snakes, 2 praying mantiss, 14 bees, 1 dog, 10 cows, 12 butterflys, 3 cats, 14 elephants?
",280
"Your task is to count how many legs there are in total when given a list of animals.

Now, how many legs are there in total if you have 4 humans, 14 cats, 1 grasshopper, 15 horses, 12 shrimps, 15 cockroachs, 11 starfishs, 3 cows, 1 leech, 3 ducks?
",413
"Your task is to count how many legs there are in total when given a list of animals.

Now, how many legs are there in total if you have 2 chickens, 9 praying mantiss, 8 cows, 10 deers, 9 woodlouses?
",256
"Your task is to count how many legs there are in total when given a list of animals.

Now, how many legs are there in total if you have 8 birds, 15 starfishs, 1 deer, 7 leechs, 6 sea slugs, 4 wasps, 11 horses?
",163
"Your task is to count how many legs there are in total when given a list of animals.

Now, how many legs are there in total if you have 6 flatworms, 12 elephants, 10 spiders, 9 leechs, 2 bees, 4 butterflys?
",164
"Your task is to count how many legs there are in total when given a list of animals.

Now, how many legs are there in total if you have 12 deers, 6 wasps, 7 jellyfishs?
",84
"Your task is to count how many legs there are in total when given a list of animals.

Now, how many legs are there in total if you have 13 leechs, 8 deers, 4 insects?
",56
"Your task is to count how many legs there are in total when given a list of animals.

Now, how many legs are there in total if you have 13 jellyfishs, 2 scorpions, 14 dogs?
",72
"Your task is to count how many legs there are in total when given a list of animals.

Now, how many legs are there in total if you have 14 fireflys, 7 cats, 2 lobsters, 14 spiders, 14 cows, 6 sheeps?
",324
"Your task is to count how many legs there are in total when given a list of animals.

Now, how many legs are there in total if you have 2 fireflys, 12 lions, 1 beetle, 9 jellyfishs, 12 giraffes, 13 birds, 13 shrimps, 4 starfishs, 2 sheeps, 9 flatworms?
",298
"Your task is to count how many legs there are in total when given a list of animals.

Now, how many legs are there in total if you have 14 snakes, 13 lions, 9 giraffes, 15 beetles, 1 grasshopper, 3 wasps?
",202
"Your task is to count how many legs there are in total when given a list of animals.

Now, how many legs are there in total if you have 12 leechs, 1 scorpion, 12 bees?
",80
"Your task is to count how many legs there are in total when given a list of animals.

Now, how many legs are there in total if you have 12 sea slugs, 11 praying mantiss, 10 ducks, 12 cockroachs, 15 woodlouses, 8 grasshoppers, 3 horses, 3 shrimps, 14 bees, 8 tigers?
",574
"Your task is to count how many legs there are in total when given a list of animals.

Now, how many legs are there in total if you have 5 cows, 15 beetles, 14 lions, 6 bees, 2 dogs, 14 snakes, 14 ducks, 3 butterflys?
",256
"Your task is to count how many legs there are in total when given a list of animals.

Now, how many legs are there in total if you have 7 deers, 4 cats, 9 ducks, 12 birds, 13 dogs, 5 tigers?
",158
"Your task is to count how many legs there are in total when given a list of animals.

Now, how many legs are there in total if you have 9 horses, 11 praying mantiss, 3 crabs, 11 sheeps, 12 jellyfishs, 11 sea slugs, 2 woodlouses, 9 cockroachs, 1 starfish, 5 humans?
",273
"Your task is to count how many legs there are in total when given a list of animals.

Now, how many legs are there in total if you have 15 scorpions, 13 birds, 14 shrimps?
",286
"Your task is to count how many legs there are in total when given a list of animals.

Now, how many legs are there in total if you have 10 tigers, 4 lobsters, 14 jellyfishs, 11 crabs, 3 sea slugs, 10 cows, 1 elephant, 13 bees, 3 shrimps?
",342
"Your task is to count how many legs there are in total when given a list of animals.

Now, how many legs are there in total if you have 9 crickets, 3 ants, 3 beetles?
",90
"Your task is to count how many legs there are in total when given a list of animals.

Now, how many legs are there in total if you have 12 fireflys, 15 praying mantiss, 10 snakes?
",162
"Your task is to count how many legs there are in total when given a list of animals.

Now, how many legs are there in total if you have 10 cows, 6 shrimps, 13 sheeps, 9 horses, 13 crabs, 12 elephants?
",366
"Your task is to count how many legs there are in total when given a list of animals.

Now, how many legs are there in total if you have 14 humans, 8 flatworms, 1 horse, 8 woodlouses, 15 bees, 12 cows, 8 spiders, 7 lions?
",374
"Your task is to count how many legs there are in total when given a list of animals.

Now, how many legs are there in total if you have 3 snakes, 10 cows, 14 leechs, 10 beetles, 12 crabs, 10 giraffes, 15 elephants?
",320
"Your task is to count how many legs there are in total when given a list of animals.

Now, how many legs are there in total if you have 3 horses, 3 ants, 14 flatworms, 2 starfishs, 3 crickets, 13 butterflys, 8 ducks?
",152
"Your task is to count how many legs there are in total when given a list of animals.

Now, how many legs are there in total if you have 11 insects, 14 bees, 12 crickets, 12 grasshoppers, 9 woodlouses, 15 dogs, 6 flatworms, 7 cats, 7 ants, 4 starfishs?
",570
"Your task is to count how many legs there are in total when given a list of animals.

Now, how many legs are there in total if you have 6 shrimps, 2 starfishs, 2 ducks, 6 crickets, 4 leechs, 13 wasps, 11 sea slugs, 2 tigers, 5 bees, 11 cows?
",270
"Your task is to count how many legs there are in total when given a list of animals.

Now, how many legs are there in total if you have 7 insects, 15 fireflys, 13 chickens, 12 sheeps, 1 praying mantis?
",212
"Your task is to count how many legs there are in total when given a list of animals.

Now, how many legs are there in total if you have 7 jellyfishs, 4 lobsters, 14 spiders, 12 deers?
",200
"Your task is to count how many legs there are in total when given a list of animals.

Now, how many legs are there in total if you have 11 ants, 5 flatworms, 10 tigers?
",106
"Your task is to count how many legs there are in total when given a list of animals.

Now, how many legs are there in total if you have 1 horse, 13 snakes, 5 ants, 6 flatworms?
",34
"Your task is to count how many legs there are in total when given a list of animals.

Now, how many legs are there in total if you have 1 tiger, 10 humans, 15 grasshoppers, 3 flatworms, 9 ducks?
",132
"Your task is to count how many legs there are in total when given a list of animals.

Now, how many legs are there in total if you have 3 wasps, 4 tigers, 13 deers, 14 shrimps, 3 fireflys, 3 chickens?
",250
"Your task is to count how many legs there are in total when given a list of animals.

Now, how many legs are there in total if you have 10 elephants, 2 leechs, 12 wasps, 8 scorpions, 5 praying mantiss, 12 cows, 7 starfishs?
",289
"Your task is to count how many legs there are in total when given a list of animals.

Now, how many legs are there in total if you have 8 woodlouses, 7 shrimps, 12 birds, 7 starfishs, 1 elephant, 14 crickets, 11 fireflys?
",395
"Your task is to count how many legs there are in total when given a list of animals.

Now, how many legs are there in total if you have 14 jellyfishs, 10 bees, 11 humans, 12 grasshoppers, 6 spiders, 2 crickets, 5 insects?
",244
"Your task is to count how many legs there are in total when given a list of animals.

Now, how many legs are there in total if you have 8 horses, 14 snakes, 11 ants, 11 bees, 5 chickens, 11 woodlouses, 3 crickets, 13 ducks, 15 lobsters, 1 cockroach?
",528
"Your task is to count how many legs there are in total when given a list of animals.

Now, how many legs are there in total if you have 8 butterflys, 5 chickens, 15 ants, 4 praying mantiss, 12 grasshoppers, 14 birds, 7 bees, 12 crickets, 4 deers?
",402
"Your task is to count how many legs there are in total when given a list of animals.

Now, how many legs are there in total if you have 10 cats, 6 wasps, 10 butterflys, 10 beetles, 7 chickens, 15 woodlouses, 1 firefly?
",426
"Your task is to count how many legs there are in total when given a list of animals.

Now, how many legs are there in total if you have 13 wasps, 7 spiders, 12 dogs, 2 ants, 9 jellyfishs, 12 crabs, 11 sea slugs, 5 flatworms?
",314
"Your task is to count how many legs there are in total when given a list of animals.

Now, how many legs are there in total if you have 11 chickens, 4 sheeps, 5 dogs, 15 crickets, 15 shrimps, 12 starfishs, 5 birds?
",368
"Your task is to count how many legs there are in total when given a list of animals.

Now, how many legs are there in total if you have 15 cows, 7 sheeps, 12 starfishs?
",148
"Your task is to count how many legs there are in total when given a list of animals.

Now, how many legs are there in total if you have 13 humans, 11 elephants, 9 praying mantiss, 9 cows, 1 bee, 11 jellyfishs?
",166
"Your task is to count how many legs there are in total when given a list of animals.

Now, how many legs are there in total if you have 13 sheeps, 11 dogs, 11 woodlouses, 12 horses?
",298
"Your task is to count how many legs there are in total when given a list of animals.

Now, how many legs are there in total if you have 14 dogs, 4 leechs, 10 spiders, 10 sheeps, 14 humans, 14 chickens, 8 flatworms?
",232
"Your task is to count how many legs there are in total when given a list of animals.

Now, how many legs are there in total if you have 10 chickens, 6 horses, 6 cockroachs?
",80
"Your task is to count how many legs there are in total when given a list of animals.

Now, how many legs are there in total if you have 9 humans, 5 beetles, 12 leechs, 2 fireflys, 4 lions, 8 flatworms, 8 horses?
",108
"Your task is to count how many legs there are in total when given a list of animals.

Now, how many legs are there in total if you have 12 jellyfishs, 14 lobsters, 14 scorpions, 7 butterflys, 15 cockroachs, 15 giraffes, 11 ants, 10 crabs?
",610
"Your task is to count how many legs there are in total when given a list of animals.

Now, how many legs are there in total if you have 2 sheeps, 15 elephants, 15 sea slugs, 12 insects, 11 humans, 7 butterflys, 7 beetles, 3 deers, 2 crickets?
",270
"Your task is to count how many legs there are in total when given a list of animals.

Now, how many legs are there in total if you have 4 ants, 4 elephants, 8 sheeps, 11 bees?
",138
"Your task is to count how many legs there are in total when given a list of animals.

Now, how many legs are there in total if you have 7 flatworms, 7 lobsters, 13 spiders?
",174
"Your task is to count how many legs there are in total when given a list of animals.

Now, how many legs are there in total if you have 14 scorpions, 1 human, 10 cockroachs, 9 ducks, 5 chickens, 6 cows, 2 dogs, 1 bird, 14 praying mantiss?
",320
"Your task is to count how many legs there are in total when given a list of animals.

Now, how many legs are there in total if you have 3 praying mantiss, 15 scorpions, 12 cats, 4 leechs?
",186
"Your task is to count how many legs there are in total when given a list of animals.

Now, how many legs are there in total if you have 3 beetles, 3 butterflys, 7 chickens, 15 spiders, 15 bees, 5 grasshoppers, 1 starfish, 4 snakes?
",295
"Your task is to count how many legs there are in total when given a list of animals.

Now, how many legs are there in total if you have 12 fireflys, 15 horses, 10 sheeps, 8 flatworms, 11 jellyfishs?
",172
"Your task is to count how many legs there are in total when given a list of animals.

Now, how many legs are there in total if you have 6 butterflys, 3 scorpions, 13 grasshoppers, 7 snakes, 12 elephants, 12 fireflys, 10 woodlouses, 9 lions?
",434
"Your task is to count how many legs there are in total when given a list of animals.

Now, how many legs are there in total if you have 1 dog, 9 cows, 15 woodlouses, 5 shrimps, 12 lions, 6 giraffes, 8 scorpions, 10 humans, 1 sea slug?
",456
"Your task is to count how many legs there are in total when given a list of animals.

Now, how many legs are there in total if you have 9 dogs, 7 tigers, 5 crickets, 10 birds?
",114
"Your task is to count how many legs there are in total when given a list of animals.

Now, how many legs are there in total if you have 14 cockroachs, 6 crabs, 6 birds, 14 praying mantiss?
",240
"Your task is to count how many legs there are in total when given a list of animals.

Now, how many legs are there in total if you have 15 ants, 1 human, 11 crickets?
",158
"Your task is to count how many legs there are in total when given a list of animals.

Now, how many legs are there in total if you have 7 butterflys, 15 cockroachs, 1 dog, 12 birds, 2 bees, 9 wasps, 11 elephants?
",270
"Your task is to count how many legs there are in total when given a list of animals.

Now, how many legs are there in total if you have 8 woodlouses, 1 lobster, 14 jellyfishs, 1 bird, 14 praying mantiss, 15 bees?
",298
"Your task is to count how many legs there are in total when given a list of animals.

Now, how many legs are there in total if you have 9 cows, 10 ants, 1 crab, 6 starfishs, 8 praying mantiss, 10 fireflys, 8 horses, 4 wasps, 12 flatworms?
",300
"Your task is to count how many legs there are in total when given a list of animals.

Now, how many legs are there in total if you have 10 shrimps, 11 woodlouses, 9 insects, 13 cockroachs, 1 snake?
",386
"Your task is to count how many legs there are in total when given a list of animals.

Now, how many legs are there in total if you have 6 horses, 12 bees, 7 beetles, 15 woodlouses?
",348
"Your task is to count how many legs there are in total when given a list of animals.

Now, how many legs are there in total if you have 1 woodlouse, 6 crickets, 4 lobsters, 8 spiders, 10 birds?
",174
"Your task is to count how many legs there are in total when given a list of animals.

Now, how many legs are there in total if you have 3 beetles, 8 crickets, 8 butterflys?
",114
"Your task is to count how many legs there are in total when given a list of animals.

Now, how many legs are there in total if you have 15 humans, 14 ducks, 13 insects, 3 jellyfishs?
",136
"Your task is to count how many legs there are in total when given a list of animals.

Now, how many legs are there in total if you have 13 lions, 11 spiders, 3 cockroachs, 6 shrimps, 14 beetles?
",302
"Your task is to count how many legs there are in total when given a list of animals.

Now, how many legs are there in total if you have 1 jellyfish, 12 cows, 1 lion, 9 elephants, 6 cats, 8 starfishs, 6 beetles?
",188
"Your task is to count how many legs there are in total when given a list of animals.

Now, how many legs are there in total if you have 14 grasshoppers, 1 starfish, 3 sheeps, 1 beetle, 14 insects, 4 horses, 13 cows, 5 woodlouses, 9 ants, 10 shrimps?
",483
"Your task is to count how many legs there are in total when given a list of animals.

Now, how many legs are there in total if you have 11 ducks, 10 ants, 3 jellyfishs, 4 praying mantiss, 14 horses, 10 spiders, 3 deers, 2 fireflys?
",266
"Your task is to count how many legs there are in total when given a list of animals.

Now, how many legs are there in total if you have 15 lions, 12 shrimps, 3 elephants, 1 bird, 2 butterflys, 7 starfishs?
",241
"Your task is to count how many legs there are in total when given a list of animals.

Now, how many legs are there in total if you have 1 duck, 14 humans, 15 crabs, 2 praying mantiss, 10 lobsters, 12 fireflys, 13 spiders?
",468
"Your task is to count how many legs there are in total when given a list of animals.

Now, how many legs are there in total if you have 3 elephants, 4 horses, 15 chickens, 10 humans, 14 birds, 3 sea slugs, 7 ants?
",148
"Your task is to count how many legs there are in total when given a list of animals.

Now, how many legs are there in total if you have 7 bees, 1 leech, 2 cows, 9 dogs, 14 sheeps, 6 ants?
",178
"Your task is to count how many legs there are in total when given a list of animals.

Now, how many legs are there in total if you have 3 cockroachs, 6 crabs, 9 lobsters?
",168
"Your task is to count how many legs there are in total when given a list of animals.

Now, how many legs are there in total if you have 8 praying mantiss, 13 deers, 15 insects, 11 chickens, 4 beetles, 15 sea slugs, 3 lions, 14 elephants, 8 sheeps, 10 birds?
",356
"Your task is to count how many legs there are in total when given a list of animals.

Now, how many legs are there in total if you have 6 cows, 15 cockroachs, 3 humans, 5 insects, 5 woodlouses, 2 leechs, 15 praying mantiss, 3 sea slugs, 13 chickens, 12 beetles?
",408
"Your task is to count how many legs there are in total when given a list of animals.

Now, how many legs are there in total if you have 15 dogs, 9 fireflys, 14 cows?
",170
"Your task is to count how many legs there are in total when given a list of animals.

Now, how many legs are there in total if you have 5 crickets, 1 scorpion, 3 fireflys, 4 chickens, 1 lobster, 2 horses?
",82
"Your task is to count how many legs there are in total when given a list of animals.

Now, how many legs are there in total if you have 8 crabs, 13 butterflys, 6 shrimps, 9 wasps, 7 starfishs, 6 cows, 11 lobsters, 1 giraffe?
",445
"Your task is to count how many legs there are in total when given a list of animals.

Now, how many legs are there in total if you have 13 flatworms, 12 spiders, 14 starfishs, 6 snakes, 3 crickets, 9 crabs, 13 horses?
",326
"Your task is to count how many legs there are in total when given a list of animals.

Now, how many legs are there in total if you have 14 bees, 7 cats, 10 leechs?
",112
"Your task is to count how many legs there are in total when given a list of animals.

Now, how many legs are there in total if you have 5 jellyfishs, 9 giraffes, 10 lions, 14 sheeps, 11 deers, 1 ant?
",182
"Your task is to count how many legs there are in total when given a list of animals.

Now, how many legs are there in total if you have 6 tigers, 2 chickens, 3 woodlouses, 2 wasps, 12 insects, 6 spiders, 13 starfishs, 9 flatworms, 10 butterflys?
",327
"Your task is to count how many legs there are in total when given a list of animals.

Now, how many legs are there in total if you have 4 humans, 1 elephant, 12 sea slugs, 8 ducks, 13 insects, 15 bees, 14 fireflys, 4 cockroachs?
",304
"Your task is to count how many legs there are in total when given a list of animals.

Now, how many legs are there in total if you have 3 birds, 4 ducks, 11 elephants, 9 sea slugs, 9 giraffes, 8 humans, 9 lions?
",146
"Your task is to count how many legs there are in total when given a list of animals.

Now, how many legs are there in total if you have 11 chickens, 15 shrimps, 8 humans, 15 praying mantiss, 8 dogs, 7 ducks, 12 crabs, 14 cockroachs, 8 deers?
",560
"Your task is to count how many legs there are in total when given a list of animals.

Now, how many legs are there in total if you have 10 insects, 5 spiders, 1 snake?
",100
"Your task is to count how many legs there are in total when given a list of animals.

Now, how many legs are there in total if you have 10 dogs, 7 scorpions, 10 chickens, 2 beetles, 4 lions, 4 tigers, 7 crabs, 7 lobsters, 9 cockroachs, 14 horses?
",410
"Your task is to count how many legs there are in total when given a list of animals.

Now, how many legs are there in total if you have 3 ants, 3 lions, 11 cows, 6 ducks, 13 shrimps, 4 sheeps, 10 crickets?
",292
"Your task is to count how many legs there are in total when given a list of animals.

Now, how many legs are there in total if you have 6 elephants, 8 lobsters, 10 jellyfishs, 15 snakes, 11 starfishs, 7 chickens, 10 birds, 3 ducks?
",199
"Your task is to count how many legs there are in total when given a list of animals.

Now, how many legs are there in total if you have 1 beetle, 2 flatworms, 1 butterfly?
",12
"Your task is to count how many legs there are in total when given a list of animals.

Now, how many legs are there in total if you have 4 elephants, 9 snakes, 13 cockroachs, 13 crabs, 3 scorpions?
",248
"Your task is to count how many legs there are in total when given a list of animals.

Now, how many legs are there in total if you have 10 butterflys, 14 praying mantiss, 14 deers, 10 cockroachs, 4 leechs, 3 ducks, 5 starfishs, 15 humans?
",321
"Your task is to count how many legs there are in total when given a list of animals.

Now, how many legs are there in total if you have 5 snakes, 13 cows, 6 crabs, 7 lobsters, 9 bees, 9 crickets?
",290
"Your task is to count how many legs there are in total when given a list of animals.

Now, how many legs are there in total if you have 12 horses, 3 deers, 1 dog, 14 flatworms, 13 cockroachs, 14 wasps, 15 ants, 10 jellyfishs, 15 leechs, 13 fireflys?
",394
"Your task is to count how many legs there are in total when given a list of animals.

Now, how many legs are there in total if you have 6 fireflys, 1 butterfly, 12 bees, 13 chickens, 9 ducks, 12 insects?
",230
"Your task is to count how many legs there are in total when given a list of animals.

Now, how many legs are there in total if you have 3 dogs, 12 beetles, 9 sea slugs, 4 scorpions, 13 butterflys, 2 woodlouses, 3 birds, 4 shrimps, 4 horses?
",284
"Your task is to count how many legs there are in total when given a list of animals.

Now, how many legs are there in total if you have 6 praying mantiss, 13 cows, 4 flatworms?
",88
"Your task is to count how many legs there are in total when given a list of animals.

Now, how many legs are there in total if you have 7 snakes, 7 leechs, 10 crickets, 11 beetles, 3 wasps, 13 jellyfishs, 15 horses, 7 fireflys, 8 crabs?
",326
"Your task is to count how many legs there are in total when given a list of animals.

Now, how many legs are there in total if you have 9 grasshoppers, 10 scorpions, 6 fireflys, 3 chickens, 7 ants, 15 woodlouses, 15 dogs?
",488
"Your task is to count how many legs there are in total when given a list of animals.

Now, how many legs are there in total if you have 7 scorpions, 11 ants, 4 crabs, 10 horses, 6 chickens, 8 sheeps, 15 humans, 1 cow, 8 snakes?
",280
"Your task is to count how many legs there are in total when given a list of animals.

Now, how many legs are there in total if you have 13 insects, 13 crickets, 11 birds, 11 cockroachs, 12 cows, 7 lions, 15 sea slugs, 6 scorpions, 12 tigers, 2 giraffes?
",424
"Your task is to count how many legs there are in total when given a list of animals.

Now, how many legs are there in total if you have 13 dogs, 4 grasshoppers, 13 birds, 5 sheeps, 5 sea slugs, 1 firefly?
",128
"Your task is to count how many legs there are in total when given a list of animals.

Now, how many legs are there in total if you have 9 crabs, 11 horses, 6 lobsters, 6 bees, 9 beetles, 13 crickets, 13 chickens, 3 cows?
",400
"Your task is to count how many legs there are in total when given a list of animals.

Now, how many legs are there in total if you have 5 leechs, 4 bees, 14 crickets, 4 ants, 5 birds, 11 cockroachs, 6 giraffes, 15 humans?
",262
"Your task is to count how many legs there are in total when given a list of animals.

Now, how many legs are there in total if you have 7 woodlouses, 15 insects, 12 shrimps, 15 elephants, 6 humans?
",380
"Your task is to count how many legs there are in total when given a list of animals.

Now, how many legs are there in total if you have 5 elephants, 15 butterflys, 7 cockroachs, 13 chickens, 4 sheeps, 15 jellyfishs, 5 cats, 15 bees?
",304
"Your task is to count how many legs there are in total when given a list of animals.

Now, how many legs are there in total if you have 14 cats, 9 wasps, 13 cockroachs, 3 lobsters, 14 spiders, 8 lions, 6 leechs, 2 ducks?
",366
"Your task is to count how many legs there are in total when given a list of animals.

Now, how many legs are there in total if you have 2 woodlouses, 12 ducks, 15 jellyfishs?
",52
"Your task is to count how many legs there are in total when given a list of animals.

Now, how many legs are there in total if you have 15 crabs, 12 spiders, 4 butterflys, 1 leech, 6 humans?
",282
"Your task is to count how many legs there are in total when given a list of animals.

Now, how many legs are there in total if you have 7 cats, 9 spiders, 3 deers, 8 cockroachs, 9 bees, 9 praying mantiss, 2 crabs, 4 grasshoppers, 14 ants, 13 lobsters?
",526
"Your task is to count how many legs there are in total when given a list of animals.

Now, how many legs are there in total if you have 12 insects, 15 birds, 14 cockroachs, 5 spiders, 2 tigers, 11 cats, 4 grasshoppers, 14 elephants, 5 dogs?
",378
"Your task is to count how many legs there are in total when given a list of animals.

Now, how many legs are there in total if you have 14 horses, 1 sheep, 15 snakes?
",60
"Your task is to count how many legs there are in total when given a list of animals.

Now, how many legs are there in total if you have 10 woodlouses, 4 birds, 13 flatworms, 11 fireflys, 2 leechs, 3 chickens, 13 humans, 3 starfishs, 2 deers, 10 ants?
",329
"Your task is to count how many legs there are in total when given a list of animals.

Now, how many legs are there in total if you have 14 tigers, 14 insects, 12 woodlouses, 8 sheeps, 8 crickets, 11 snakes, 15 bees, 8 giraffes?
",510
"Your task is to count how many legs there are in total when given a list of animals.

Now, how many legs are there in total if you have 7 sheeps, 8 leechs, 1 crab, 3 crickets, 4 sea slugs?
",56
"Your task is to count how many legs there are in total when given a list of animals.

Now, how many legs are there in total if you have 6 fireflys, 15 horses, 7 snakes, 5 cows, 2 dogs, 10 deers, 7 shrimps?
",234
"Your task is to count how many legs there are in total when given a list of animals.

Now, how many legs are there in total if you have 3 bees, 14 tigers, 3 chickens?
",80
"Your task is to count how many legs there are in total when given a list of animals.

Now, how many legs are there in total if you have 6 grasshoppers, 4 starfishs, 8 chickens, 13 lobsters, 10 cows?
",242
"Your task is to count how many legs there are in total when given a list of animals.

Now, how many legs are there in total if you have 13 sea slugs, 5 giraffes, 14 sheeps, 8 tigers?
",108
"Your task is to count how many legs there are in total when given a list of animals.

Now, how many legs are there in total if you have 2 cockroachs, 12 birds, 11 crabs, 9 insects?
",200
"Your task is to count how many legs there are in total when given a list of animals.

Now, how many legs are there in total if you have 12 ducks, 2 grasshoppers, 10 shrimps, 10 woodlouses, 11 wasps, 14 jellyfishs, 12 flatworms, 6 scorpions, 5 cows, 2 horses?
",418
"Your task is to count how many legs there are in total when given a list of animals.

Now, how many legs are there in total if you have 15 scorpions, 2 cockroachs, 14 beetles, 7 elephants, 11 spiders, 11 tigers?
",376
"Your task is to count how many legs there are in total when given a list of animals.

Now, how many legs are there in total if you have 7 bees, 11 crickets, 8 sheeps, 15 scorpions, 10 snakes, 4 ants, 1 flatworm, 2 sea slugs, 5 grasshoppers, 2 leechs?
",314
"Your task is to count how many legs there are in total when given a list of animals.

Now, how many legs are there in total if you have 5 shrimps, 6 crickets, 3 grasshoppers, 2 butterflys?
",116
"Your task is to count how many legs there are in total when given a list of animals.

Now, how many legs are there in total if you have 14 humans, 12 sea slugs, 12 crickets, 12 cats, 7 jellyfishs, 14 cows, 11 deers, 12 snakes, 14 starfishs, 6 leechs?
",318
"Your task is to count how many legs there are in total when given a list of animals.

Now, how many legs are there in total if you have 15 crabs, 12 spiders, 13 horses, 3 starfishs, 9 woodlouses, 12 scorpions, 11 praying mantiss?
",601
"Your task is to count how many legs there are in total when given a list of animals.

Now, how many legs are there in total if you have 7 horses, 1 grasshopper, 1 duck, 2 bees, 3 wasps, 11 tigers, 1 butterfly, 7 lobsters?
",186
"Your task is to count how many legs there are in total when given a list of animals.

Now, how many legs are there in total if you have 2 bees, 1 praying mantis, 5 ants, 15 snakes, 9 sea slugs?
",48
"Your task is to count how many legs there are in total when given a list of animals.

Now, how many legs are there in total if you have 13 birds, 9 lions, 10 cows?
",102
"Your task is to count how many legs there are in total when given a list of animals.

Now, how many legs are there in total if you have 4 cockroachs, 3 bees, 3 cows, 13 sea slugs, 10 beetles, 3 butterflys, 12 horses, 9 spiders?
",252
"Your task is to count how many legs there are in total when given a list of animals.

Now, how many legs are there in total if you have 13 chickens, 14 woodlouses, 7 dogs, 10 cows, 15 sheeps, 12 ants, 4 crickets, 7 jellyfishs, 3 birds?
",452
"Your task is to count how many legs there are in total when given a list of animals.

Now, how many legs are there in total if you have 14 butterflys, 7 wasps, 1 sheep, 10 spiders, 12 starfishs, 2 praying mantiss?
",282
"Your task is to count how many legs there are in total when given a list of animals.

Now, how many legs are there in total if you have 12 fireflys, 15 shrimps, 6 grasshoppers?
",258
"Your task is to count how many legs there are in total when given a list of animals.

Now, how many legs are there in total if you have 2 leechs, 8 ducks, 10 fireflys, 13 praying mantiss?
",154
"Your task is to count how many legs there are in total when given a list of animals.

Now, how many legs are there in total if you have 8 insects, 12 snakes, 12 ants, 12 cats?
",168
"Your task is to count how many legs there are in total when given a list of animals.

Now, how many legs are there in total if you have 6 butterflys, 13 chickens, 14 crabs, 12 birds, 14 beetles, 9 lions, 14 deers, 15 cockroachs, 15 spiders?
",612
"Your task is to count how many legs there are in total when given a list of animals.

Now, how many legs are there in total if you have 13 ducks, 8 scorpions, 3 lobsters, 14 butterflys, 7 crabs, 11 bees, 8 tigers, 13 spiders, 14 cats, 10 wasps?
",592
"Your task is to count how many legs there are in total when given a list of animals.

Now, how many legs are there in total if you have 9 insects, 3 humans, 12 praying mantiss, 11 bees, 10 flatworms, 15 fireflys, 12 cats, 3 snakes, 10 scorpions?
",416
"Your task is to count how many legs there are in total when given a list of animals.

Now, how many legs are there in total if you have 4 horses, 4 flatworms, 7 wasps, 15 praying mantiss, 10 grasshoppers, 15 sheeps?
",268
"Your task is to count how many legs there are in total when given a list of animals.

Now, how many legs are there in total if you have 14 jellyfishs, 13 deers, 11 horses, 7 ducks, 13 birds, 8 flatworms, 6 chickens, 7 tigers, 1 firefly?
",182
"Your task is to count how many legs there are in total when given a list of animals.

Now, how many legs are there in total if you have 12 crickets, 4 crabs, 5 lobsters, 5 cockroachs, 3 tigers, 8 shrimps, 4 insects, 12 giraffes, 11 birds?
",378
"Your task is to count how many legs there are in total when given a list of animals.

Now, how many legs are there in total if you have 3 chickens, 10 giraffes, 5 snakes, 9 starfishs, 12 lobsters, 11 dogs, 3 wasps?
",273
"Your task is to count how many legs there are in total when given a list of animals.

Now, how many legs are there in total if you have 2 sheeps, 9 leechs, 12 bees, 11 crickets, 9 fireflys, 13 woodlouses, 15 ants?
",472
"Your task is to count how many legs there are in total when given a list of animals.

Now, how many legs are there in total if you have 8 ducks, 7 fireflys, 12 snakes, 2 birds, 8 scorpions, 2 elephants, 3 lobsters, 5 crickets, 12 lions?
",242
"Your task is to count how many legs there are in total when given a list of animals.

Now, how many legs are there in total if you have 2 insects, 1 wasp, 8 giraffes, 2 scorpions, 3 dogs, 8 tigers, 9 birds?
",128
"Your task is to count how many legs there are in total when given a list of animals.

Now, how many legs are there in total if you have 2 ants, 15 snakes, 3 fireflys, 7 shrimps, 8 lions?
",132
"Your task is to count how many legs there are in total when given a list of animals.

Now, how many legs are there in total if you have 12 praying mantiss, 14 cows, 10 fireflys, 11 leechs, 10 ducks, 8 starfishs, 2 insects, 4 sea slugs?
",260
"Your task is to count how many legs there are in total when given a list of animals.

Now, how many legs are there in total if you have 11 ducks, 4 birds, 11 cockroachs, 5 sheeps, 6 insects?
",152
"Your task is to count how many legs there are in total when given a list of animals.

Now, how many legs are there in total if you have 9 ducks, 3 shrimps, 8 praying mantiss?
",96
"Your task is to count how many legs there are in total when given a list of animals.

Now, how many legs are there in total if you have 15 giraffes, 12 butterflys, 8 dogs, 11 beetles, 5 snakes, 9 elephants, 5 wasps, 4 sea slugs, 7 jellyfishs, 12 scorpions?
",392
"Your task is to count how many legs there are in total when given a list of animals.

Now, how many legs are there in total if you have 14 deers, 5 birds, 12 cockroachs, 6 crickets, 8 sheeps, 6 scorpions, 15 wasps, 8 sea slugs, 1 butterfly, 10 praying mantiss?
",410
"Your task is to count how many legs there are in total when given a list of animals.

Now, how many legs are there in total if you have 6 giraffes, 1 lobster, 8 beetles, 5 crickets, 12 tigers, 10 starfishs, 15 leechs, 13 praying mantiss?
",288
"Your task is to count how many legs there are in total when given a list of animals.

Now, how many legs are there in total if you have 7 giraffes, 14 cockroachs, 6 spiders, 11 sheeps, 6 cats?
",228
"Your task is to count how many legs there are in total when given a list of animals.

Now, how many legs are there in total if you have 8 shrimps, 5 flatworms, 11 deers, 3 chickens, 2 insects?
",142
"Your task is to count how many legs there are in total when given a list of animals.

Now, how many legs are there in total if you have 9 fireflys, 13 crickets, 12 cockroachs, 3 ducks, 8 tigers, 13 crabs, 11 elephants, 4 shrimps?
",456
"Your task is to count how many legs there are in total when given a list of animals.

Now, how many legs are there in total if you have 7 giraffes, 1 flatworm, 3 lobsters, 12 leechs, 11 dogs, 8 sea slugs, 3 crickets, 4 snakes?
",120
"Your task is to count how many legs there are in total when given a list of animals.

Now, how many legs are there in total if you have 14 horses, 1 cockroach, 10 lions, 14 crabs, 9 insects?
",296
"Your task is to count how many legs there are in total when given a list of animals.

Now, how many legs are there in total if you have 9 spiders, 1 bird, 5 humans, 3 giraffes, 10 elephants, 15 fireflys, 2 deers?
",234
"Your task is to count how many legs there are in total when given a list of animals.

Now, how many legs are there in total if you have 12 ducks, 13 sea slugs, 5 deers, 14 horses?
",100
"Your task is to count how many legs there are in total when given a list of animals.

Now, how many legs are there in total if you have 11 insects, 4 dogs, 7 fireflys?
",124
"Your task is to count how many legs there are in total when given a list of animals.

Now, how many legs are there in total if you have 6 woodlouses, 3 starfishs, 3 bees, 6 grasshoppers, 1 cat, 2 insects, 12 elephants, 4 cockroachs?
",241
"Your task is to count how many legs there are in total when given a list of animals.

Now, how many legs are there in total if you have 9 snakes, 12 sheeps, 15 starfishs, 13 crickets, 12 fireflys, 14 lobsters, 1 human?
",415
"Your task is to count how many legs there are in total when given a list of animals.

Now, how many legs are there in total if you have 6 scorpions, 14 shrimps, 6 fireflys, 4 humans, 3 grasshoppers, 4 jellyfishs, 15 ducks?
",280
"Your task is to count how many legs there are in total when given a list of animals.

Now, how many legs are there in total if you have 8 ants, 11 scorpions, 1 lobster?
",146
"Your task is to count how many legs there are in total when given a list of animals.

Now, how many legs are there in total if you have 7 butterflys, 4 sheeps, 10 ducks, 11 crickets?
",144
"Your task is to count how many legs there are in total when given a list of animals.

Now, how many legs are there in total if you have 13 flatworms, 1 giraffe, 1 bird, 7 cows, 12 humans, 9 spiders, 9 horses?
",166
"Your task is to count how many legs there are in total when given a list of animals.

Now, how many legs are there in total if you have 7 shrimps, 7 cockroachs, 12 lions, 1 woodlouse, 14 sheeps, 8 jellyfishs, 9 cats, 9 dogs, 3 insects?
",320
"Your task is to count how many legs there are in total when given a list of animals.

Now, how many legs are there in total if you have 6 wasps, 3 crickets, 2 butterflys, 11 elephants, 1 shrimp, 7 giraffes, 1 human, 8 ducks, 7 spiders, 11 insects?
",288
"Your task is to count how many legs there are in total when given a list of animals.

Now, how many legs are there in total if you have 5 spiders, 8 woodlouses, 12 chickens, 15 crickets, 5 horses, 9 flatworms, 4 insects?
",310
"Your task is to count how many legs there are in total when given a list of animals.

Now, how many legs are there in total if you have 6 sheeps, 15 beetles, 11 fireflys, 2 wasps, 11 leechs, 14 tigers, 9 praying mantiss, 4 starfishs, 1 elephant?
",326
"Your task is to count how many legs there are in total when given a list of animals.

Now, how many legs are there in total if you have 7 leechs, 13 insects, 15 humans, 12 starfishs?
",168
"Your task is to count how many legs there are in total when given a list of animals.

Now, how many legs are there in total if you have 10 dogs, 3 giraffes, 6 chickens, 12 flatworms?
",64
"Your task is to count how many legs there are in total when given a list of animals.

Now, how many legs are there in total if you have 3 praying mantiss, 10 giraffes, 8 ducks, 10 humans, 12 spiders?
",190
"Your task is to count how many legs there are in total when given a list of animals.

Now, how many legs are there in total if you have 10 dogs, 6 elephants, 1 spider, 10 giraffes, 6 leechs, 11 sea slugs?
",112
"Your task is to count how many legs there are in total when given a list of animals.

Now, how many legs are there in total if you have 9 elephants, 5 fireflys, 8 crickets, 13 ducks, 12 wasps, 11 grasshoppers, 9 ants?
",332
"Your task is to count how many legs there are in total when given a list of animals.

Now, how many legs are there in total if you have 11 humans, 7 cows, 12 scorpions, 15 deers, 11 grasshoppers, 9 ants, 14 praying mantiss?
",410
"Your task is to count how many legs there are in total when given a list of animals.

Now, how many legs are there in total if you have 8 snakes, 1 horse, 14 cockroachs, 10 praying mantiss, 14 chickens?
",176
"Your task is to count how many legs there are in total when given a list of animals.

Now, how many legs are there in total if you have 3 grasshoppers, 15 cows, 6 butterflys, 4 fireflys, 5 praying mantiss?
",168
"Your task is to count how many legs there are in total when given a list of animals.

Now, how many legs are there in total if you have 3 cows, 5 starfishs, 4 lobsters, 12 crickets, 12 deers?
",197
"Your task is to count how many legs there are in total when given a list of animals.

Now, how many legs are there in total if you have 3 lions, 8 deers, 1 horse, 11 tigers, 12 woodlouses?
",260
"Your task is to count how many legs there are in total when given a list of animals.

Now, how many legs are there in total if you have 13 jellyfishs, 4 humans, 11 sheeps, 10 horses, 7 crickets, 5 ants, 15 flatworms?
",164
"Your task is to count how many legs there are in total when given a list of animals.

Now, how many legs are there in total if you have 9 spiders, 15 flatworms, 6 snakes, 9 shrimps?
",162
"Your task is to count how many legs there are in total when given a list of animals.

Now, how many legs are there in total if you have 1 butterfly, 11 grasshoppers, 9 leechs, 9 wasps, 1 dog, 11 chickens, 1 giraffe?
",156
"Your task is to count how many legs there are in total when given a list of animals.

Now, how many legs are there in total if you have 5 crabs, 6 flatworms, 15 fireflys, 3 cats, 12 leechs?
",152
"Your task is to count how many legs there are in total when given a list of animals.

Now, how many legs are there in total if you have 12 cockroachs, 1 shrimp, 6 birds?
",94
"Your task is to count how many legs there are in total when given a list of animals.

Now, how many legs are there in total if you have 8 sheeps, 4 birds, 10 giraffes, 2 butterflys, 11 cats, 2 chickens, 2 elephants, 1 bee?
",154
"Your task is to count how many legs there are in total when given a list of animals.

Now, how many legs are there in total if you have 5 humans, 11 sheeps, 4 lobsters, 12 spiders, 8 cats, 11 scorpions, 11 dogs?
",354
"Your task is to count how many legs there are in total when given a list of animals.

Now, how many legs are there in total if you have 8 lobsters, 2 birds, 11 snakes, 13 bees?
",162
"Your task is to count how many legs there are in total when given a list of animals.

Now, how many legs are there in total if you have 9 bees, 7 giraffes, 3 leechs, 13 birds?
",108
"Your task is to count how many legs there are in total when given a list of animals.

Now, how many legs are there in total if you have 5 cockroachs, 14 ducks, 4 lobsters, 15 dogs, 13 woodlouses, 4 humans, 15 beetles, 7 wasps, 13 spiders?
",584
"Your task is to count how many legs there are in total when given a list of animals.

Now, how many legs are there in total if you have 11 tigers, 1 butterfly, 15 cows, 3 flatworms, 2 scorpions, 12 shrimps, 9 beetles, 9 crabs?
",390
"Your task is to count how many legs there are in total when given a list of animals.

Now, how many legs are there in total if you have 9 ducks, 2 sea slugs, 1 lobster, 12 spiders, 2 leechs, 7 horses, 4 shrimps, 10 cats, 3 wasps?
",250
"Your task is to count how many legs there are in total when given a list of animals.

Now, how many legs are there in total if you have 9 leechs, 2 woodlouses, 12 jellyfishs, 9 spiders, 5 birds, 3 bees, 5 cockroachs?
",158
"Your task is to count how many legs there are in total when given a list of animals.

Now, how many legs are there in total if you have 4 woodlouses, 15 horses, 4 snakes?
",116
"Your task is to count how many legs there are in total when given a list of animals.

Now, how many legs are there in total if you have 15 chickens, 6 tigers, 10 cats, 2 ducks, 7 sheeps?
",126
"Your task is to count how many legs there are in total when given a list of animals.

Now, how many legs are there in total if you have 7 butterflys, 7 fireflys, 4 cows, 3 ducks, 15 jellyfishs, 12 leechs?
",106
"Your task is to count how many legs there are in total when given a list of animals.

Now, how many legs are there in total if you have 2 sheeps, 12 giraffes, 2 cats?
",64
"Your task is to count how many legs there are in total when given a list of animals.

Now, how many legs are there in total if you have 13 crabs, 2 sea slugs, 4 grasshoppers, 12 praying mantiss, 5 butterflys, 6 chickens?
",268
"Your task is to count how many legs there are in total when given a list of animals.

Now, how many legs are there in total if you have 2 starfishs, 11 ducks, 6 humans, 12 flatworms, 13 crickets, 13 cows, 4 shrimps, 10 lions, 2 insects?
",266
"Your task is to count how many legs there are in total when given a list of animals.

Now, how many legs are there in total if you have 5 jellyfishs, 9 sea slugs, 12 wasps, 15 crickets, 5 ants, 11 giraffes, 5 lobsters?
",286
"Your task is to count how many legs there are in total when given a list of animals.

Now, how many legs are there in total if you have 6 lobsters, 5 ants, 5 crabs, 3 birds, 5 snakes, 5 butterflys, 15 cats?
",236
"Your task is to count how many legs there are in total when given a list of animals.

Now, how many legs are there in total if you have 7 shrimps, 15 beetles, 7 cats, 15 sea slugs, 11 grasshoppers, 11 wasps?
",320
"Your task is to count how many legs there are in total when given a list of animals.

Now, how many legs are there in total if you have 12 scorpions, 4 cats, 15 wasps, 3 praying mantiss, 13 woodlouses, 11 horses, 6 butterflys, 6 fireflys, 3 cockroachs?
",536
"Your task is to count how many legs there are in total when given a list of animals.

Now, how many legs are there in total if you have 12 humans, 4 cockroachs, 11 deers, 1 sheep, 2 scorpions, 14 crickets, 6 bees?
",232
"Your task is to count how many legs there are in total when given a list of animals.

Now, how many legs are there in total if you have 1 cow, 6 insects, 8 starfishs, 6 bees?
",116
"Your task is to count how many legs there are in total when given a list of animals.

Now, how many legs are there in total if you have 10 cockroachs, 2 cats, 7 crickets, 1 insect, 12 sea slugs, 11 praying mantiss, 6 ants, 15 spiders, 9 ducks, 10 snakes?
",356
"Your task is to count how many legs there are in total when given a list of animals.

Now, how many legs are there in total if you have 12 crickets, 5 ducks, 10 giraffes, 6 praying mantiss, 5 humans, 2 jellyfishs, 7 flatworms, 7 insects?
",210
"Your task is to count how many legs there are in total when given a list of animals.

Now, how many legs are there in total if you have 9 insects, 4 crickets, 12 shrimps, 15 ants?
",288
"Your task is to count how many legs there are in total when given a list of animals.

Now, how many legs are there in total if you have 11 ants, 12 wasps, 12 chickens?
",162
"Your task is to count how many legs there are in total when given a list of animals.

Now, how many legs are there in total if you have 8 leechs, 5 insects, 12 cats, 11 jellyfishs, 1 flatworm, 13 fireflys, 12 cockroachs, 1 lion?
",232
"Your task is to count how many legs there are in total when given a list of animals.

Now, how many legs are there in total if you have 4 spiders, 3 ducks, 12 cows, 9 humans, 2 sea slugs?
",104
"Your task is to count how many legs there are in total when given a list of animals.

Now, how many legs are there in total if you have 1 ant, 5 starfishs, 12 leechs, 12 shrimps, 11 beetles, 7 lions, 8 cows, 5 scorpions, 5 cockroachs?
",347
"Your task is to count how many legs there are in total when given a list of animals.

Now, how many legs are there in total if you have 4 deers, 3 beetles, 6 birds, 9 lobsters, 1 elephant, 8 cows, 7 praying mantiss, 10 cats, 12 bees, 9 horses?
",362
"Your task is to count how many legs there are in total when given a list of animals.

Now, how many legs are there in total if you have 3 lobsters, 5 cows, 13 praying mantiss, 5 horses, 6 cockroachs, 9 sheeps, 1 grasshopper, 8 lions, 4 bees?
",282
"Your task is to count how many legs there are in total when given a list of animals.

Now, how many legs are there in total if you have 14 leechs, 12 crabs, 1 tiger, 7 scorpions, 11 spiders, 8 grasshoppers, 11 beetles, 4 shrimps?
",422
"Your task is to count how many legs there are in total when given a list of animals.

Now, how many legs are there in total if you have 13 lobsters, 13 leechs, 4 insects?
",154
"Your task is to count how many legs there are in total when given a list of animals.

Now, how many legs are there in total if you have 11 birds, 6 ants, 9 lions, 15 snakes, 9 bees?
",148
"Your task is to count how many legs there are in total when given a list of animals.

Now, how many legs are there in total if you have 1 elephant, 2 tigers, 9 insects, 11 humans, 15 ants, 14 lions?
",234
"Your task is to count how many legs there are in total when given a list of animals.

Now, how many legs are there in total if you have 1 cat, 14 bees, 4 giraffes, 12 chickens, 2 ants, 2 lions, 3 insects, 12 birds?
",190
"Your task is to count how many legs there are in total when given a list of animals.

Now, how many legs are there in total if you have 14 spiders, 9 humans, 2 flatworms?
",130
"Your task is to count how many legs there are in total when given a list of animals.

Now, how many legs are there in total if you have 3 leechs, 13 grasshoppers, 5 scorpions, 14 wasps, 1 giraffe?
",206
"Your task is to count how many legs there are in total when given a list of animals.

Now, how many legs are there in total if you have 5 fireflys, 3 giraffes, 15 grasshoppers?
",132
"Your task is to count how many legs there are in total when given a list of animals.

Now, how many legs are there in total if you have 13 elephants, 9 butterflys, 2 deers, 6 ants, 12 dogs, 13 starfishs, 12 lobsters?
",383
"Your task is to count how many legs there are in total when given a list of animals.

Now, how many legs are there in total if you have 5 birds, 14 fireflys, 3 lions, 14 praying mantiss?
",190
"Your task is to count how many legs there are in total when given a list of animals.

Now, how many legs are there in total if you have 8 tigers, 15 praying mantiss, 3 sheeps, 11 elephants?
",178
"Your task is to count how many legs there are in total when given a list of animals.

Now, how many legs are there in total if you have 6 cats, 1 bird, 14 lobsters?
",166
"Your task is to count how many legs there are in total when given a list of animals.

Now, how many legs are there in total if you have 13 cows, 11 cockroachs, 12 ducks, 12 jellyfishs, 12 ants, 15 crabs, 14 sheeps, 4 tigers, 7 crickets?
",478
"Your task is to count how many legs there are in total when given a list of animals.

Now, how many legs are there in total if you have 9 dogs, 6 cows, 7 praying mantiss, 11 bees, 10 leechs, 15 starfishs, 1 woodlouse, 12 sheeps, 12 scorpions?
",401
"Your task is to count how many legs there are in total when given a list of animals.

Now, how many legs are there in total if you have 3 shrimps, 6 ants, 8 flatworms, 5 horses?
",86
"Your task is to count how many legs there are in total when given a list of animals.

Now, how many legs are there in total if you have 11 spiders, 3 beetles, 10 insects, 2 shrimps, 15 cockroachs?
",276
"Your task is to count how many legs there are in total when given a list of animals.

Now, how many legs are there in total if you have 5 snakes, 11 humans, 8 spiders, 11 cockroachs, 8 cats, 14 elephants, 2 beetles?
",252
"Your task is to count how many legs there are in total when given a list of animals.

Now, how many legs are there in total if you have 15 sea slugs, 15 cats, 10 crickets, 10 grasshoppers, 14 woodlouses, 9 snakes, 9 leechs, 13 butterflys, 2 shrimps, 10 ants?
",534
"Your task is to count how many legs there are in total when given a list of animals.

Now, how many legs are there in total if you have 9 crickets, 1 human, 10 fireflys, 4 snakes, 11 praying mantiss, 1 woodlouse, 1 ant, 7 wasps, 3 deers, 15 sheeps?
",316
"Your task is to count how many legs there are in total when given a list of animals.

Now, how many legs are there in total if you have 15 cockroachs, 8 woodlouses, 15 beetles, 11 deers, 10 ants, 9 jellyfishs?
",396
"Your task is to count how many legs there are in total when given a list of animals.

Now, how many legs are there in total if you have 14 butterflys, 11 ducks, 15 beetles?
",196
"Your task is to count how many legs there are in total when given a list of animals.

Now, how many legs are there in total if you have 5 wasps, 3 scorpions, 8 horses, 5 elephants, 8 sheeps?
",138
"Your task is to count how many legs there are in total when given a list of animals.

Now, how many legs are there in total if you have 2 insects, 10 cows, 2 praying mantiss, 2 lions, 11 grasshoppers, 9 scorpions?
",210
"Your task is to count how many legs there are in total when given a list of animals.

Now, how many legs are there in total if you have 5 giraffes, 2 wasps, 13 dogs, 12 insects, 12 fireflys, 10 leechs?
",228
"Your task is to count how many legs there are in total when given a list of animals.

Now, how many legs are there in total if you have 8 tigers, 6 insects, 5 scorpions, 14 butterflys?
",192
"Your task is to count how many legs there are in total when given a list of animals.

Now, how many legs are there in total if you have 10 horses, 14 praying mantiss, 10 wasps, 13 deers, 13 woodlouses, 12 birds?
",442
"Your task is to count how many legs there are in total when given a list of animals.

Now, how many legs are there in total if you have 7 jellyfishs, 6 starfishs, 3 giraffes, 14 shrimps, 1 sheep, 4 ants, 2 lobsters, 10 fireflys, 6 cows?
",314
"Your task is to count how many legs there are in total when given a list of animals.

Now, how many legs are there in total if you have 14 cows, 12 wasps, 14 sea slugs, 10 dogs?
",168
"Your task is to count how many legs there are in total when given a list of animals.

Now, how many legs are there in total if you have 11 flatworms, 14 deers, 9 lions, 3 cats, 3 chickens, 10 birds, 3 crabs, 5 woodlouses?
",230
"Your task is to count how many legs there are in total when given a list of animals.

Now, how many legs are there in total if you have 11 fireflys, 13 spiders, 13 dogs, 11 beetles, 8 chickens, 3 tigers, 11 crabs?
",426
"Your task is to count how many legs there are in total when given a list of animals.

Now, how many legs are there in total if you have 4 snakes, 7 butterflys, 14 cows, 13 ducks, 4 horses, 7 cats, 13 spiders, 10 wasps, 13 insects, 2 cockroachs?
",422
"Your task is to count how many legs there are in total when given a list of animals.

Now, how many legs are there in total if you have 6 jellyfishs, 12 spiders, 5 ducks, 6 wasps, 5 starfishs, 5 scorpions, 6 sheeps, 11 tigers, 4 birds, 5 shrimps?
",333
"Your task is to count how many legs there are in total when given a list of animals.

Now, how many legs are there in total if you have 5 cockroachs, 15 chickens, 1 spider, 5 ducks, 6 tigers, 2 jellyfishs, 9 crabs?
",192
"Your task is to count how many legs there are in total when given a list of animals.

Now, how many legs are there in total if you have 6 snakes, 5 lions, 4 cats, 10 lobsters, 11 grasshoppers, 5 sea slugs?
",202
"Your task is to count how many legs there are in total when given a list of animals.

Now, how many legs are there in total if you have 4 scorpions, 10 birds, 14 crickets, 2 woodlouses, 13 ducks, 4 leechs, 6 jellyfishs, 8 sheeps, 6 cats?
",246
"Your task is to count how many legs there are in total when given a list of animals.

Now, how many legs are there in total if you have 15 birds, 10 lobsters, 4 sea slugs, 15 cockroachs, 4 tigers, 7 praying mantiss, 11 wasps?
",344
"Your task is to count how many legs there are in total when given a list of animals.

Now, how many legs are there in total if you have 1 cat, 1 crab, 10 chickens, 11 starfishs, 4 grasshoppers, 14 scorpions, 6 jellyfishs?
",225
"Your task is to count how many legs there are in total when given a list of animals.

Now, how many legs are there in total if you have 10 praying mantiss, 1 spider, 7 cats, 3 sheeps, 3 starfishs, 7 horses, 1 lobster, 15 humans, 4 birds?
",199
"Your task is to count how many legs there are in total when given a list of animals.

Now, how many legs are there in total if you have 1 firefly, 11 lobsters, 10 bees, 8 crickets, 14 crabs, 14 cockroachs, 13 tigers, 7 giraffes, 13 snakes, 1 wasp?
",534
"Your task is to count how many legs there are in total when given a list of animals.

Now, how many legs are there in total if you have 6 ducks, 11 chickens, 8 fireflys, 15 lobsters, 13 scorpions, 2 snakes, 15 insects, 10 wasps, 6 woodlouses?
",570
"Your task is to count how many legs there are in total when given a list of animals.

Now, how many legs are there in total if you have 15 deers, 9 crickets, 13 jellyfishs, 8 grasshoppers, 3 elephants, 3 woodlouses, 15 scorpions, 10 lobsters, 6 butterflys?
",472
"Your task is to count how many legs there are in total when given a list of animals.

Now, how many legs are there in total if you have 3 bees, 1 firefly, 15 snakes, 15 cows, 1 wasp, 6 sea slugs?
",90
"Your task is to count how many legs there are in total when given a list of animals.

Now, how many legs are there in total if you have 1 flatworm, 9 fireflys, 3 cockroachs, 14 scorpions, 9 insects, 6 jellyfishs, 7 giraffes, 3 birds, 6 starfishs, 5 praying mantiss?
",332
"Your task is to count how many legs there are in total when given a list of animals.

Now, how many legs are there in total if you have 2 lions, 8 butterflys, 10 humans, 13 spiders?
",180
"Your task is to count how many legs there are in total when given a list of animals.

Now, how many legs are there in total if you have 15 shrimps, 14 butterflys, 11 insects, 6 starfishs, 11 cows?
",374
"Your task is to count how many legs there are in total when given a list of animals.

Now, how many legs are there in total if you have 2 cows, 4 spiders, 12 crabs, 3 grasshoppers?
",178
"Your task is to count how many legs there are in total when given a list of animals.

Now, how many legs are there in total if you have 6 praying mantiss, 14 chickens, 14 ants, 13 sea slugs, 1 leech, 10 giraffes, 6 grasshoppers, 6 woodlouses, 1 bee, 11 shrimps?
",424
"Your task is to count how many legs there are in total when given a list of animals.

Now, how many legs are there in total if you have 12 elephants, 12 leechs, 8 deers, 8 flatworms, 5 praying mantiss, 12 scorpions, 2 beetles, 13 fireflys, 8 sheeps, 8 cats?
",360
"Your task is to count how many legs there are in total when given a list of animals.

Now, how many legs are there in total if you have 14 snakes, 15 starfishs, 8 lobsters, 6 insects, 7 shrimps, 5 elephants, 4 spiders, 2 cockroachs, 9 jellyfishs, 1 giraffe?
",329
"Your task is to count how many legs there are in total when given a list of animals.

Now, how many legs are there in total if you have 1 bird, 3 cats, 7 elephants, 2 starfishs, 10 cows, 14 dogs, 3 butterflys, 8 cockroachs?
",214
"Your task is to count how many legs there are in total when given a list of animals.

Now, how many legs are there in total if you have 13 cockroachs, 4 sheeps, 14 ducks, 9 woodlouses, 11 giraffes, 13 butterflys, 3 horses, 1 scorpion?
",390
"Your task is to count how many legs there are in total when given a list of animals.

Now, how many legs are there in total if you have 11 bees, 14 cows, 14 starfishs?
",192
"Your task is to count how many legs there are in total when given a list of animals.

Now, how many legs are there in total if you have 9 jellyfishs, 15 cats, 8 tigers, 12 lions, 14 crickets, 7 leechs, 12 humans, 6 elephants, 13 wasps, 1 dog?
",354
"Your task is to count how many legs there are in total when given a list of animals.

Now, how many legs are there in total if you have 4 cows, 15 crabs, 14 crickets, 1 jellyfish?
",250
"Your task is to count how many legs there are in total when given a list of animals.

Now, how many legs are there in total if you have 11 wasps, 14 sheeps, 13 butterflys?
",200
"Your task is to count how many legs there are in total when given a list of animals.

Now, how many legs are there in total if you have 13 sea slugs, 14 bees, 6 tigers, 15 cats, 1 lobster?
",178
"Your task is to count how many legs there are in total when given a list of animals.

Now, how many legs are there in total if you have 7 ducks, 3 giraffes, 9 snakes, 8 ants, 2 cats?
",82
"Your task is to count how many legs there are in total when given a list of animals.

Now, how many legs are there in total if you have 6 sheeps, 8 jellyfishs, 2 starfishs?
",34
"Your task is to count how many legs there are in total when given a list of animals.

Now, how many legs are there in total if you have 15 birds, 5 grasshoppers, 13 fireflys, 6 chickens, 4 flatworms?
",150
"Your task is to count how many legs there are in total when given a list of animals.

Now, how many legs are there in total if you have 5 insects, 11 butterflys, 8 horses, 4 tigers, 1 starfish?
",149
"Your task is to count how many legs there are in total when given a list of animals.

Now, how many legs are there in total if you have 7 lobsters, 3 insects, 13 woodlouses, 1 spider, 5 leechs, 5 praying mantiss, 4 grasshoppers, 9 sea slugs, 13 sheeps, 7 horses?
",412
"Your task is to count how many legs there are in total when given a list of animals.

Now, how many legs are there in total if you have 12 cats, 13 ducks, 6 sheeps, 5 butterflys, 10 shrimps, 4 lobsters, 9 spiders, 12 scorpions?
",436
"Your task is to count how many legs there are in total when given a list of animals.

Now, how many legs are there in total if you have 13 ants, 5 crabs, 13 spiders, 10 humans, 1 horse, 14 elephants?
",312
"Your task is to count how many legs there are in total when given a list of animals.

Now, how many legs are there in total if you have 5 starfishs, 5 beetles, 12 elephants, 6 birds, 8 crabs, 6 wasps, 12 insects, 5 butterflys, 4 ants, 15 deers?
",417
"Your task is to count how many legs there are in total when given a list of animals.

Now, how many legs are there in total if you have 5 wasps, 7 insects, 12 cats, 13 cockroachs?
",198
"Your task is to count how many legs there are in total when given a list of animals.

Now, how many legs are there in total if you have 10 giraffes, 3 cats, 12 chickens, 5 butterflys, 10 horses, 11 lions, 11 cows, 1 sheep?
",238
"Your task is to count how many legs there are in total when given a list of animals.

Now, how many legs are there in total if you have 12 lobsters, 14 butterflys, 13 jellyfishs, 13 dogs, 1 flatworm?
",256
"Your task is to count how many legs there are in total when given a list of animals.

Now, how many legs are there in total if you have 6 sheeps, 10 humans, 6 lions, 13 horses, 5 jellyfishs, 11 shrimps, 5 woodlouses?
",300
"Your task is to count how many legs there are in total when given a list of animals.

Now, how many legs are there in total if you have 5 fireflys, 6 butterflys, 4 dogs, 14 horses, 3 snakes, 14 ducks, 3 humans?
",172
"Your task is to count how many legs there are in total when given a list of animals.

Now, how many legs are there in total if you have 2 deers, 7 spiders, 7 jellyfishs, 7 crabs, 15 shrimps, 10 fireflys, 2 wasps, 9 cockroachs?
",410
"Your task is to count how many legs there are in total when given a list of animals.

Now, how many legs are there in total if you have 7 dogs, 8 chickens, 4 elephants, 8 ducks, 1 beetle, 2 scorpions?
",98
"Your task is to count how many legs there are in total when given a list of animals.

Now, how many legs are there in total if you have 13 starfishs, 9 fireflys, 13 horses, 7 sea slugs, 15 woodlouses, 10 jellyfishs?
",381
"Your task is to count how many legs there are in total when given a list of animals.

Now, how many legs are there in total if you have 11 elephants, 11 deers, 4 cockroachs, 14 sea slugs?
",112
"Your task is to count how many legs there are in total when given a list of animals.

Now, how many legs are there in total if you have 9 butterflys, 12 wasps, 3 dogs, 11 sea slugs, 4 elephants?
",154
"Your task is to count how many legs there are in total when given a list of animals.

Now, how many legs are there in total if you have 6 scorpions, 2 elephants, 14 bees, 9 lobsters, 7 humans, 9 dogs, 14 giraffes, 3 starfishs?
",351
"Your task is to count how many legs there are in total when given a list of animals.

Now, how many legs are there in total if you have 8 butterflys, 15 cats, 14 birds, 5 spiders, 5 crabs, 14 grasshoppers, 1 leech?
",310
"Your task is to count how many legs there are in total when given a list of animals.

Now, how many legs are there in total if you have 1 horse, 11 elephants, 15 cows, 8 humans, 15 starfishs, 14 sea slugs, 7 crickets?
",241
"Your task is to count how many legs there are in total when given a list of animals.

Now, how many legs are there in total if you have 10 beetles, 12 humans, 11 ants, 7 starfishs, 13 praying mantiss, 2 grasshoppers?
",275
"Your task is to count how many legs there are in total when given a list of animals.

Now, how many legs are there in total if you have 4 sea slugs, 1 shrimp, 12 birds, 14 snakes, 8 leechs, 12 humans, 3 tigers, 2 cows, 4 lions?
",94
"Your task is to count how many legs there are in total when given a list of animals.

Now, how many legs are there in total if you have 10 cockroachs, 14 humans, 9 tigers, 14 ducks, 2 giraffes, 1 wasp, 13 spiders?
",270
"Your task is to count how many legs there are in total when given a list of animals.

Now, how many legs are there in total if you have 6 sheeps, 12 leechs, 4 scorpions, 1 cockroach, 14 wasps, 13 deers, 9 ducks, 11 giraffes?
",260
"Your task is to count how many legs there are in total when given a list of animals.

Now, how many legs are there in total if you have 14 deers, 4 lions, 10 elephants, 1 wasp?
",118
"Your task is to count how many legs there are in total when given a list of animals.

Now, how many legs are there in total if you have 12 grasshoppers, 2 praying mantiss, 15 shrimps, 9 lobsters, 15 butterflys, 7 elephants?
",442
"Your task is to count how many legs there are in total when given a list of animals.

Now, how many legs are there in total if you have 11 lions, 14 woodlouses, 14 crabs, 10 bees, 15 cockroachs, 12 grasshoppers, 6 ants, 13 tigers, 14 sheeps?
",746
"Your task is to count how many legs there are in total when given a list of animals.

Now, how many legs are there in total if you have 6 spiders, 11 cows, 15 woodlouses, 13 chickens?
",328
"Your task is to count how many legs there are in total when given a list of animals.

Now, how many legs are there in total if you have 6 grasshoppers, 3 shrimps, 8 lobsters?
",146
"Your task is to count how many legs there are in total when given a list of animals.

Now, how many legs are there in total if you have 6 birds, 6 deers, 12 scorpions, 14 crickets, 2 butterflys, 5 beetles?
",258
"Your task is to count how many legs there are in total when given a list of animals.

Now, how many legs are there in total if you have 15 starfishs, 3 leechs, 10 lobsters?
",175
"Your task is to count how many legs there are in total when given a list of animals.

Now, how many legs are there in total if you have 15 humans, 5 spiders, 3 cats, 3 cows?
",94
"Your task is to count how many legs there are in total when given a list of animals.

Now, how many legs are there in total if you have 9 wasps, 8 cows, 6 starfishs, 6 birds, 11 crabs, 6 tigers, 4 giraffes, 15 praying mantiss, 12 deers?
",416
"Your task is to count how many legs there are in total when given a list of animals.

Now, how many legs are there in total if you have 3 grasshoppers, 4 birds, 14 sea slugs, 1 starfish, 9 lobsters, 14 butterflys, 10 fireflys, 1 giraffe, 15 sheeps, 11 praying mantiss?
",395
"Your task is to count how many legs there are in total when given a list of animals.

Now, how many legs are there in total if you have 14 flatworms, 1 sheep, 3 ants?
",22
"Your task is to count how many legs there are in total when given a list of animals.

Now, how many legs are there in total if you have 5 cockroachs, 10 chickens, 4 crabs, 7 woodlouses, 10 humans, 6 sheeps, 5 jellyfishs, 13 bees, 7 sea slugs, 10 cows?
",350
"Your task is to count how many legs there are in total when given a list of animals.

Now, how many legs are there in total if you have 1 starfish, 12 praying mantiss, 13 grasshoppers, 8 lobsters, 6 elephants, 1 scorpion, 8 bees, 8 chickens, 12 sheeps?
",379
"Your task is to count how many legs there are in total when given a list of animals.

Now, how many legs are there in total if you have 6 crickets, 13 spiders, 10 cockroachs?
",200
"Your task is to count how many legs there are in total when given a list of animals.

Now, how many legs are there in total if you have 14 starfishs, 8 sheeps, 13 butterflys, 11 ants, 11 birds, 12 cats, 2 beetles, 10 jellyfishs, 8 fireflys?
",376
"Your task is to count how many legs there are in total when given a list of animals.

Now, how many legs are there in total if you have 5 ants, 5 scorpions, 15 fireflys, 9 jellyfishs, 10 deers, 1 lion, 5 lobsters, 12 snakes?
",254
"Your task is to count how many legs there are in total when given a list of animals.

Now, how many legs are there in total if you have 13 tigers, 4 cats, 13 humans, 13 birds, 3 deers, 8 praying mantiss?
",180
"Your task is to count how many legs there are in total when given a list of animals.

Now, how many legs are there in total if you have 7 elephants, 2 shrimps, 7 jellyfishs, 10 dogs, 4 deers, 11 spiders?
",192
"Your task is to count how many legs there are in total when given a list of animals.

Now, how many legs are there in total if you have 9 crickets, 15 lions, 6 fireflys, 10 praying mantiss, 4 giraffes, 4 crabs, 11 humans, 12 butterflys, 5 sheeps, 15 dogs?
",440
"Your task is to count how many legs there are in total when given a list of animals.

Now, how many legs are there in total if you have 8 butterflys, 3 cats, 8 crickets, 3 praying mantiss?
",126
"Your task is to count how many legs there are in total when given a list of animals.

Now, how many legs are there in total if you have 13 humans, 2 chickens, 13 flatworms, 5 fireflys, 15 ducks, 1 praying mantis?
",96
"Your task is to count how many legs there are in total when given a list of animals.

Now, how many legs are there in total if you have 10 ducks, 12 chickens, 5 lobsters, 12 butterflys, 10 crabs?
",266
"Your task is to count how many legs there are in total when given a list of animals.

Now, how many legs are there in total if you have 3 cockroachs, 10 flatworms, 13 sea slugs, 7 ducks, 8 dogs, 2 woodlouses, 5 praying mantiss, 13 insects, 8 lobsters, 11 jellyfishs?
",280
"Your task is to count how many legs there are in total when given a list of animals.

Now, how many legs are there in total if you have 4 scorpions, 5 leechs, 6 ducks, 8 lobsters, 5 woodlouses, 3 chickens?
",200
"Your task is to count how many legs there are in total when given a list of animals.

Now, how many legs are there in total if you have 4 lobsters, 1 cricket, 1 sheep, 9 leechs, 13 elephants, 8 lions, 6 deers?
",158
"Your task is to count how many legs there are in total when given a list of animals.

Now, how many legs are there in total if you have 3 fireflys, 6 sea slugs, 10 butterflys, 14 horses, 15 dogs, 5 chickens, 5 snakes?
",204
"Your task is to count how many legs there are in total when given a list of animals.

Now, how many legs are there in total if you have 8 scorpions, 10 shrimps, 3 sea slugs, 11 cockroachs, 6 lobsters, 4 deers, 8 snakes, 10 beetles, 13 crabs?
",496
"Your task is to count how many legs there are in total when given a list of animals.

Now, how many legs are there in total if you have 15 horses, 1 sea slug, 14 dogs, 7 butterflys?
",158
"Your task is to count how many legs there are in total when given a list of animals.

Now, how many legs are there in total if you have 5 praying mantiss, 1 butterfly, 15 lions, 15 scorpions, 12 tigers?
",264
"Your task is to count how many legs there are in total when given a list of animals.

Now, how many legs are there in total if you have 11 dogs, 12 ants, 3 scorpions, 2 snakes, 8 leechs, 2 lions, 10 giraffes, 7 birds, 11 crabs?
",312
"Your task is to count how many legs there are in total when given a list of animals.

Now, how many legs are there in total if you have 3 wasps, 2 giraffes, 7 elephants, 7 praying mantiss, 11 snakes, 6 cows, 9 flatworms, 13 scorpions, 2 shrimps?
",244
"Your task is to count how many legs there are in total when given a list of animals.

Now, how many legs are there in total if you have 7 cockroachs, 4 woodlouses, 10 jellyfishs, 15 beetles, 15 sheeps, 8 insects?
",296
"Your task is to count how many legs there are in total when given a list of animals.

Now, how many legs are there in total if you have 6 shrimps, 13 humans, 12 cockroachs, 3 birds, 7 insects, 6 tigers, 11 butterflys, 8 ducks?
",312
"Your task is to count how many legs there are in total when given a list of animals.

Now, how many legs are there in total if you have 10 ducks, 11 bees, 5 crickets, 4 spiders, 2 elephants, 15 snakes, 2 grasshoppers, 8 butterflys, 7 cockroachs, 11 giraffes?
",302
"Your task is to count how many legs there are in total when given a list of animals.

Now, how many legs are there in total if you have 14 woodlouses, 9 starfishs, 7 beetles, 1 sea slug, 13 butterflys?
",361
"Your task is to count how many legs there are in total when given a list of animals.

Now, how many legs are there in total if you have 7 butterflys, 2 beetles, 10 sea slugs, 6 chickens, 1 duck?
",68
"Your task is to count how many legs there are in total when given a list of animals.

Now, how many legs are there in total if you have 8 ants, 9 grasshoppers, 8 elephants, 4 fireflys, 2 leechs, 12 butterflys, 15 spiders?
",350
"Your task is to count how many legs there are in total when given a list of animals.

Now, how many legs are there in total if you have 1 tiger, 2 praying mantiss, 2 grasshoppers?
",28
"Your task is to count how many legs there are in total when given a list of animals.

Now, how many legs are there in total if you have 6 crickets, 8 cows, 15 fireflys, 12 tigers, 1 snake, 8 cockroachs?
",254
"Your task is to count how many legs there are in total when given a list of animals.

Now, how many legs are there in total if you have 11 ants, 15 wasps, 5 grasshoppers, 2 chickens, 9 cats, 6 elephants, 14 sheeps?
",306
"Your task is to count how many legs there are in total when given a list of animals.

Now, how many legs are there in total if you have 4 lobsters, 3 beetles, 6 dogs, 2 snakes?
",82
"Your task is to count how many legs there are in total when given a list of animals.

Now, how many legs are there in total if you have 3 chickens, 7 tigers, 5 horses, 10 woodlouses?
",194
"Your task is to count how many legs there are in total when given a list of animals.

Now, how many legs are there in total if you have 2 cats, 5 cockroachs, 13 ducks, 9 wasps, 10 sheeps, 1 snake, 14 leechs, 6 birds?
",170
"Your task is to count how many legs there are in total when given a list of animals.

Now, how many legs are there in total if you have 15 insects, 8 ducks, 9 lobsters?
",196
"Your task is to count how many legs there are in total when given a list of animals.

Now, how many legs are there in total if you have 2 cats, 6 ants, 11 woodlouses, 9 scorpions?
",270
"Your task is to count how many legs there are in total when given a list of animals.

Now, how many legs are there in total if you have 12 spiders, 1 cat, 7 shrimps, 5 starfishs?
",195
"Your task is to count how many legs there are in total when given a list of animals.

Now, how many legs are there in total if you have 5 crickets, 2 flatworms, 10 sheeps, 11 woodlouses, 2 chickens, 11 ants, 9 jellyfishs, 2 leechs?
",294
"Your task is to count how many legs there are in total when given a list of animals.

Now, how many legs are there in total if you have 14 scorpions, 11 shrimps, 3 crickets, 8 humans, 2 giraffes, 10 starfishs?
",314
"Your task is to count how many legs there are in total when given a list of animals.

Now, how many legs are there in total if you have 15 bees, 12 spiders, 8 horses, 12 lobsters, 10 butterflys, 6 birds, 12 giraffes, 14 scorpions, 15 tigers, 15 ducks?
",660
"Your task is to count how many legs there are in total when given a list of animals.

Now, how many legs are there in total if you have 11 crickets, 6 cockroachs, 9 spiders, 7 bees?
",216
"Your task is to count how many legs there are in total when given a list of animals.

Now, how many legs are there in total if you have 3 chickens, 12 cows, 14 lobsters, 2 shrimps, 6 giraffes, 10 birds?
",258
"Your task is to count how many legs there are in total when given a list of animals.

Now, how many legs are there in total if you have 14 starfishs, 12 sheeps, 9 deers?
",154
"Your task is to count how many legs there are in total when given a list of animals.

Now, how many legs are there in total if you have 8 deers, 10 crabs, 4 giraffes, 10 lobsters, 11 flatworms, 6 cockroachs, 12 birds, 10 cows, 3 lions?
",360
"Your task is to count how many legs there are in total when given a list of animals.

Now, how many legs are there in total if you have 11 starfishs, 4 giraffes, 13 cockroachs, 3 crickets, 6 lions, 13 scorpions?
",295
"Your task is to count how many legs there are in total when given a list of animals.

Now, how many legs are there in total if you have 8 lions, 6 butterflys, 9 praying mantiss, 2 chickens, 6 cockroachs, 12 dogs, 3 birds?
",216
"Your task is to count how many legs there are in total when given a list of animals.

Now, how many legs are there in total if you have 10 spiders, 1 sheep, 5 beetles, 7 lions, 13 flatworms, 15 butterflys, 15 starfishs, 4 sea slugs, 10 grasshoppers, 4 crickets?
",391
"Your task is to count how many legs there are in total when given a list of animals.

Now, how many legs are there in total if you have 4 crickets, 4 elephants, 13 shrimps?
",170
"Your task is to count how many legs there are in total when given a list of animals.

Now, how many legs are there in total if you have 15 humans, 5 cats, 2 insects, 13 praying mantiss, 6 birds, 3 deers?
",164
"Your task is to count how many legs there are in total when given a list of animals.

Now, how many legs are there in total if you have 5 flatworms, 13 deers, 14 wasps?
",136
"Your task is to count how many legs there are in total when given a list of animals.

Now, how many legs are there in total if you have 8 ducks, 10 chickens, 15 insects, 2 sea slugs, 15 fireflys, 5 elephants, 9 crabs, 14 leechs, 6 deers?
",350
"Your task is to count how many legs there are in total when given a list of animals.

Now, how many legs are there in total if you have 5 leechs, 7 woodlouses, 5 giraffes, 8 ants, 10 chickens?
",186
"Your task is to count how many legs there are in total when given a list of animals.

Now, how many legs are there in total if you have 3 beetles, 8 birds, 4 chickens, 9 giraffes, 7 ants, 9 flatworms?
",120
"Your task is to count how many legs there are in total when given a list of animals.

Now, how many legs are there in total if you have 6 sheeps, 13 humans, 11 dogs, 8 bees, 7 spiders, 11 deers, 7 butterflys, 8 ants, 11 grasshoppers?
",398
"Your task is to count how many legs there are in total when given a list of animals.

Now, how many legs are there in total if you have 5 wasps, 13 fireflys, 6 leechs, 10 dogs, 10 horses, 11 crabs, 15 tigers?
",358
"Your task is to count how many legs there are in total when given a list of animals.

Now, how many legs are there in total if you have 3 chickens, 9 sheeps, 4 cockroachs?
",66
"Your task is to count how many legs there are in total when given a list of animals.

Now, how many legs are there in total if you have 2 scorpions, 7 wasps, 1 flatworm, 8 grasshoppers, 3 spiders, 6 jellyfishs, 8 giraffes?
",162
"Your task is to count how many legs there are in total when given a list of animals.

Now, how many legs are there in total if you have 15 butterflys, 10 lobsters, 1 firefly, 9 sea slugs, 15 ducks, 7 bees, 6 leechs, 7 ants?
",310
"Your task is to count how many legs there are in total when given a list of animals.

Now, how many legs are there in total if you have 13 deers, 12 beetles, 5 leechs?
",124
"Your task is to count how many legs there are in total when given a list of animals.

Now, how many legs are there in total if you have 4 flatworms, 8 dogs, 2 sheeps, 3 lobsters, 14 fireflys, 12 cats, 4 butterflys, 4 crickets, 1 chicken?
",252
"Your task is to count how many legs there are in total when given a list of animals.

Now, how many legs are there in total if you have 5 wasps, 13 cows, 11 jellyfishs?
",82
"Your task is to count how many legs there are in total when given a list of animals.

Now, how many legs are there in total if you have 11 wasps, 7 lions, 9 giraffes, 8 snakes, 4 sheeps, 8 bees?
",194
"Your task is to count how many legs there are in total when given a list of animals.

Now, how many legs are there in total if you have 9 chickens, 11 deers, 11 starfishs, 1 human, 11 cockroachs, 14 ducks, 6 shrimps, 2 woodlouses, 8 birds, 6 scorpions?
",365
"Your task is to count how many legs there are in total when given a list of animals.

Now, how many legs are there in total if you have 9 bees, 7 wasps, 15 ducks, 15 cows, 4 elephants, 12 spiders, 3 ants, 11 leechs, 12 cockroachs, 1 jellyfish?
",388
"Your task is to count how many legs there are in total when given a list of animals.

Now, how many legs are there in total if you have 13 horses, 1 shrimp, 11 grasshoppers, 15 cats, 3 butterflys, 9 sea slugs, 12 spiders?
",302
"Your task is to count how many legs there are in total when given a list of animals.

Now, how many legs are there in total if you have 7 sea slugs, 4 fireflys, 11 ants, 14 bees?
",174
"Your task is to count how many legs there are in total when given a list of animals.

Now, how many legs are there in total if you have 3 starfishs, 6 leechs, 3 woodlouses?
",57
"Your task is to count how many legs there are in total when given a list of animals.

Now, how many legs are there in total if you have 7 starfishs, 8 insects, 9 fireflys, 1 flatworm, 5 deers?
",157
"Your task is to count how many legs there are in total when given a list of animals.

Now, how many legs are there in total if you have 10 crabs, 6 birds, 15 lobsters, 6 woodlouses, 15 deers, 15 ducks?
",436
"Your task is to count how many legs there are in total when given a list of animals.

Now, how many legs are there in total if you have 7 flatworms, 15 chickens, 10 woodlouses, 5 crickets?
",200
"Your task is to count how many legs there are in total when given a list of animals.

Now, how many legs are there in total if you have 7 chickens, 4 dogs, 7 beetles, 11 snakes, 14 grasshoppers, 10 jellyfishs, 1 horse, 5 deers, 6 lions, 14 elephants?
",260
"Your task is to count how many legs there are in total when given a list of animals.

Now, how many legs are there in total if you have 2 sheeps, 7 giraffes, 2 shrimps, 1 cow, 11 dogs, 11 lobsters, 4 spiders?
",246
"Your task is to count how many legs there are in total when given a list of animals.

Now, how many legs are there in total if you have 8 grasshoppers, 2 dogs, 15 ants, 15 cows, 9 sea slugs, 15 giraffes, 1 horse, 9 tigers?
",306
"Your task is to count how many legs there are in total when given a list of animals.

Now, how many legs are there in total if you have 13 butterflys, 3 wasps, 11 chickens, 7 cows, 1 snake, 10 elephants, 7 ants, 4 shrimps?
",268
"Your task is to count how many legs there are in total when given a list of animals.

Now, how many legs are there in total if you have 15 scorpions, 4 spiders, 12 horses?
",200
"Your task is to count how many legs there are in total when given a list of animals.

Now, how many legs are there in total if you have 8 dogs, 15 beetles, 8 sea slugs, 14 grasshoppers, 4 chickens, 8 birds, 11 bees, 4 butterflys, 14 wasps, 14 crabs?
",544
"Your task is to count how many legs there are in total when given a list of animals.

Now, how many legs are there in total if you have 15 praying mantiss, 6 leechs, 10 wasps, 11 tigers, 12 shrimps, 2 jellyfishs, 3 cats, 1 bird?
",328
"Your task is to count how many legs there are in total when given a list of animals.

Now, how many legs are there in total if you have 14 jellyfishs, 13 deers, 5 bees, 3 flatworms?
",82
"Your task is to count how many legs there are in total when given a list of animals.

Now, how many legs are there in total if you have 4 ducks, 2 beetles, 4 cows, 5 sea slugs, 15 crabs, 3 grasshoppers, 12 cats, 3 ants, 12 chickens?
",294
"Your task is to count how many legs there are in total when given a list of animals.

Now, how many legs are there in total if you have 7 chickens, 1 bird, 1 horse, 11 starfishs, 11 bees?
",141
"Your task is to count how many legs there are in total when given a list of animals.

Now, how many legs are there in total if you have 5 grasshoppers, 10 lobsters, 9 dogs, 4 ducks, 2 spiders, 5 elephants, 9 ants?
",264
"Your task is to count how many legs there are in total when given a list of animals.

Now, how many legs are there in total if you have 5 crabs, 5 leechs, 1 sheep, 10 shrimps, 6 cockroachs, 4 butterflys?
",214
"Your task is to count how many legs there are in total when given a list of animals.

Now, how many legs are there in total if you have 8 fireflys, 4 deers, 12 woodlouses, 5 shrimps?
",282
"Your task is to count how many legs there are in total when given a list of animals.

Now, how many legs are there in total if you have 6 bees, 4 shrimps, 5 cockroachs, 6 elephants, 7 starfishs, 12 wasps, 15 chickens, 12 tigers, 7 deers?
",343
"Your task is to count how many legs there are in total when given a list of animals.

Now, how many legs are there in total if you have 15 scorpions, 1 grasshopper, 3 dogs, 1 human?
",140
"Your task is to count how many legs there are in total when given a list of animals.

Now, how many legs are there in total if you have 3 shrimps, 6 scorpions, 6 sea slugs, 2 leechs, 11 horses?
",122
"Your task is to count how many legs there are in total when given a list of animals.

Now, how many legs are there in total if you have 6 giraffes, 3 snakes, 10 sea slugs, 3 leechs, 11 tigers, 6 dogs, 11 cats, 2 butterflys, 12 deers, 15 praying mantiss?
",286
"Your task is to count how many legs there are in total when given a list of animals.

Now, how many legs are there in total if you have 7 bees, 10 flatworms, 14 ants, 13 cows, 15 scorpions, 8 sheeps, 8 giraffes, 3 butterflys, 13 lions, 15 elephants?
",492
"Your task is to count how many legs there are in total when given a list of animals.

Now, how many legs are there in total if you have 8 crickets, 14 cows, 12 jellyfishs, 10 horses, 4 humans?
",152
"Your task is to count how many legs there are in total when given a list of animals.

Now, how many legs are there in total if you have 7 chickens, 9 grasshoppers, 3 woodlouses, 3 elephants, 5 lobsters?
",172
"Your task is to count how many legs there are in total when given a list of animals.

Now, how many legs are there in total if you have 3 spiders, 6 beetles, 11 cows, 6 ants, 11 crabs, 11 cockroachs, 11 flatworms, 2 fireflys, 14 deers, 1 bee?
",390
"Your task is to count how many legs there are in total when given a list of animals.

Now, how many legs are there in total if you have 1 dog, 11 elephants, 14 ants, 11 birds?
",154
"Your task is to count how many legs there are in total when given a list of animals.

Now, how many legs are there in total if you have 8 deers, 2 snakes, 14 humans, 11 starfishs, 1 flatworm, 13 scorpions, 9 spiders, 1 sheep?
",295
"Your task is to count how many legs there are in total when given a list of animals.

Now, how many legs are there in total if you have 12 crabs, 6 lobsters, 6 wasps, 4 grasshoppers, 10 insects, 8 jellyfishs, 14 woodlouses, 2 beetles?
",508
"Your task is to count how many legs there are in total when given a list of animals.

Now, how many legs are there in total if you have 11 lions, 9 woodlouses, 12 tigers, 7 spiders, 12 flatworms, 9 fireflys, 5 lobsters, 14 cows, 3 deers?
",446
"Your task is to count how many legs there are in total when given a list of animals.

Now, how many legs are there in total if you have 5 lobsters, 3 ducks, 7 cows, 1 cockroach, 9 crabs, 14 starfishs?
",250
"Your task is to count how many legs there are in total when given a list of animals.

Now, how many legs are there in total if you have 6 insects, 1 scorpion, 14 lobsters?
",184
"Your task is to count how many legs there are in total when given a list of animals.

Now, how many legs are there in total if you have 5 ants, 2 horses, 7 elephants, 13 shrimps, 7 dogs, 9 fireflys, 8 lobsters, 6 sheeps, 1 giraffe?
",386
"Your task is to count how many legs there are in total when given a list of animals.

Now, how many legs are there in total if you have 6 deers, 3 spiders, 14 sheeps?
",104
"Your task is to count how many legs there are in total when given a list of animals.

Now, how many legs are there in total if you have 11 deers, 14 butterflys, 6 scorpions, 13 birds, 1 cat, 5 fireflys?
",236
"Your task is to count how many legs there are in total when given a list of animals.

Now, how many legs are there in total if you have 4 sea slugs, 15 leechs, 5 chickens, 2 crickets, 4 ants, 13 dogs, 12 spiders, 1 butterfly?
",200
"Your task is to count how many legs there are in total when given a list of animals.

Now, how many legs are there in total if you have 3 beetles, 5 insects, 1 deer, 15 lobsters, 7 fireflys, 2 shrimps, 4 snakes, 7 grasshoppers?
",306
"Your task is to count how many legs there are in total when given a list of animals.

Now, how many legs are there in total if you have 1 horse, 3 grasshoppers, 7 lions, 5 cockroachs, 4 flatworms, 13 butterflys?
",158
"Your task is to count how many legs there are in total when given a list of animals.

Now, how many legs are there in total if you have 1 tiger, 7 starfishs, 6 birds, 2 grasshoppers, 3 horses?
",75
"Your task is to count how many legs there are in total when given a list of animals.

Now, how many legs are there in total if you have 3 flatworms, 1 praying mantis, 12 horses, 1 jellyfish?
",54
"Your task is to count how many legs there are in total when given a list of animals.

Now, how many legs are there in total if you have 12 elephants, 7 bees, 4 tigers?
",106
"Your task is to count how many legs there are in total when given a list of animals.

Now, how many legs are there in total if you have 5 woodlouses, 10 flatworms, 14 cats, 10 lobsters, 12 sheeps?
",274
"Your task is to count how many legs there are in total when given a list of animals.

Now, how many legs are there in total if you have 11 praying mantiss, 2 deers, 1 wasp, 3 dogs, 10 spiders, 5 insects, 11 snakes, 13 tigers, 11 giraffes?
",298
"Your task is to count how many legs there are in total when given a list of animals.

Now, how many legs are there in total if you have 6 dogs, 15 crickets, 11 praying mantiss, 10 chickens, 12 deers, 6 tigers, 12 ducks, 5 elephants, 2 starfishs?
",326
"Your task is to count how many legs there are in total when given a list of animals.

Now, how many legs are there in total if you have 10 cows, 10 horses, 8 deers, 1 beetle, 4 grasshoppers, 7 birds, 7 crabs, 14 insects, 6 scorpions, 8 spiders?
",422
"Your task is to count how many legs there are in total when given a list of animals.

Now, how many legs are there in total if you have 10 fireflys, 13 elephants, 9 crickets, 8 bees, 6 spiders, 3 snakes, 12 starfishs, 12 chickens?
",346
"Your task is to count how many legs there are in total when given a list of animals.

Now, how many legs are there in total if you have 13 horses, 15 humans, 2 grasshoppers, 7 bees, 11 elephants, 10 leechs, 1 deer, 11 butterflys, 9 cockroachs, 8 starfishs?
",344
"Your task is to count how many legs there are in total when given a list of animals.

Now, how many legs are there in total if you have 5 shrimps, 6 cows, 10 jellyfishs, 14 sheeps, 2 bees, 12 starfishs, 5 giraffes, 3 fireflys, 4 deers?
",256
"Your task is to count how many legs there are in total when given a list of animals.

Now, how many legs are there in total if you have 5 humans, 15 grasshoppers, 3 lobsters?
",130
"Your task is to count how many legs there are in total when given a list of animals.

Now, how many legs are there in total if you have 10 woodlouses, 13 cockroachs, 11 ants, 15 ducks, 13 wasps, 5 horses, 1 cat?
",416
"Your task is to count how many legs there are in total when given a list of animals.

Now, how many legs are there in total if you have 11 lions, 15 cats, 15 sea slugs, 13 butterflys, 5 tigers, 5 dogs, 11 beetles?
",288
"Your task is to count how many legs there are in total when given a list of animals.

Now, how many legs are there in total if you have 1 shrimp, 15 lobsters, 9 leechs, 2 giraffes, 9 lions, 13 spiders, 3 snakes, 10 flatworms, 7 sheeps?
",336
"Your task is to count how many legs there are in total when given a list of animals.

Now, how many legs are there in total if you have 4 spiders, 10 insects, 6 cockroachs, 8 tigers, 10 crabs, 12 bees?
",332
"Your task is to count how many legs there are in total when given a list of animals.

Now, how many legs are there in total if you have 6 ants, 8 woodlouses, 7 spiders?
",204
"Your task is to count how many legs there are in total when given a list of animals.

Now, how many legs are there in total if you have 9 lions, 1 cricket, 1 shrimp, 7 leechs?
",52
"Your task is to count how many legs there are in total when given a list of animals.

Now, how many legs are there in total if you have 15 sheeps, 11 woodlouses, 7 flatworms, 5 lions?
",234
"Your task is to count how many legs there are in total when given a list of animals.

Now, how many legs are there in total if you have 14 shrimps, 7 chickens, 15 sheeps, 10 woodlouses, 9 wasps, 14 jellyfishs, 10 humans, 12 deers, 3 lions?
",488
"Your task is to count how many legs there are in total when given a list of animals.

Now, how many legs are there in total if you have 15 humans, 15 birds, 11 ducks, 14 horses, 13 sea slugs, 4 insects, 15 scorpions?
",282
"Your task is to count how many legs there are in total when given a list of animals.

Now, how many legs are there in total if you have 15 elephants, 15 tigers, 12 cats, 4 leechs, 11 crabs, 4 lobsters, 6 humans?
",330
"Your task is to count how many legs there are in total when given a list of animals.

Now, how many legs are there in total if you have 14 lobsters, 14 grasshoppers, 15 lions, 7 bees?
",326
"Your task is to count how many legs there are in total when given a list of animals.

Now, how many legs are there in total if you have 2 flatworms, 8 grasshoppers, 8 tigers, 2 deers, 2 woodlouses?
",116
"Your task is to count how many legs there are in total when given a list of animals.

Now, how many legs are there in total if you have 6 scorpions, 5 snakes, 2 wasps, 13 fireflys, 12 lobsters, 10 giraffes, 11 dogs, 5 butterflys?
",372
"Your task is to count how many legs there are in total when given a list of animals.

Now, how many legs are there in total if you have 1 flatworm, 9 shrimps, 13 woodlouses, 12 starfishs, 15 leechs, 1 tiger, 11 insects, 5 cockroachs, 6 deers, 9 sheeps?
",492
"Your task is to count how many legs there are in total when given a list of animals.

Now, how many legs are there in total if you have 15 horses, 10 flatworms, 14 sheeps, 1 firefly, 5 ants, 11 giraffes, 11 cockroachs, 9 starfishs?
",307
"Your task is to count how many legs there are in total when given a list of animals.

Now, how many legs are there in total if you have 11 lobsters, 15 starfishs, 10 ants?
",245
"Your task is to count how many legs there are in total when given a list of animals.

Now, how many legs are there in total if you have 14 chickens, 13 wasps, 4 elephants, 14 lobsters, 6 crickets?
",298
"Your task is to count how many legs there are in total when given a list of animals.

Now, how many legs are there in total if you have 9 cows, 1 lion, 6 birds, 10 beetles, 14 cats, 4 humans, 8 jellyfishs, 14 leechs, 7 wasps, 8 butterflys?
",266
"Your task is to count how many legs there are in total when given a list of animals.

Now, how many legs are there in total if you have 2 starfishs, 1 cow, 12 lions, 3 deers, 6 sheeps, 12 grasshoppers, 4 dogs, 13 beetles, 15 cats?
",324
"Your task is to count how many legs there are in total when given a list of animals.

Now, how many legs are there in total if you have 13 flatworms, 6 ducks, 8 butterflys, 8 beetles, 9 spiders, 8 birds?
",196
"Your task is to count how many legs there are in total when given a list of animals.

Now, how many legs are there in total if you have 13 beetles, 2 chickens, 15 fireflys, 5 deers?
",192
"Your task is to count how many legs there are in total when given a list of animals.

Now, how many legs are there in total if you have 2 shrimps, 13 bees, 7 snakes, 4 crabs, 4 humans, 3 tigers, 4 giraffes, 14 leechs, 2 sea slugs?
",174
"Your task is to count how many legs there are in total when given a list of animals.

Now, how many legs are there in total if you have 6 fireflys, 1 duck, 9 chickens, 9 butterflys?
",110
"Your task is to count how many legs there are in total when given a list of animals.

Now, how many legs are there in total if you have 3 lions, 5 beetles, 5 sea slugs, 7 spiders, 9 grasshoppers, 2 cats, 9 dogs, 12 flatworms?
",196
"Your task is to count how many legs there are in total when given a list of animals.

Now, how many legs are there in total if you have 10 chickens, 13 beetles, 8 cows, 8 leechs?
",130
"Your task is to count how many legs there are in total when given a list of animals.

Now, how many legs are there in total if you have 14 sea slugs, 4 deers, 2 flatworms?
",16
"Your task is to count how many legs there are in total when given a list of animals.

Now, how many legs are there in total if you have 7 birds, 15 woodlouses, 15 giraffes, 13 chickens, 7 starfishs, 7 sheeps, 13 sea slugs?
",373
"Your task is to count how many legs there are in total when given a list of animals.

Now, how many legs are there in total if you have 12 ducks, 11 starfishs, 1 deer, 12 crickets?
",155
"Your task is to count how many legs there are in total when given a list of animals.

Now, how many legs are there in total if you have 10 tigers, 9 sheeps, 12 deers?
",124
"Your task is to count how many legs there are in total when given a list of animals.

Now, how many legs are there in total if you have 13 praying mantiss, 8 cows, 10 sheeps, 3 tigers, 6 dogs?
",186
"Your task is to count how many legs there are in total when given a list of animals.

Now, how many legs are there in total if you have 6 beetles, 7 snakes, 7 insects, 2 sheeps, 5 butterflys, 1 bird?
",118
"Your task is to count how many legs there are in total when given a list of animals.

Now, how many legs are there in total if you have 6 chickens, 10 dogs, 10 lobsters?
",152
"Your task is to count how many legs there are in total when given a list of animals.

Now, how many legs are there in total if you have 3 shrimps, 2 bees, 12 beetles, 5 flatworms, 12 scorpions?
",210
"Your task is to count how many legs there are in total when given a list of animals.

Now, how many legs are there in total if you have 11 sheeps, 9 giraffes, 13 crickets, 6 starfishs, 6 birds?
",200
"Your task is to count how many legs there are in total when given a list of animals.

Now, how many legs are there in total if you have 10 fireflys, 4 elephants, 13 birds, 13 lobsters, 6 beetles, 3 sea slugs, 10 giraffes, 15 cows, 15 starfishs, 6 insects?
",479
"Your task is to count how many legs there are in total when given a list of animals.

Now, how many legs are there in total if you have 2 cockroachs, 13 starfishs, 9 deers, 8 cows, 7 beetles, 1 horse, 8 crabs, 7 birds, 1 butterfly, 4 jellyfishs?
",291
"Your task is to count how many legs there are in total when given a list of animals.

Now, how many legs are there in total if you have 12 fireflys, 11 lobsters, 8 cows, 15 horses, 13 shrimps?
",404
"Your task is to count how many legs there are in total when given a list of animals.

Now, how many legs are there in total if you have 3 woodlouses, 15 lobsters, 13 spiders, 11 fireflys?
",362
"Your task is to count how many legs there are in total when given a list of animals.

Now, how many legs are there in total if you have 4 birds, 11 wasps, 4 butterflys, 6 leechs, 11 praying mantiss, 8 cats, 4 deers, 11 lions, 11 crabs?
",366
"Your task is to count how many legs there are in total when given a list of animals.

Now, how many legs are there in total if you have 15 horses, 7 chickens, 13 shrimps?
",204
"Your task is to count how many legs there are in total when given a list of animals.

Now, how many legs are there in total if you have 2 elephants, 12 dogs, 7 ducks, 9 deers, 1 firefly, 4 lobsters, 4 insects, 13 sheeps, 1 starfish?
",233
"Your task is to count how many legs there are in total when given a list of animals.

Now, how many legs are there in total if you have 2 shrimps, 8 beetles, 9 elephants, 8 praying mantiss, 9 cockroachs, 2 crabs, 15 horses, 5 snakes, 14 butterflys, 6 cats?
",394
"Your task is to count how many legs there are in total when given a list of animals.

Now, how many legs are there in total if you have 13 birds, 12 lobsters, 14 scorpions, 13 horses, 3 lions, 14 ants, 10 insects, 6 sea slugs, 2 butterflys?
",478
"Your task is to count how many legs there are in total when given a list of animals.

Now, how many legs are there in total if you have 6 wasps, 13 lobsters, 4 grasshoppers, 13 starfishs, 1 butterfly, 11 cows, 11 giraffes, 10 flatworms, 13 sheeps, 1 cat?
",405
"Your task is to count how many legs there are in total when given a list of animals.

Now, how many legs are there in total if you have 13 flatworms, 4 elephants, 15 cockroachs, 9 snakes, 15 lions, 13 insects, 5 ants, 11 crabs?
",384
"Your task is to count how many legs there are in total when given a list of animals.

Now, how many legs are there in total if you have 9 cows, 1 starfish, 11 elephants?
",85
"Your task is to count how many legs there are in total when given a list of animals.

Now, how many legs are there in total if you have 9 ants, 13 chickens, 14 birds, 6 flatworms, 5 dogs, 4 humans, 8 sheeps, 3 cows, 9 woodlouses, 1 snake?
",306
"Your task is to count how many legs there are in total when given a list of animals.

Now, how many legs are there in total if you have 15 snakes, 14 spiders, 15 leechs, 3 crabs, 9 fireflys?
",196
"Your task is to count how many legs there are in total when given a list of animals.

Now, how many legs are there in total if you have 3 lobsters, 7 chickens, 14 grasshoppers, 12 crickets, 15 woodlouses, 4 cats?
",426
"Your task is to count how many legs there are in total when given a list of animals.

Now, how many legs are there in total if you have 8 tigers, 9 sea slugs, 5 grasshoppers, 3 cows, 2 cockroachs, 8 wasps, 11 spiders, 5 ants?
",252
"Your task is to count how many legs there are in total when given a list of animals.

Now, how many legs are there in total if you have 14 cats, 7 dogs, 9 wasps, 10 lions, 4 sea slugs, 11 butterflys, 3 ducks, 8 insects?
",298
"Your task is to count how many legs there are in total when given a list of animals.

Now, how many legs are there in total if you have 11 tigers, 6 cows, 2 sea slugs, 10 bees, 8 flatworms, 11 crabs, 6 humans, 2 cockroachs, 4 ducks, 5 snakes?
",270
"Your task is to count how many legs there are in total when given a list of animals.

Now, how many legs are there in total if you have 7 giraffes, 7 tigers, 11 jellyfishs?
",56
"Your task is to count how many legs there are in total when given a list of animals.

Now, how many legs are there in total if you have 5 starfishs, 7 spiders, 10 crabs, 11 wasps?
",247
"Your task is to count how many legs there are in total when given a list of animals.

Now, how many legs are there in total if you have 1 bee, 8 lobsters, 9 butterflys, 15 cats, 13 leechs, 8 shrimps, 10 cockroachs, 9 giraffes?
",376
"Your task is to count how many legs there are in total when given a list of animals.

Now, how many legs are there in total if you have 13 crickets, 1 horse, 11 birds, 5 butterflys, 14 starfishs, 8 lobsters, 14 dogs, 14 ducks, 9 bees, 11 wasps?
",488
"Your task is to count how many legs there are in total when given a list of animals.

Now, how many legs are there in total if you have 12 wasps, 7 birds, 4 elephants, 13 insects, 13 lobsters, 14 cows, 2 cockroachs, 15 tigers, 12 beetles?
",510
"Your task is to count how many legs there are in total when given a list of animals.

Now, how many legs are there in total if you have 13 ants, 4 lions, 8 birds?
",110
"Your task is to count how many legs there are in total when given a list of animals.

Now, how many legs are there in total if you have 5 sea slugs, 13 praying mantiss, 3 wasps, 10 cows?
",136
"Your task is to count how many legs there are in total when given a list of animals.

Now, how many legs are there in total if you have 10 woodlouses, 7 giraffes, 11 tigers, 7 lobsters, 6 grasshoppers?
",318
"Your task is to count how many legs there are in total when given a list of animals.

Now, how many legs are there in total if you have 11 grasshoppers, 11 beetles, 2 chickens, 12 wasps, 14 lobsters?
",348
"Your task is to count how many legs there are in total when given a list of animals.

Now, how many legs are there in total if you have 13 cockroachs, 6 fireflys, 6 ducks, 7 crickets, 7 starfishs, 5 snakes, 2 insects, 9 grasshoppers, 5 lions, 8 cows?
",321
"Your task is to count how many legs there are in total when given a list of animals.

Now, how many legs are there in total if you have 14 fireflys, 13 bees, 14 insects?
",246
"Your task is to count how many legs there are in total when given a list of animals.

Now, how many legs are there in total if you have 7 flatworms, 12 jellyfishs, 6 lions, 8 butterflys, 15 elephants, 6 giraffes?
",156
"Your task is to count how many legs there are in total when given a list of animals.

Now, how many legs are there in total if you have 12 fireflys, 5 deers, 4 bees?
",116
"Your task is to count how many legs there are in total when given a list of animals.

Now, how many legs are there in total if you have 15 humans, 15 chickens, 14 lobsters?
",200
"Your task is to count how many legs there are in total when given a list of animals.

Now, how many legs are there in total if you have 2 wasps, 11 tigers, 13 horses, 13 praying mantiss, 11 butterflys, 11 bees, 15 crickets, 2 birds, 14 snakes, 15 cockroachs?
",502
"Your task is to count how many legs there are in total when given a list of animals.

Now, how many legs are there in total if you have 7 crabs, 6 cats, 14 lobsters, 2 scorpions, 5 crickets, 6 tigers, 5 bees?
",334
"Your task is to count how many legs there are in total when given a list of animals.

Now, how many legs are there in total if you have 8 crickets, 14 cats, 9 horses?
",140
"Your task is to count how many legs there are in total when given a list of animals.

Now, how many legs are there in total if you have 11 jellyfishs, 14 insects, 15 beetles?
",174
"Your task is to count how many legs there are in total when given a list of animals.

Now, how many legs are there in total if you have 1 lobster, 15 crickets, 6 cats, 1 ant, 4 lions, 5 praying mantiss, 7 dogs, 7 butterflys, 3 birds?
",252
"Your task is to count how many legs there are in total when given a list of animals.

Now, how many legs are there in total if you have 7 deers, 15 praying mantiss, 7 leechs, 3 lobsters, 13 elephants, 14 snakes?
",200
"Your task is to count how many legs there are in total when given a list of animals.

Now, how many legs are there in total if you have 2 chickens, 4 birds, 13 bees?
",90
"Your task is to count how many legs there are in total when given a list of animals.

Now, how many legs are there in total if you have 5 ducks, 4 tigers, 1 cat, 6 leechs, 7 flatworms, 5 bees, 13 snakes, 10 shrimps, 6 butterflys, 4 humans?
",204
"Your task is to count how many legs there are in total when given a list of animals.

Now, how many legs are there in total if you have 6 chickens, 10 leechs, 14 jellyfishs, 2 shrimps, 10 beetles, 9 praying mantiss, 5 crabs, 13 snakes, 8 cows?
",228
"Your task is to count how many legs there are in total when given a list of animals.

Now, how many legs are there in total if you have 1 cockroach, 6 spiders, 11 birds, 5 jellyfishs?
",76
"Your task is to count how many legs there are in total when given a list of animals.

Now, how many legs are there in total if you have 6 leechs, 8 tigers, 1 dog, 8 humans?
",52
"Your task is to count how many legs there are in total when given a list of animals.

Now, how many legs are there in total if you have 15 horses, 2 birds, 3 flatworms, 13 elephants, 3 wasps?
",134
"Your task is to count how many legs there are in total when given a list of animals.

Now, how many legs are there in total if you have 6 cows, 5 giraffes, 10 beetles, 15 deers, 13 snakes, 13 tigers, 3 starfishs?
",231
"Your task is to count how many legs there are in total when given a list of animals.

Now, how many legs are there in total if you have 7 cats, 11 praying mantiss, 15 bees, 13 snakes, 14 lions, 9 chickens, 14 birds, 4 beetles, 13 jellyfishs, 3 shrimps?
",340
"Your task is to count how many legs there are in total when given a list of animals.

Now, how many legs are there in total if you have 7 dogs, 5 butterflys, 13 flatworms, 3 ants, 8 starfishs, 8 spiders?
",180
"Your task is to count how many legs there are in total when given a list of animals.

Now, how many legs are there in total if you have 5 insects, 12 fireflys, 3 giraffes, 13 elephants, 12 jellyfishs, 4 woodlouses, 8 ants, 12 praying mantiss?
",342
"Your task is to count how many legs there are in total when given a list of animals.

Now, how many legs are there in total if you have 3 butterflys, 9 cockroachs, 4 shrimps, 8 jellyfishs, 9 lions, 1 dog?
",152
"Your task is to count how many legs there are in total when given a list of animals.

Now, how many legs are there in total if you have 13 crickets, 2 praying mantiss, 8 fireflys?
",138
"Your task is to count how many legs there are in total when given a list of animals.

Now, how many legs are there in total if you have 14 spiders, 13 chickens, 11 beetles, 13 lobsters, 3 horses, 13 dogs, 2 crickets, 5 grasshoppers, 5 praying mantiss, 4 sea slugs?
",470
"Your task is to count how many legs there are in total when given a list of animals.

Now, how many legs are there in total if you have 8 tigers, 3 bees, 6 praying mantiss, 9 wasps?
",140
"Your task is to count how many legs there are in total when given a list of animals.

Now, how many legs are there in total if you have 7 deers, 15 cats, 2 lions, 8 flatworms, 7 leechs, 4 starfishs, 2 birds?
",120
"Your task is to count how many legs there are in total when given a list of animals.

Now, how many legs are there in total if you have 5 flatworms, 2 giraffes, 4 fireflys, 15 ants, 4 tigers, 1 cow, 6 sea slugs, 11 snakes, 11 jellyfishs, 14 woodlouses?
",338
"Your task is to count how many legs there are in total when given a list of animals.

Now, how many legs are there in total if you have 1 grasshopper, 14 cockroachs, 7 butterflys, 7 chickens, 9 flatworms, 6 cats, 10 lions, 7 bees?
",252
"Your task is to count how many legs there are in total when given a list of animals.

Now, how many legs are there in total if you have 13 humans, 11 deers, 3 fireflys?
",88
"Your task is to count how many legs there are in total when given a list of animals.

Now, how many legs are there in total if you have 4 humans, 5 insects, 1 duck, 8 spiders, 3 praying mantiss?
",122
"Your task is to count how many legs there are in total when given a list of animals.

Now, how many legs are there in total if you have 9 butterflys, 3 beetles, 14 elephants, 8 woodlouses, 1 grasshopper, 4 insects, 4 wasps, 2 jellyfishs?
",294
"Your task is to count how many legs there are in total when given a list of animals.

Now, how many legs are there in total if you have 3 crabs, 6 snakes, 14 shrimps, 8 giraffes?
",202
"Your task is to count how many legs there are in total when given a list of animals.

Now, how many legs are there in total if you have 7 birds, 8 butterflys, 12 woodlouses, 13 lions?
",282
"Your task is to count how many legs there are in total when given a list of animals.

Now, how many legs are there in total if you have 8 cows, 15 beetles, 10 horses, 15 butterflys?
",252
"Your task is to count how many legs there are in total when given a list of animals.

Now, how many legs are there in total if you have 1 grasshopper, 6 butterflys, 8 elephants, 2 crickets, 15 tigers?
",146
"Your task is to count how many legs there are in total when given a list of animals.

Now, how many legs are there in total if you have 1 woodlouse, 2 ducks, 2 horses, 2 birds, 15 spiders, 8 dogs, 2 crabs?
",202
"Your task is to count how many legs there are in total when given a list of animals.

Now, how many legs are there in total if you have 7 birds, 11 giraffes, 12 snakes?
",58
"Your task is to count how many legs there are in total when given a list of animals.

Now, how many legs are there in total if you have 13 horses, 10 sea slugs, 3 jellyfishs, 12 ducks, 5 dogs, 2 chickens?
",100
"Your task is to count how many legs there are in total when given a list of animals.

Now, how many legs are there in total if you have 3 insects, 15 ducks, 6 bees, 6 butterflys, 15 birds, 7 snakes, 8 horses, 5 praying mantiss?
",212
"Your task is to count how many legs there are in total when given a list of animals.

Now, how many legs are there in total if you have 14 elephants, 11 butterflys, 1 scorpion, 9 leechs?
",130
"Your task is to count how many legs there are in total when given a list of animals.

Now, how many legs are there in total if you have 6 dogs, 11 lobsters, 10 wasps, 12 giraffes, 7 beetles, 6 shrimps?
",344
"Your task is to count how many legs there are in total when given a list of animals.

Now, how many legs are there in total if you have 3 flatworms, 2 beetles, 12 lions, 5 fireflys, 13 chickens, 6 ducks?
",128
"Your task is to count how many legs there are in total when given a list of animals.

Now, how many legs are there in total if you have 8 beetles, 10 horses, 15 leechs, 14 cows?
",144
"Your task is to count how many legs there are in total when given a list of animals.

Now, how many legs are there in total if you have 9 crabs, 8 praying mantiss, 5 wasps, 9 scorpions, 6 sheeps, 7 dogs, 12 sea slugs, 12 horses, 3 ants, 1 butterfly?
",364
"Your task is to count how many legs there are in total when given a list of animals.

Now, how many legs are there in total if you have 5 sheeps, 11 bees, 9 cows?
",122
"Your task is to count how many legs there are in total when given a list of animals.

Now, how many legs are there in total if you have 4 spiders, 5 lions, 11 crickets, 7 scorpions, 13 beetles, 5 fireflys, 2 crabs, 13 deers, 6 sea slugs?
",354
"Your task is to count how many legs there are in total when given a list of animals.

Now, how many legs are there in total if you have 8 dogs, 4 scorpions, 7 spiders, 3 leechs, 9 humans, 8 cows, 1 firefly, 9 giraffes?
",212
"Your task is to count how many legs there are in total when given a list of animals.

Now, how many legs are there in total if you have 4 chickens, 9 fireflys, 7 snakes, 5 ants, 10 dogs, 7 horses, 3 lions, 2 jellyfishs?
",172
"Your task is to count how many legs there are in total when given a list of animals.

Now, how many legs are there in total if you have 10 spiders, 11 cockroachs, 13 crabs, 1 jellyfish?
",276
"Your task is to count how many legs there are in total when given a list of animals.

Now, how many legs are there in total if you have 7 bees, 11 sea slugs, 10 wasps, 12 deers, 10 lions, 8 chickens, 10 elephants, 8 spiders, 14 jellyfishs, 12 crickets?
",382
"Your task is to count how many legs there are in total when given a list of animals.

Now, how many legs are there in total if you have 4 snakes, 3 beetles, 12 leechs, 1 jellyfish, 2 fireflys, 5 grasshoppers, 2 crickets, 6 scorpions?
",120
"Your task is to count how many legs there are in total when given a list of animals.

Now, how many legs are there in total if you have 2 insects, 8 cows, 8 flatworms, 13 ducks, 3 leechs, 8 fireflys, 7 woodlouses, 11 butterflys, 3 starfishs?
",297
"Your task is to count how many legs there are in total when given a list of animals.

Now, how many legs are there in total if you have 15 jellyfishs, 2 lions, 1 woodlouse, 8 scorpions, 3 sheeps, 11 cats, 15 spiders, 3 fireflys, 13 crickets?
",358
"Your task is to count how many legs there are in total when given a list of animals.

Now, how many legs are there in total if you have 14 dogs, 13 jellyfishs, 3 spiders, 10 tigers, 12 shrimps, 10 cockroachs, 13 bees, 4 deers?
",394
"Your task is to count how many legs there are in total when given a list of animals.

Now, how many legs are there in total if you have 15 elephants, 14 ants, 8 butterflys?
",192
"Your task is to count how many legs there are in total when given a list of animals.

Now, how many legs are there in total if you have 1 duck, 5 cockroachs, 8 bees, 11 deers?
",124
"Your task is to count how many legs there are in total when given a list of animals.

Now, how many legs are there in total if you have 7 flatworms, 10 cats, 3 shrimps, 6 spiders, 4 crickets, 4 ants, 15 starfishs, 15 grasshoppers, 2 elephants, 9 cockroachs?
",393
"Your task is to count how many legs there are in total when given a list of animals.

Now, how many legs are there in total if you have 6 shrimps, 2 deers, 3 leechs, 4 ducks, 6 bees, 5 horses, 9 spiders, 9 cats, 6 cockroachs, 5 cows?
",296
"Your task is to count how many legs there are in total when given a list of animals.

Now, how many legs are there in total if you have 6 starfishs, 13 scorpions, 15 leechs, 1 horse, 15 spiders, 10 ants, 7 cows, 13 praying mantiss, 10 humans, 4 chickens?
",452
"Your task is to count how many legs there are in total when given a list of animals.

Now, how many legs are there in total if you have 1 lobster, 14 woodlouses, 2 jellyfishs, 13 praying mantiss, 8 deers, 15 scorpions?
",436
"Your task is to count how many legs there are in total when given a list of animals.

Now, how many legs are there in total if you have 4 sheeps, 11 fireflys, 8 butterflys, 11 insects, 14 lions, 14 cats?
",308
"Your task is to count how many legs there are in total when given a list of animals.

Now, how many legs are there in total if you have 15 grasshoppers, 4 crickets, 9 fireflys?
",168
"Your task is to count how many legs there are in total when given a list of animals.

Now, how many legs are there in total if you have 1 woodlouse, 1 human, 6 birds, 7 ants, 7 dogs, 8 leechs, 11 jellyfishs?
",98
"Your task is to count how many legs there are in total when given a list of animals.

Now, how many legs are there in total if you have 11 insects, 12 spiders, 8 cows, 4 butterflys, 6 horses, 2 starfishs, 1 giraffe, 7 deers, 4 beetles?
",308
"Your task is to count how many legs there are in total when given a list of animals.

Now, how many legs are there in total if you have 1 sea slug, 14 starfishs, 10 bees, 5 horses, 4 insects, 8 crabs?
",254
"Your task is to count how many legs there are in total when given a list of animals.

Now, how many legs are there in total if you have 6 ants, 4 grasshoppers, 11 ducks, 3 insects, 13 tigers, 2 butterflys, 1 cow, 5 deers, 6 lobsters, 8 jellyfishs?
",248
"Your task is to count how many legs there are in total when given a list of animals.

Now, how many legs are there in total if you have 15 praying mantiss, 2 crabs, 14 wasps, 2 cockroachs, 12 ants, 1 duck, 15 sea slugs, 2 lobsters?
",300
"Your task is to count how many legs there are in total when given a list of animals.

Now, how many legs are there in total if you have 5 dogs, 11 wasps, 5 beetles, 12 elephants, 14 leechs, 10 chickens, 2 giraffes, 13 sea slugs, 8 starfishs, 9 cows?
",268
"Your task is to count how many legs there are in total when given a list of animals.

Now, how many legs are there in total if you have 9 jellyfishs, 9 deers, 11 woodlouses, 5 butterflys, 2 horses, 8 elephants, 14 cats, 15 shrimps?
",466
"Your task is to count how many legs there are in total when given a list of animals.

Now, how many legs are there in total if you have 1 tiger, 5 elephants, 14 dogs, 7 woodlouses, 11 starfishs, 3 leechs, 9 lions, 1 cockroach, 2 praying mantiss, 3 grasshoppers?
",305
"Your task is to count how many legs there are in total when given a list of animals.

Now, how many legs are there in total if you have 9 wasps, 9 beetles, 14 cats, 3 cockroachs, 10 snakes, 2 spiders, 12 grasshoppers, 9 sheeps?
",306
"Your task is to count how many legs there are in total when given a list of animals.

Now, how many legs are there in total if you have 6 fireflys, 8 flatworms, 12 spiders, 5 insects, 12 scorpions, 9 wasps, 11 snakes, 8 bees?
",360
"Your task is to count how many legs there are in total when given a list of animals.

Now, how many legs are there in total if you have 10 lions, 10 humans, 15 giraffes, 15 grasshoppers, 13 cows, 8 wasps?
",310
"Your task is to count how many legs there are in total when given a list of animals.

Now, how many legs are there in total if you have 3 humans, 7 grasshoppers, 9 fireflys, 12 chickens, 15 starfishs, 4 deers, 11 snakes, 2 lions, 2 spiders?
",241
"Your task is to count how many legs there are in total when given a list of animals.

Now, how many legs are there in total if you have 10 sea slugs, 6 crickets, 14 spiders, 9 lobsters?
",238
"Your task is to count how many legs there are in total when given a list of animals.

Now, how many legs are there in total if you have 9 tigers, 7 crabs, 4 starfishs, 14 woodlouses, 15 lobsters?
",472
"Your task is to count how many legs there are in total when given a list of animals.

Now, how many legs are there in total if you have 10 giraffes, 11 woodlouses, 12 cats, 13 spiders, 15 cockroachs, 2 humans, 5 bees, 6 sea slugs, 7 deers?
",498
"Your task is to count how many legs there are in total when given a list of animals.

Now, how many legs are there in total if you have 1 elephant, 15 scorpions, 7 ducks?
",138
"Your task is to count how many legs there are in total when given a list of animals.

Now, how many legs are there in total if you have 3 grasshoppers, 12 beetles, 10 lions, 12 cows, 7 cats, 14 dogs, 3 insects, 4 deers?
",296
"Your task is to count how many legs there are in total when given a list of animals.

Now, how many legs are there in total if you have 5 ducks, 12 crabs, 11 grasshoppers, 3 lobsters, 5 cats, 11 horses, 10 wasps, 9 cockroachs?
",404
"Your task is to count how many legs there are in total when given a list of animals.

Now, how many legs are there in total if you have 9 fireflys, 7 praying mantiss, 11 dogs, 6 horses, 3 chickens, 5 cats, 10 leechs, 2 crabs, 11 wasps?
",276
"Your task is to count how many legs there are in total when given a list of animals.

Now, how many legs are there in total if you have 5 starfishs, 10 ants, 6 birds, 8 tigers, 3 insects, 10 leechs, 4 horses?
",163
"Your task is to count how many legs there are in total when given a list of animals.

Now, how many legs are there in total if you have 15 chickens, 2 deers, 1 crab?
",48
"Your task is to count how many legs there are in total when given a list of animals.

Now, how many legs are there in total if you have 15 grasshoppers, 3 ants, 5 flatworms, 1 firefly, 2 lions, 4 snakes, 9 birds, 7 lobsters, 8 crickets, 9 jellyfishs?
",258
"Your task is to count how many legs there are in total when given a list of animals.

Now, how many legs are there in total if you have 1 grasshopper, 14 insects, 15 crabs, 15 cats, 6 leechs?
",300
"Your task is to count how many legs there are in total when given a list of animals.

Now, how many legs are there in total if you have 5 shrimps, 10 sheeps, 10 praying mantiss, 3 cats, 2 beetles, 15 chickens?
",204
"Your task is to count how many legs there are in total when given a list of animals.

Now, how many legs are there in total if you have 2 chickens, 15 fireflys, 15 leechs, 1 sea slug, 7 woodlouses, 8 horses, 4 cows, 7 grasshoppers, 4 birds?
",290
"Your task is to count how many legs there are in total when given a list of animals.

Now, how many legs are there in total if you have 7 lions, 10 chickens, 8 snakes, 12 wasps, 15 sheeps, 2 crickets, 10 jellyfishs, 1 deer, 15 elephants, 10 ducks?
",276
"Your task is to count how many legs there are in total when given a list of animals.

Now, how many legs are there in total if you have 12 horses, 9 butterflys, 3 dogs, 2 beetles, 15 cockroachs, 10 chickens?
",236
"Your task is to count how many legs there are in total when given a list of animals.

Now, how many legs are there in total if you have 10 leechs, 6 tigers, 15 crabs, 13 jellyfishs, 3 crickets, 6 woodlouses, 9 beetles?
",330
"Your task is to count how many legs there are in total when given a list of animals.

Now, how many legs are there in total if you have 14 flatworms, 11 lions, 2 leechs?
",44
"Your task is to count how many legs there are in total when given a list of animals.

Now, how many legs are there in total if you have 12 cockroachs, 7 woodlouses, 12 scorpions, 7 crickets, 6 sea slugs, 6 giraffes, 11 insects?
",398
"Your task is to count how many legs there are in total when given a list of animals.

Now, how many legs are there in total if you have 1 insect, 10 jellyfishs, 11 shrimps, 1 lion, 10 wasps, 4 deers, 10 starfishs?
",246
"Your task is to count how many legs there are in total when given a list of animals.

Now, how many legs are there in total if you have 3 starfishs, 10 crabs, 12 snakes, 9 birds, 15 dogs, 1 duck, 9 crickets, 14 leechs, 12 grasshoppers?
",321
"Your task is to count how many legs there are in total when given a list of animals.

Now, how many legs are there in total if you have 5 lobsters, 5 flatworms, 10 starfishs, 10 ants, 12 wasps, 4 beetles, 6 sheeps, 12 insects, 7 grasshoppers, 13 elephants?
",446
"Your task is to count how many legs there are in total when given a list of animals.

Now, how many legs are there in total if you have 4 woodlouses, 14 shrimps, 1 jellyfish, 2 cows, 13 birds, 5 crabs?
",280
"Your task is to count how many legs there are in total when given a list of animals.

Now, how many legs are there in total if you have 1 shrimp, 2 snakes, 8 sheeps?
",42
"Your task is to count how many legs there are in total when given a list of animals.

Now, how many legs are there in total if you have 10 cockroachs, 5 sea slugs, 13 snakes, 10 cows?
",100
"Your task is to count how many legs there are in total when given a list of animals.

Now, how many legs are there in total if you have 7 jellyfishs, 12 deers, 2 chickens, 1 butterfly, 2 giraffes, 1 woodlouse?
",80
"Your task is to count how many legs there are in total when given a list of animals.

Now, how many legs are there in total if you have 14 jellyfishs, 13 tigers, 13 insects, 11 dogs, 4 lions, 13 grasshoppers, 15 butterflys, 6 chickens, 4 woodlouses, 11 flatworms?
",426
"Your task is to count how many legs there are in total when given a list of animals.

Now, how many legs are there in total if you have 13 starfishs, 5 shrimps, 14 scorpions, 1 snake, 2 lobsters, 3 jellyfishs, 8 elephants?
",279
"Your task is to count how many legs there are in total when given a list of animals.

Now, how many legs are there in total if you have 3 butterflys, 12 crabs, 2 bees?
",150
"Your task is to count how many legs there are in total when given a list of animals.

Now, how many legs are there in total if you have 11 butterflys, 10 fireflys, 10 woodlouses, 4 birds, 12 crickets?
",346
"Your task is to count how many legs there are in total when given a list of animals.

Now, how many legs are there in total if you have 1 leech, 13 giraffes, 5 sea slugs, 3 deers, 13 crabs, 14 cockroachs, 12 praying mantiss?
",350
"Your task is to count how many legs there are in total when given a list of animals.

Now, how many legs are there in total if you have 13 dogs, 8 tigers, 14 birds, 15 cows, 3 wasps, 15 cats, 8 butterflys, 13 humans, 15 snakes, 15 deers?
",384
"Your task is to count how many legs there are in total when given a list of animals.

Now, how many legs are there in total if you have 14 crabs, 10 ducks, 7 crickets, 2 humans?
",206
"Your task is to count how many legs there are in total when given a list of animals.

Now, how many legs are there in total if you have 3 starfishs, 11 horses, 15 flatworms, 3 giraffes, 2 insects, 10 ducks, 11 woodlouses, 7 birds, 10 lions, 11 scorpions?
",399
"Your task is to count how many legs there are in total when given a list of animals.

Now, how many legs are there in total if you have 6 woodlouses, 12 fireflys, 13 starfishs, 7 lobsters, 13 wasps, 3 crickets, 4 cows, 3 snakes?
",403
"Your task is to count how many legs there are in total when given a list of animals.

Now, how many legs are there in total if you have 10 lobsters, 7 jellyfishs, 1 beetle?
",106
"Your task is to count how many legs there are in total when given a list of animals.

Now, how many legs are there in total if you have 3 birds, 11 ants, 15 butterflys, 1 wasp, 9 grasshoppers?
",222
"Your task is to count how many legs there are in total when given a list of animals.

Now, how many legs are there in total if you have 15 cockroachs, 1 deer, 7 lions, 2 dogs, 1 firefly, 8 scorpions, 3 chickens, 8 butterflys, 12 tigers?
",302
"Your task is to count how many legs there are in total when given a list of animals.

Now, how many legs are there in total if you have 10 woodlouses, 13 giraffes, 14 beetles?
",276
"Your task is to count how many legs there are in total when given a list of animals.

Now, how many legs are there in total if you have 3 dogs, 8 horses, 9 lobsters, 9 shrimps, 7 deers, 9 fireflys, 3 cats, 11 tigers, 9 snakes, 15 elephants?
",422
"Your task is to count how many legs there are in total when given a list of animals.

Now, how many legs are there in total if you have 15 jellyfishs, 6 sheeps, 6 butterflys?
",60
"Your task is to count how many legs there are in total when given a list of animals.

Now, how many legs are there in total if you have 2 woodlouses, 13 lions, 1 tiger, 4 praying mantiss, 9 horses, 11 bees, 3 snakes, 10 deers, 14 sheeps?
",306
"Your task is to count how many legs there are in total when given a list of animals.

Now, how many legs are there in total if you have 8 lobsters, 8 shrimps, 4 starfishs, 5 grasshoppers, 7 ducks, 13 cockroachs, 6 ants?
",338
"Your task is to count how many legs there are in total when given a list of animals.

Now, how many legs are there in total if you have 4 fireflys, 8 dogs, 15 elephants, 2 chickens?
",120
"Your task is to count how many legs there are in total when given a list of animals.

Now, how many legs are there in total if you have 5 dogs, 11 crabs, 3 scorpions, 12 sheeps, 4 starfishs, 12 grasshoppers, 15 flatworms, 7 tigers?
",322
"Your task is to count how many legs there are in total when given a list of animals.

Now, how many legs are there in total if you have 10 dogs, 8 humans, 10 cockroachs, 12 chickens, 13 lobsters, 2 flatworms, 11 beetles, 14 grasshoppers, 15 wasps?
",510
"Your task is to count how many legs there are in total when given a list of animals.

Now, how many legs are there in total if you have 11 lions, 4 starfishs, 9 grasshoppers, 10 shrimps?
",218
"Your task is to count how many legs there are in total when given a list of animals.

Now, how many legs are there in total if you have 10 insects, 1 bee, 3 butterflys, 9 elephants, 12 ducks, 5 giraffes?
",164
"Your task is to count how many legs there are in total when given a list of animals.

Now, how many legs are there in total if you have 3 spiders, 4 woodlouses, 15 cows, 6 ducks, 7 jellyfishs, 2 scorpions, 12 elephants, 14 cockroachs, 15 snakes, 13 cats?
",352
"Your task is to count how many legs there are in total when given a list of animals.

Now, how many legs are there in total if you have 9 starfishs, 1 ant, 14 cows, 14 shrimps, 9 sheeps, 1 cat?
",287
"Your task is to count how many legs there are in total when given a list of animals.

Now, how many legs are there in total if you have 5 spiders, 6 chickens, 8 butterflys, 1 grasshopper, 7 bees, 12 sea slugs, 5 praying mantiss, 11 lions, 5 cockroachs, 14 giraffes?
",308
"Your task is to count how many legs there are in total when given a list of animals.

Now, how many legs are there in total if you have 9 praying mantiss, 12 deers, 11 scorpions, 10 butterflys, 9 jellyfishs?
",250
"Your task is to count how many legs there are in total when given a list of animals.

Now, how many legs are there in total if you have 9 butterflys, 3 lobsters, 15 cats, 4 bees, 6 scorpions, 1 duck, 15 spiders, 1 giraffe, 1 deer, 8 shrimps?
",426
"Your task is to count how many legs there are in total when given a list of animals.

Now, how many legs are there in total if you have 1 beetle, 2 ants, 11 spiders, 15 shrimps, 12 deers, 3 lobsters?
",334
"Your task is to count how many legs there are in total when given a list of animals.

Now, how many legs are there in total if you have 4 grasshoppers, 1 lobster, 1 bird, 8 giraffes, 8 sea slugs?
",68
"Your task is to count how many legs there are in total when given a list of animals.

Now, how many legs are there in total if you have 1 horse, 5 deers, 5 crickets, 11 scorpions, 7 cows?
",170
"Your task is to count how many legs there are in total when given a list of animals.

Now, how many legs are there in total if you have 8 ants, 8 spiders, 14 flatworms, 8 woodlouses?
",224
"Your task is to count how many legs there are in total when given a list of animals.

Now, how many legs are there in total if you have 2 grasshoppers, 13 elephants, 10 fireflys, 12 lobsters?
",244
"Your task is to count how many legs there are in total when given a list of animals.

Now, how many legs are there in total if you have 14 birds, 11 grasshoppers, 10 crabs?
",194
"Your task is to count how many legs there are in total when given a list of animals.

Now, how many legs are there in total if you have 1 lobster, 12 sheeps, 10 lions, 4 giraffes, 12 leechs, 4 sea slugs?
",114
"Your task is to count how many legs there are in total when given a list of animals.

Now, how many legs are there in total if you have 7 bees, 2 beetles, 7 grasshoppers, 15 praying mantiss?
",186
"Your task is to count how many legs there are in total when given a list of animals.

Now, how many legs are there in total if you have 13 lions, 3 chickens, 3 spiders, 15 humans, 6 leechs, 3 lobsters, 9 shrimps, 15 bees, 3 dogs?
",334
"Your task is to count how many legs there are in total when given a list of animals.

Now, how many legs are there in total if you have 14 leechs, 5 woodlouses, 9 grasshoppers, 6 deers, 6 butterflys, 1 horse, 15 giraffes?
",248
"Your task is to count how many legs there are in total when given a list of animals.

Now, how many legs are there in total if you have 3 wasps, 1 spider, 3 lions, 3 ants, 2 sea slugs, 9 flatworms?
",56
"Your task is to count how many legs there are in total when given a list of animals.

Now, how many legs are there in total if you have 10 elephants, 4 praying mantiss, 4 wasps, 7 spiders, 15 beetles, 14 snakes, 8 grasshoppers, 9 birds, 4 shrimps, 1 butterfly?
",346
"Your task is to count how many legs there are in total when given a list of animals.

Now, how many legs are there in total if you have 9 woodlouses, 4 jellyfishs, 8 dogs, 11 spiders, 10 lobsters, 6 starfishs, 9 horses, 2 shrimps?
",432
"Your task is to count how many legs there are in total when given a list of animals.

Now, how many legs are there in total if you have 10 jellyfishs, 9 sea slugs, 15 sheeps, 10 chickens, 13 lions, 4 bees, 3 dogs, 7 grasshoppers, 5 tigers, 4 crabs?
",270
"Your task is to count how many legs there are in total when given a list of animals.

Now, how many legs are there in total if you have 2 cows, 5 cockroachs, 1 cricket?
",44
"Your task is to count how many legs there are in total when given a list of animals.

Now, how many legs are there in total if you have 4 elephants, 7 dogs, 3 birds, 4 sheeps, 10 snakes?
",66
"Your task is to count how many legs there are in total when given a list of animals.

Now, how many legs are there in total if you have 13 shrimps, 1 tiger, 4 dogs, 9 ants, 11 elephants?
",248
"Your task is to count how many legs there are in total when given a list of animals.

Now, how many legs are there in total if you have 8 shrimps, 6 deers, 4 sea slugs?
",104
"Your task is to count how many legs there are in total when given a list of animals.

Now, how many legs are there in total if you have 1 cricket, 9 leechs, 5 lions, 13 shrimps, 7 humans, 15 sheeps?
",230
"Your task is to count how many legs there are in total when given a list of animals.

Now, how many legs are there in total if you have 5 shrimps, 11 giraffes, 5 woodlouses, 9 snakes?
",164
"Your task is to count how many legs there are in total when given a list of animals.

Now, how many legs are there in total if you have 14 scorpions, 12 birds, 4 butterflys?
",160
"Your task is to count how many legs there are in total when given a list of animals.

Now, how many legs are there in total if you have 7 cats, 2 ducks, 7 elephants?
",60
"Your task is to count how many legs there are in total when given a list of animals.

Now, how many legs are there in total if you have 6 grasshoppers, 10 ducks, 7 sea slugs, 8 horses, 8 woodlouses, 5 snakes, 12 starfishs, 1 scorpion, 15 deers?
",328
"Your task is to count how many legs there are in total when given a list of animals.

Now, how many legs are there in total if you have 4 lobsters, 15 deers, 1 lion, 14 jellyfishs, 12 cows, 14 crabs, 2 chickens, 4 shrimps, 8 spiders, 8 beetles?
",448
"Your task is to count how many legs there are in total when given a list of animals.

Now, how many legs are there in total if you have 4 cows, 3 bees, 12 horses, 2 butterflys, 10 snakes, 11 crabs, 6 leechs, 10 dogs, 2 jellyfishs?
",244
"Your task is to count how many legs there are in total when given a list of animals.

Now, how many legs are there in total if you have 4 grasshoppers, 8 starfishs, 6 scorpions, 1 shrimp, 6 deers, 10 humans?
",166
"Your task is to count how many legs there are in total when given a list of animals.

Now, how many legs are there in total if you have 6 butterflys, 15 sheeps, 15 praying mantiss, 5 snakes, 3 elephants, 12 starfishs, 12 jellyfishs, 3 humans, 5 cows?
",284
"Your task is to count how many legs there are in total when given a list of animals.

Now, how many legs are there in total if you have 5 ducks, 7 chickens, 13 shrimps, 7 dogs, 13 butterflys, 5 lions?
",280
"Your task is to count how many legs there are in total when given a list of animals.

Now, how many legs are there in total if you have 11 deers, 14 shrimps, 11 spiders, 4 snakes, 1 giraffe, 3 crickets, 8 lobsters, 14 lions, 14 chickens?
",458
"Your task is to count how many legs there are in total when given a list of animals.

Now, how many legs are there in total if you have 2 ants, 1 deer, 14 tigers, 5 cockroachs, 5 ducks, 8 scorpions, 15 giraffes, 7 lions, 4 leechs, 1 bird?
",266
"Your task is to count how many legs there are in total when given a list of animals.

Now, how many legs are there in total if you have 10 humans, 8 woodlouses, 3 elephants?
",144
"Your task is to count how many legs there are in total when given a list of animals.

Now, how many legs are there in total if you have 11 wasps, 11 woodlouses, 6 deers, 5 butterflys, 9 cockroachs, 9 humans, 9 sheeps, 9 tigers, 6 birds?
",430
"Your task is to count how many legs there are in total when given a list of animals.

Now, how many legs are there in total if you have 11 chickens, 1 beetle, 6 elephants, 12 ants, 9 jellyfishs, 5 scorpions, 13 crabs, 14 cockroachs?
",378
"Your task is to count how many legs there are in total when given a list of animals.

Now, how many legs are there in total if you have 13 flatworms, 15 birds, 9 tigers, 5 scorpions, 4 wasps, 9 starfishs?
",175
"Your task is to count how many legs there are in total when given a list of animals.

Now, how many legs are there in total if you have 12 flatworms, 10 cockroachs, 11 beetles, 5 chickens, 10 elephants, 12 birds, 2 woodlouses, 8 crabs?
",308
"Your task is to count how many legs there are in total when given a list of animals.

Now, how many legs are there in total if you have 2 tigers, 5 jellyfishs, 12 deers, 12 praying mantiss, 12 crabs?
",248
"Your task is to count how many legs there are in total when given a list of animals.

Now, how many legs are there in total if you have 4 flatworms, 13 birds, 4 spiders, 11 sheeps, 6 cows, 14 giraffes, 13 woodlouses?
",364
"Your task is to count how many legs there are in total when given a list of animals.

Now, how many legs are there in total if you have 11 deers, 14 leechs, 14 birds, 3 crabs, 14 crickets, 12 cats, 14 sheeps?
",290
"Your task is to count how many legs there are in total when given a list of animals.

Now, how many legs are there in total if you have 8 lions, 14 tigers, 4 shrimps, 2 flatworms, 12 beetles, 11 starfishs, 13 giraffes, 6 humans?
",319
"Your task is to count how many legs there are in total when given a list of animals.

Now, how many legs are there in total if you have 2 spiders, 9 bees, 7 praying mantiss, 2 chickens?
",116
"Your task is to count how many legs there are in total when given a list of animals.

Now, how many legs are there in total if you have 4 bees, 13 crabs, 5 insects, 7 crickets, 14 giraffes, 4 grasshoppers, 12 fireflys, 14 humans?
",406
"Your task is to count how many legs there are in total when given a list of animals.

Now, how many legs are there in total if you have 15 scorpions, 5 crabs, 13 lobsters, 8 jellyfishs, 4 flatworms, 14 ants, 1 tiger, 15 insects, 1 grasshopper, 3 starfishs?
",499
"Your task is to count how many legs there are in total when given a list of animals.

Now, how many legs are there in total if you have 9 sheeps, 15 ants, 13 chickens, 12 humans, 5 snakes, 9 elephants, 9 horses, 7 spiders, 6 giraffes?
",328
"Your task is to count how many legs there are in total when given a list of animals.

Now, how many legs are there in total if you have 15 insects, 9 ants, 12 elephants, 13 dogs, 11 fireflys, 10 beetles, 3 crabs?
",400
"Your task is to count how many legs there are in total when given a list of animals.

Now, how many legs are there in total if you have 13 wasps, 11 woodlouses, 8 scorpions, 4 crabs, 1 butterfly, 8 giraffes, 10 lions?
",414
"Your task is to count how many legs there are in total when given a list of animals.

Now, how many legs are there in total if you have 1 lobster, 3 humans, 5 jellyfishs, 15 giraffes, 2 sea slugs, 11 ducks, 13 leechs, 5 spiders?
",138
"Your task is to count how many legs there are in total when given a list of animals.

Now, how many legs are there in total if you have 8 fireflys, 15 starfishs, 10 ducks, 8 scorpions, 12 chickens, 1 dog, 15 grasshoppers?
",325
"Your task is to count how many legs there are in total when given a list of animals.

Now, how many legs are there in total if you have 1 tiger, 8 fireflys, 11 crabs, 11 butterflys, 10 elephants?
",268
"Your task is to count how many legs there are in total when given a list of animals.

Now, how many legs are there in total if you have 4 lobsters, 6 crickets, 13 chickens, 6 horses, 7 grasshoppers, 5 lions?
",188
"Your task is to count how many legs there are in total when given a list of animals.

Now, how many legs are there in total if you have 2 bees, 5 cats, 7 grasshoppers, 9 cows, 9 lobsters, 10 fireflys, 5 crabs, 10 flatworms?
",310
"Your task is to count how many legs there are in total when given a list of animals.

Now, how many legs are there in total if you have 7 scorpions, 5 elephants, 4 crickets, 14 chickens?
",128
"Your task is to count how many legs there are in total when given a list of animals.

Now, how many legs are there in total if you have 15 insects, 14 birds, 8 leechs, 8 horses, 3 tigers, 13 jellyfishs, 4 praying mantiss?
",186
"Your task is to count how many legs there are in total when given a list of animals.

Now, how many legs are there in total if you have 7 cows, 15 beetles, 1 duck, 2 bees, 5 cockroachs, 7 jellyfishs?
",162
"Your task is to count how many legs there are in total when given a list of animals.

Now, how many legs are there in total if you have 6 fireflys, 1 grasshopper, 12 lions, 9 flatworms, 3 crickets, 8 starfishs, 8 dogs?
",180
"Your task is to count how many legs there are in total when given a list of animals.

Now, how many legs are there in total if you have 10 beetles, 11 cows, 5 tigers, 4 butterflys, 8 fireflys, 9 grasshoppers?
",250
"Your task is to count how many legs there are in total when given a list of animals.

Now, how many legs are there in total if you have 5 bees, 2 lobsters, 12 starfishs, 7 giraffes, 5 crickets, 3 humans, 15 butterflys, 9 horses, 3 scorpions?
",324
"Your task is to count how many legs there are in total when given a list of animals.

Now, how many legs are there in total if you have 10 wasps, 11 praying mantiss, 2 beetles, 1 jellyfish, 3 cockroachs, 7 fireflys, 9 starfishs, 2 leechs, 11 crabs?
",353
"Your task is to count how many legs there are in total when given a list of animals.

Now, how many legs are there in total if you have 4 spiders, 1 starfish, 13 sheeps, 4 flatworms, 15 scorpions, 11 sea slugs, 1 chicken, 13 cows?
",263
"Your task is to count how many legs there are in total when given a list of animals.

Now, how many legs are there in total if you have 2 flatworms, 12 sheeps, 10 elephants?
",88
"Your task is to count how many legs there are in total when given a list of animals.

Now, how many legs are there in total if you have 7 leechs, 5 bees, 11 spiders?
",118
"Your task is to count how many legs there are in total when given a list of animals.

Now, how many legs are there in total if you have 6 starfishs, 3 ants, 9 praying mantiss?
",102
"Your task is to count how many legs there are in total when given a list of animals.

Now, how many legs are there in total if you have 7 scorpions, 14 fireflys, 2 flatworms, 14 sea slugs?
",140
"Your task is to count how many legs there are in total when given a list of animals.

Now, how many legs are there in total if you have 6 spiders, 2 praying mantiss, 1 tiger, 6 insects, 5 birds, 7 humans, 12 deers?
",172
"Your task is to count how many legs there are in total when given a list of animals.

Now, how many legs are there in total if you have 5 sheeps, 14 wasps, 12 dogs, 1 scorpion, 1 lobster, 7 ants, 10 lions?
",252
"Your task is to count how many legs there are in total when given a list of animals.

Now, how many legs are there in total if you have 5 lobsters, 13 dogs, 5 ants, 7 wasps, 14 horses, 15 shrimps, 14 deers, 4 giraffes, 6 jellyfishs, 3 fireflys?
",470
"Your task is to count how many legs there are in total when given a list of animals.

Now, how many legs are there in total if you have 10 humans, 12 chickens, 13 wasps, 9 crickets, 12 bees, 1 spider, 8 cows?
",288
"Your task is to count how many legs there are in total when given a list of animals.

Now, how many legs are there in total if you have 6 crabs, 8 wasps, 11 humans, 8 insects, 3 jellyfishs, 11 shrimps, 5 lions, 11 cockroachs, 4 sheeps, 7 deers?
",418
"Your task is to count how many legs there are in total when given a list of animals.

Now, how many legs are there in total if you have 9 flatworms, 2 horses, 1 leech, 14 crickets?
",92
"Your task is to count how many legs there are in total when given a list of animals.

Now, how many legs are there in total if you have 8 crabs, 9 cats, 8 horses?
",148
"Your task is to count how many legs there are in total when given a list of animals.

Now, how many legs are there in total if you have 9 humans, 11 scorpions, 1 snake, 4 beetles, 3 leechs?
",130
"Your task is to count how many legs there are in total when given a list of animals.

Now, how many legs are there in total if you have 4 lions, 1 beetle, 10 lobsters, 13 chickens, 5 giraffes, 10 snakes, 11 sheeps, 4 shrimps, 3 grasshoppers?
",270
"Your task is to count how many legs there are in total when given a list of animals.

Now, how many legs are there in total if you have 3 starfishs, 10 birds, 6 woodlouses, 13 elephants, 7 tigers, 10 spiders, 13 cows?
",331
"Your task is to count how many legs there are in total when given a list of animals.

Now, how many legs are there in total if you have 10 grasshoppers, 6 deers, 10 birds?
",104
"Your task is to count how many legs there are in total when given a list of animals.

Now, how many legs are there in total if you have 15 grasshoppers, 2 snakes, 13 insects, 9 spiders, 1 sheep, 15 giraffes, 5 horses, 14 fireflys, 6 humans, 12 birds?
",444
"Your task is to count how many legs there are in total when given a list of animals.

Now, how many legs are there in total if you have 9 scorpions, 13 fireflys, 4 horses, 12 insects, 12 giraffes, 4 tigers, 4 butterflys, 7 elephants, 2 chickens, 1 snake?
",358
"Your task is to count how many legs there are in total when given a list of animals.

Now, how many legs are there in total if you have 7 ducks, 10 bees, 12 jellyfishs, 6 crickets?
",110
"Your task is to count how many legs there are in total when given a list of animals.

Now, how many legs are there in total if you have 6 insects, 2 shrimps, 7 spiders, 8 ants, 5 jellyfishs, 10 snakes, 11 fireflys, 7 leechs, 7 praying mantiss?
",268
"Your task is to count how many legs there are in total when given a list of animals.

Now, how many legs are there in total if you have 5 lions, 9 sheeps, 11 shrimps, 3 crickets, 6 scorpions, 13 praying mantiss, 9 giraffes, 5 insects, 11 lobsters, 11 tigers?
",530
"Your task is to count how many legs there are in total when given a list of animals.

Now, how many legs are there in total if you have 9 giraffes, 6 dogs, 13 insects?
",138
"Your task is to count how many legs there are in total when given a list of animals.

Now, how many legs are there in total if you have 12 insects, 12 cows, 6 beetles, 12 grasshoppers?
",228
"Your task is to count how many legs there are in total when given a list of animals.

Now, how many legs are there in total if you have 3 crickets, 3 shrimps, 6 birds, 2 tigers, 6 ants?
",104
"Your task is to count how many legs there are in total when given a list of animals.

Now, how many legs are there in total if you have 14 humans, 7 deers, 2 crickets, 5 crabs, 3 cows, 11 insects, 1 flatworm, 12 ducks, 9 lions, 9 sheeps?
",292
"Your task is to count how many legs there are in total when given a list of animals.

Now, how many legs are there in total if you have 6 woodlouses, 5 tigers, 6 jellyfishs, 4 grasshoppers, 12 wasps, 10 elephants, 6 shrimps, 12 praying mantiss, 14 chickens?
",400
"Your task is to count how many legs there are in total when given a list of animals.

Now, how many legs are there in total if you have 9 sheeps, 9 wasps, 2 dogs, 12 jellyfishs, 1 starfish?
",103
"Your task is to count how many legs there are in total when given a list of animals.

Now, how many legs are there in total if you have 2 starfishs, 5 scorpions, 5 woodlouses, 5 cows, 13 sheeps, 11 sea slugs, 7 beetles, 8 lions?
",266
"Your task is to count how many legs there are in total when given a list of animals.

Now, how many legs are there in total if you have 1 human, 13 snakes, 1 chicken, 6 jellyfishs, 11 lobsters, 10 birds, 8 bees, 10 cows, 8 woodlouses, 3 shrimps?
",364
"Your task is to count how many legs there are in total when given a list of animals.

Now, how many legs are there in total if you have 7 lobsters, 14 fireflys, 5 wasps, 8 dogs, 6 butterflys, 10 crickets, 8 birds, 11 starfishs, 6 flatworms?
",383
"Your task is to count how many legs there are in total when given a list of animals.

Now, how many legs are there in total if you have 1 firefly, 11 tigers, 8 crabs, 13 ants, 13 birds, 10 wasps, 3 sheeps, 3 dogs, 12 snakes, 7 chickens?
",332
"Your task is to count how many legs there are in total when given a list of animals.

Now, how many legs are there in total if you have 9 wasps, 10 starfishs, 6 giraffes, 12 elephants, 7 butterflys?
",218
"Your task is to count how many legs there are in total when given a list of animals.

Now, how many legs are there in total if you have 13 spiders, 12 lions, 6 butterflys?
",188
"Your task is to count how many legs there are in total when given a list of animals.

Now, how many legs are there in total if you have 2 deers, 8 praying mantiss, 8 sea slugs, 11 flatworms?
",56
"Your task is to count how many legs there are in total when given a list of animals.

Now, how many legs are there in total if you have 10 butterflys, 13 crabs, 15 shrimps, 11 jellyfishs, 12 wasps, 8 grasshoppers, 11 ducks, 14 giraffes, 15 flatworms, 2 fireflys?
",550
"Your task is to count how many legs there are in total when given a list of animals.

Now, how many legs are there in total if you have 1 lion, 8 sheeps, 8 tigers, 4 horses, 15 spiders, 15 woodlouses, 8 lobsters, 7 butterflys, 7 dogs, 5 giraffes?
",584
"Your task is to count how many legs there are in total when given a list of animals.

Now, how many legs are there in total if you have 10 lobsters, 7 insects, 1 bee, 11 humans?
",170
"Your task is to count how many legs there are in total when given a list of animals.

Now, how many legs are there in total if you have 10 sea slugs, 12 crickets, 2 scorpions, 1 praying mantis, 1 starfish, 5 cats, 6 beetles, 8 tigers?
",187
"Your task is to count how many legs there are in total when given a list of animals.

Now, how many legs are there in total if you have 5 woodlouses, 15 shrimps, 11 humans, 8 spiders, 6 wasps, 5 beetles, 6 tigers?
",396
"Your task is to count how many legs there are in total when given a list of animals.

Now, how many legs are there in total if you have 3 jellyfishs, 1 duck, 7 ants, 3 butterflys, 13 praying mantiss?
",140
"Your task is to count how many legs there are in total when given a list of animals.

Now, how many legs are there in total if you have 14 flatworms, 4 crabs, 10 ducks, 12 starfishs, 10 jellyfishs?
",120
"Your task is to count how many legs there are in total when given a list of animals.

Now, how many legs are there in total if you have 14 chickens, 12 ants, 10 shrimps, 7 praying mantiss?
",242
"Your task is to count how many legs there are in total when given a list of animals.

Now, how many legs are there in total if you have 15 ants, 14 wasps, 5 beetles, 5 butterflys, 9 chickens, 3 insects?
",270
"Your task is to count how many legs there are in total when given a list of animals.

Now, how many legs are there in total if you have 15 cats, 5 cows, 1 bee, 11 grasshoppers, 10 deers, 12 cockroachs?
",264
"Your task is to count how many legs there are in total when given a list of animals.

Now, how many legs are there in total if you have 13 wasps, 15 cats, 13 deers, 13 insects, 5 starfishs?
",293
"Your task is to count how many legs there are in total when given a list of animals.

Now, how many legs are there in total if you have 7 insects, 14 beetles, 8 giraffes?
",158
"Your task is to count how many legs there are in total when given a list of animals.

Now, how many legs are there in total if you have 14 fireflys, 3 flatworms, 8 butterflys, 7 leechs, 12 cockroachs, 14 sheeps, 8 dogs?
",292
"Your task is to count how many legs there are in total when given a list of animals.

Now, how many legs are there in total if you have 3 cows, 12 crickets, 1 cat, 15 snakes, 1 firefly, 13 butterflys?
",172
"Your task is to count how many legs there are in total when given a list of animals.

Now, how many legs are there in total if you have 10 giraffes, 7 deers, 3 scorpions, 3 bees, 15 praying mantiss, 13 cats, 5 butterflys, 11 sea slugs, 15 elephants?
",342
"Your task is to count how many legs there are in total when given a list of animals.

Now, how many legs are there in total if you have 2 beetles, 8 ducks, 5 bees, 5 humans, 5 wasps, 2 crickets, 7 leechs, 8 praying mantiss, 14 spiders?
",270
"Your task is to count how many legs there are in total when given a list of animals.

Now, how many legs are there in total if you have 12 humans, 5 lobsters, 13 cockroachs, 6 crickets?
",188
"Your task is to count how many legs there are in total when given a list of animals.

Now, how many legs are there in total if you have 11 horses, 2 butterflys, 14 giraffes, 11 fireflys, 8 beetles, 7 starfishs, 13 lobsters, 4 crickets, 4 insects?
",439
"Your task is to count how many legs there are in total when given a list of animals.

Now, how many legs are there in total if you have 10 beetles, 10 praying mantiss, 6 ants, 6 cats, 7 crabs?
",250
"Your task is to count how many legs there are in total when given a list of animals.

Now, how many legs are there in total if you have 7 cows, 10 praying mantiss, 9 humans, 7 scorpions, 13 shrimps, 12 lions, 5 birds, 9 crickets, 10 starfishs?
",454
"Your task is to count how many legs there are in total when given a list of animals.

Now, how many legs are there in total if you have 7 dogs, 2 insects, 12 crickets, 3 spiders?
",136
"Your task is to count how many legs there are in total when given a list of animals.

Now, how many legs are there in total if you have 10 insects, 4 birds, 4 flatworms, 4 sea slugs?
",68
"Your task is to count how many legs there are in total when given a list of animals.

Now, how many legs are there in total if you have 4 ants, 3 lions, 7 bees, 8 snakes, 6 cockroachs, 9 lobsters?
",204
"Your task is to count how many legs there are in total when given a list of animals.

Now, how many legs are there in total if you have 9 giraffes, 13 starfishs, 11 humans, 8 cows, 10 crabs?
",255
"Your task is to count how many legs there are in total when given a list of animals.

Now, how many legs are there in total if you have 7 fireflys, 15 wasps, 5 spiders, 12 cockroachs?
",244
"Your task is to count how many legs there are in total when given a list of animals.

Now, how many legs are there in total if you have 7 humans, 12 beetles, 1 ant?
",92
"Your task is to count how many legs there are in total when given a list of animals.

Now, how many legs are there in total if you have 10 starfishs, 15 cows, 13 giraffes, 2 chickens, 11 praying mantiss, 3 wasps?
",250
"Your task is to count how many legs there are in total when given a list of animals.

Now, how many legs are there in total if you have 12 scorpions, 12 starfishs, 13 horses, 15 grasshoppers?
",298
"Your task is to count how many legs there are in total when given a list of animals.

Now, how many legs are there in total if you have 2 leechs, 5 cows, 4 lions, 7 spiders?
",92
"Your task is to count how many legs there are in total when given a list of animals.

Now, how many legs are there in total if you have 6 giraffes, 11 woodlouses, 1 grasshopper, 1 snake, 7 crickets, 6 jellyfishs, 1 cat, 11 insects?
",296
"Your task is to count how many legs there are in total when given a list of animals.

Now, how many legs are there in total if you have 9 crickets, 3 sea slugs, 2 beetles, 15 spiders, 1 flatworm, 2 ants?
",198
"Your task is to count how many legs there are in total when given a list of animals.

Now, how many legs are there in total if you have 10 birds, 12 lobsters, 11 humans, 14 crabs, 2 snakes, 13 ants, 5 cockroachs, 15 jellyfishs?
",410
"Your task is to count how many legs there are in total when given a list of animals.

Now, how many legs are there in total if you have 15 crabs, 7 snakes, 1 cow, 12 grasshoppers, 1 bee, 8 elephants?
",264
"Your task is to count how many legs there are in total when given a list of animals.

Now, how many legs are there in total if you have 14 praying mantiss, 1 scorpion, 15 elephants?
",152
"Your task is to count how many legs there are in total when given a list of animals.

Now, how many legs are there in total if you have 15 insects, 11 praying mantiss, 14 ducks, 13 snakes?
",184
"Your task is to count how many legs there are in total when given a list of animals.

Now, how many legs are there in total if you have 5 ants, 9 lobsters, 14 crabs, 1 chicken, 5 woodlouses, 11 spiders, 2 fireflys?
",432
"Your task is to count how many legs there are in total when given a list of animals.

Now, how many legs are there in total if you have 14 cows, 3 beetles, 9 ducks, 5 birds, 14 insects, 15 praying mantiss?
",276
"Your task is to count how many legs there are in total when given a list of animals.

Now, how many legs are there in total if you have 11 wasps, 11 grasshoppers, 5 flatworms, 3 butterflys, 4 tigers, 11 chickens?
",188
"Your task is to count how many legs there are in total when given a list of animals.

Now, how many legs are there in total if you have 8 birds, 12 cats, 8 shrimps?
",144
"Your task is to count how many legs there are in total when given a list of animals.

Now, how many legs are there in total if you have 9 beetles, 4 butterflys, 7 insects, 13 humans, 6 jellyfishs, 15 wasps, 12 cats, 13 lobsters, 7 flatworms, 5 tigers?
",434
"Your task is to count how many legs there are in total when given a list of animals.

Now, how many legs are there in total if you have 5 ants, 2 cockroachs, 3 sea slugs, 7 grasshoppers, 8 woodlouses, 8 crabs, 2 cows, 1 horse?
",288
"Your task is to count how many legs there are in total when given a list of animals.

Now, how many legs are there in total if you have 11 cats, 8 spiders, 15 cows, 6 elephants, 4 starfishs, 8 deers?
",244
"Your task is to count how many legs there are in total when given a list of animals.

Now, how many legs are there in total if you have 8 dogs, 3 horses, 12 lions?
",92
"Your task is to count how many legs there are in total when given a list of animals.

Now, how many legs are there in total if you have 9 snakes, 7 bees, 11 elephants, 11 cockroachs, 11 humans, 1 flatworm, 1 shrimp, 13 ants?
",262
"Your task is to count how many legs there are in total when given a list of animals.

Now, how many legs are there in total if you have 7 fireflys, 2 dogs, 1 cow, 3 sea slugs, 10 tigers, 6 leechs, 7 crabs, 4 sheeps, 3 starfishs, 6 insects?
",231
"Your task is to count how many legs there are in total when given a list of animals.

Now, how many legs are there in total if you have 4 wasps, 5 giraffes, 8 cats, 4 horses, 5 bees, 14 jellyfishs, 11 humans?
",144
"Your task is to count how many legs there are in total when given a list of animals.

Now, how many legs are there in total if you have 7 snakes, 4 woodlouses, 11 lobsters, 4 elephants, 13 insects, 5 deers, 5 giraffes, 7 jellyfishs?
",300
"Your task is to count how many legs there are in total when given a list of animals.

Now, how many legs are there in total if you have 12 leechs, 12 woodlouses, 4 giraffes, 5 cats, 9 cows, 1 praying mantis, 10 crickets, 12 shrimps, 15 ants, 15 elephants?
",576
"Your task is to count how many legs there are in total when given a list of animals.

Now, how many legs are there in total if you have 8 fireflys, 7 beetles, 6 butterflys?
",126
"Your task is to count how many legs there are in total when given a list of animals.

Now, how many legs are there in total if you have 13 horses, 6 wasps, 12 butterflys, 14 sea slugs, 8 cats, 13 bees, 1 leech, 7 ants, 9 fireflys, 3 giraffes?
",378
"Your task is to count how many legs there are in total when given a list of animals.

Now, how many legs are there in total if you have 9 sheeps, 4 giraffes, 7 crickets, 9 deers, 13 woodlouses, 7 cockroachs, 11 starfishs, 10 ants?
",469
"Your task is to count how many legs there are in total when given a list of animals.

Now, how many legs are there in total if you have 7 dogs, 1 cricket, 4 cats, 15 bees, 8 praying mantiss, 15 flatworms, 3 sheeps, 7 crabs, 8 shrimps?
",350
"Your task is to count how many legs there are in total when given a list of animals.

Now, how many legs are there in total if you have 15 lobsters, 4 dogs, 14 scorpions, 15 spiders, 5 woodlouses, 5 snakes, 3 wasps, 13 grasshoppers, 11 crabs?
",674
"Your task is to count how many legs there are in total when given a list of animals.

Now, how many legs are there in total if you have 4 flatworms, 5 lobsters, 1 praying mantis, 2 fireflys, 15 deers, 8 leechs, 2 chickens?
",132
"Your task is to count how many legs there are in total when given a list of animals.

Now, how many legs are there in total if you have 8 elephants, 9 jellyfishs, 1 lion, 10 starfishs, 10 woodlouses, 15 leechs, 6 sea slugs, 13 grasshoppers?
",304
"Your task is to count how many legs there are in total when given a list of animals.

Now, how many legs are there in total if you have 15 spiders, 2 ducks, 7 bees, 7 horses?
",194
"Your task is to count how many legs there are in total when given a list of animals.

Now, how many legs are there in total if you have 13 beetles, 11 jellyfishs, 3 shrimps, 8 cockroachs, 8 bees, 6 chickens, 1 crab, 5 tigers, 9 flatworms, 14 scorpions?
",358
"Your task is to count how many legs there are in total when given a list of animals.

Now, how many legs are there in total if you have 8 starfishs, 3 grasshoppers, 14 dogs, 7 wasps, 1 lobster, 9 humans, 7 crabs, 13 elephants, 11 giraffes, 11 bees?
",416
"Your task is to count how many legs there are in total when given a list of animals.

Now, how many legs are there in total if you have 4 deers, 10 bees, 6 elephants, 7 insects, 7 cats, 8 flatworms?
",170
"Your task is to count how many legs there are in total when given a list of animals.

Now, how many legs are there in total if you have 12 praying mantiss, 10 ducks, 5 cows, 6 insects, 9 starfishs, 15 butterflys, 2 crabs, 14 lobsters?
",443
"Your task is to count how many legs there are in total when given a list of animals.

Now, how many legs are there in total if you have 9 sheeps, 6 wasps, 9 snakes, 11 lobsters, 11 beetles, 15 shrimps, 3 flatworms, 5 deers?
",418
"Your task is to count how many legs there are in total when given a list of animals.

Now, how many legs are there in total if you have 14 spiders, 1 insect, 9 humans, 10 sea slugs, 4 tigers, 7 woodlouses, 5 flatworms, 8 giraffes, 7 cats?
",310
"Your task is to count how many legs there are in total when given a list of animals.

Now, how many legs are there in total if you have 13 humans, 2 scorpions, 13 cockroachs, 9 praying mantiss, 4 elephants, 12 birds, 6 sheeps, 7 wasps, 2 giraffes, 7 butterflys?
",330
"Your task is to count how many legs there are in total when given a list of animals.

Now, how many legs are there in total if you have 1 sheep, 7 tigers, 6 sea slugs, 6 birds, 12 ducks, 11 lobsters, 7 cockroachs, 14 humans?
",248
"Your task is to count how many legs there are in total when given a list of animals.

Now, how many legs are there in total if you have 8 deers, 6 snakes, 12 praying mantiss, 13 sheeps, 5 tigers, 14 flatworms, 11 dogs, 10 butterflys, 10 lobsters?
",380
"Your task is to count how many legs there are in total when given a list of animals.

Now, how many legs are there in total if you have 15 fireflys, 2 wasps, 13 tigers, 2 grasshoppers, 5 butterflys?
",196
"Your task is to count how many legs there are in total when given a list of animals.

Now, how many legs are there in total if you have 5 shrimps, 5 birds, 12 cats, 8 starfishs, 8 fireflys, 6 lobsters, 1 spider, 8 cows, 5 giraffes, 4 lions?
",332
"Your task is to count how many legs there are in total when given a list of animals.

Now, how many legs are there in total if you have 8 scorpions, 12 bees, 15 beetles, 1 insect, 15 crickets?
",322
"Your task is to count how many legs there are in total when given a list of animals.

Now, how many legs are there in total if you have 4 cows, 14 ducks, 8 giraffes, 14 birds, 3 spiders, 15 cats, 8 scorpions, 8 sheeps, 5 lobsters, 2 crickets?
",346
"Your task is to count how many legs there are in total when given a list of animals.

Now, how many legs are there in total if you have 11 spiders, 9 insects, 12 elephants, 14 crabs, 7 sea slugs, 13 woodlouses, 8 crickets, 8 chickens, 14 butterflys, 6 cows?
",684
"Your task is to count how many legs there are in total when given a list of animals.

Now, how many legs are there in total if you have 15 woodlouses, 9 shrimps, 13 deers, 11 sea slugs, 14 crickets, 10 starfishs?
",486
"Your task is to count how many legs there are in total when given a list of animals.

Now, how many legs are there in total if you have 5 insects, 14 chickens, 13 praying mantiss, 12 horses, 3 sea slugs?
",184
"Your task is to count how many legs there are in total when given a list of animals.

Now, how many legs are there in total if you have 15 elephants, 2 scorpions, 2 cows, 7 snakes, 1 firefly, 12 ants, 3 tigers?
",174
"Your task is to count how many legs there are in total when given a list of animals.

Now, how many legs are there in total if you have 8 lions, 4 beetles, 14 tigers, 2 sheeps, 15 shrimps, 11 ants, 5 chickens, 5 fireflys, 6 grasshoppers?
",412
"Your task is to count how many legs there are in total when given a list of animals.

Now, how many legs are there in total if you have 11 flatworms, 9 grasshoppers, 8 shrimps, 11 horses, 11 chickens, 10 elephants, 1 deer, 6 crickets, 6 jellyfishs?
",280
"Your task is to count how many legs there are in total when given a list of animals.

Now, how many legs are there in total if you have 8 tigers, 9 bees, 2 lions, 3 deers, 2 crickets, 11 snakes, 10 fireflys, 13 sea slugs, 9 scorpions?
",250
"Your task is to count how many legs there are in total when given a list of animals.

Now, how many legs are there in total if you have 14 giraffes, 6 humans, 1 leech, 5 sea slugs, 13 crickets, 9 snakes?
",146
"Your task is to count how many legs there are in total when given a list of animals.

Now, how many legs are there in total if you have 4 insects, 3 birds, 6 cows, 13 spiders, 13 chickens, 1 dog, 10 tigers, 3 woodlouses?
",270
"Your task is to count how many legs there are in total when given a list of animals.

Now, how many legs are there in total if you have 12 cockroachs, 3 lobsters, 12 ants, 6 butterflys, 11 grasshoppers, 14 praying mantiss, 12 jellyfishs?
",360
"Your task is to count how many legs there are in total when given a list of animals.

Now, how many legs are there in total if you have 15 sheeps, 7 spiders, 3 leechs, 14 cockroachs, 2 snakes, 15 tigers, 8 cats, 2 dogs, 2 bees?
",312
"Your task is to count how many legs there are in total when given a list of animals.

Now, how many legs are there in total if you have 12 dogs, 4 lobsters, 1 duck, 11 crickets, 1 sea slug?
",156
"Your task is to count how many legs there are in total when given a list of animals.

Now, how many legs are there in total if you have 9 elephants, 11 woodlouses, 15 sheeps, 15 dogs, 11 crickets, 15 horses, 11 shrimps, 15 ants, 14 grasshoppers, 1 praying mantis?
",726
"Your task is to count how many legs there are in total when given a list of animals.

Now, how many legs are there in total if you have 12 sheeps, 2 ants, 1 dog, 10 insects, 8 leechs, 5 giraffes, 1 wasp, 9 humans, 13 lions?
",220
"Your task is to count how many legs there are in total when given a list of animals.

Now, how many legs are there in total if you have 5 cockroachs, 3 butterflys, 1 jellyfish, 3 crickets, 8 giraffes, 5 horses, 9 cats, 4 bees, 15 beetles, 2 wasps?
",280
"Your task is to count how many legs there are in total when given a list of animals.

Now, how many legs are there in total if you have 4 cockroachs, 9 bees, 6 insects, 12 cows, 8 deers, 3 lions, 8 cats, 13 crickets, 8 wasps, 6 chickens?
",376
"Your task is to count how many legs there are in total when given a list of animals.

Now, how many legs are there in total if you have 8 tigers, 9 giraffes, 8 cockroachs, 1 praying mantis, 10 cats, 15 jellyfishs?
",162
"Your task is to count how many legs there are in total when given a list of animals.

Now, how many legs are there in total if you have 9 birds, 2 snakes, 11 ducks, 5 giraffes, 8 spiders, 9 lions, 6 crabs, 11 ants, 11 tigers, 7 crickets?
",372
"Your task is to count how many legs there are in total when given a list of animals.

Now, how many legs are there in total if you have 6 lobsters, 1 crab, 4 insects, 7 humans, 13 jellyfishs, 15 birds?
",138
"Your task is to count how many legs there are in total when given a list of animals.

Now, how many legs are there in total if you have 7 scorpions, 4 cockroachs, 3 ants, 15 praying mantiss, 5 starfishs?
",213
"Your task is to count how many legs there are in total when given a list of animals.

Now, how many legs are there in total if you have 15 spiders, 1 dog, 7 grasshoppers, 12 crabs, 1 chicken, 5 lobsters, 11 cats, 11 crickets, 1 wasp?
",454
"Your task is to count how many legs there are in total when given a list of animals.

Now, how many legs are there in total if you have 3 giraffes, 4 cats, 5 humans, 14 spiders, 9 crickets, 4 grasshoppers, 12 wasps, 2 praying mantiss?
",312
"Your task is to count how many legs there are in total when given a list of animals.

Now, how many legs are there in total if you have 10 bees, 10 elephants, 13 butterflys, 11 spiders, 2 lobsters, 9 crickets, 2 ducks, 12 grasshoppers, 4 crabs, 10 insects?
",516
"Your task is to count how many legs there are in total when given a list of animals.

Now, how many legs are there in total if you have 1 bee, 4 cows, 15 lions?
",82
"Your task is to count how many legs there are in total when given a list of animals.

Now, how many legs are there in total if you have 7 butterflys, 7 chickens, 12 giraffes, 4 fireflys, 5 tigers, 6 leechs, 13 grasshoppers, 13 scorpions, 8 deers, 9 spiders?
",434
"Your task is to count how many legs there are in total when given a list of animals.

Now, how many legs are there in total if you have 8 leechs, 9 sea slugs, 6 cockroachs, 13 cows, 6 grasshoppers, 11 ants, 11 humans, 15 spiders, 8 starfishs, 2 dogs?
",380
"Your task is to count how many legs there are in total when given a list of animals.

Now, how many legs are there in total if you have 11 ducks, 6 sheeps, 15 flatworms, 5 butterflys?
",76
"Your task is to count how many legs there are in total when given a list of animals.

Now, how many legs are there in total if you have 2 deers, 12 cats, 11 scorpions, 13 woodlouses?
",326
"Your task is to count how many legs there are in total when given a list of animals.

Now, how many legs are there in total if you have 4 woodlouses, 13 cats, 11 ants, 14 bees, 15 beetles, 6 starfishs, 2 horses, 7 butterflys?
",428
"Your task is to count how many legs there are in total when given a list of animals.

Now, how many legs are there in total if you have 1 deer, 11 fireflys, 12 cockroachs, 4 crabs, 2 woodlouses, 12 humans, 8 grasshoppers, 4 ducks?
",290
"Your task is to count how many legs there are in total when given a list of animals.

Now, how many legs are there in total if you have 15 deers, 7 jellyfishs, 4 shrimps, 9 butterflys, 12 lions, 11 horses?
",246
"Your task is to count how many legs there are in total when given a list of animals.

Now, how many legs are there in total if you have 13 lobsters, 12 cats, 6 deers, 14 snakes, 5 birds, 9 scorpions, 14 grasshoppers, 14 tigers?
",424
"Your task is to count how many legs there are in total when given a list of animals.

Now, how many legs are there in total if you have 7 beetles, 4 starfishs, 5 insects, 14 jellyfishs, 7 ducks, 11 woodlouses, 2 fireflys, 6 butterflys, 4 chickens, 4 snakes?
",316
"Your task is to count how many legs there are in total when given a list of animals.

Now, how many legs are there in total if you have 4 beetles, 11 scorpions, 9 crickets, 15 elephants?
",226
"Your task is to count how many legs there are in total when given a list of animals.

Now, how many legs are there in total if you have 12 butterflys, 15 lions, 6 giraffes, 8 cows, 5 spiders, 10 ants, 15 tigers, 3 jellyfishs?
",348
"Your task is to count how many legs there are in total when given a list of animals.

Now, how many legs are there in total if you have 12 spiders, 10 bees, 12 elephants, 4 dogs, 4 horses, 10 crickets, 3 humans, 7 wasps, 6 cockroachs?
",380
"Your task is to count how many legs there are in total when given a list of animals.

Now, how many legs are there in total if you have 12 cockroachs, 6 crabs, 2 shrimps, 6 lions?
",176
"Your task is to count how many legs there are in total when given a list of animals.

Now, how many legs are there in total if you have 12 ducks, 12 leechs, 4 humans, 9 tigers, 6 wasps, 9 beetles, 8 woodlouses?
",270
"Your task is to count how many legs there are in total when given a list of animals.

Now, how many legs are there in total if you have 2 shrimps, 5 elephants, 13 jellyfishs, 5 crickets, 9 woodlouses, 4 scorpions, 6 flatworms, 3 grasshoppers, 4 leechs, 4 insects?
",270
"Your task is to count how many legs there are in total when given a list of animals.

Now, how many legs are there in total if you have 6 dogs, 8 lions, 3 praying mantiss, 14 elephants, 7 birds, 2 humans, 2 scorpions, 4 sheeps, 5 cows?
",200
"Your task is to count how many legs there are in total when given a list of animals.

Now, how many legs are there in total if you have 6 sheeps, 5 beetles, 14 ants?
",138
"Your task is to count how many legs there are in total when given a list of animals.

Now, how many legs are there in total if you have 5 sea slugs, 4 elephants, 14 crabs, 13 cats, 13 shrimps, 11 humans, 15 insects, 1 dog, 11 giraffes, 11 beetles?
",564
"Your task is to count how many legs there are in total when given a list of animals.

Now, how many legs are there in total if you have 5 birds, 14 leechs, 4 woodlouses, 15 praying mantiss, 13 tigers?
",208
"Your task is to count how many legs there are in total when given a list of animals.

Now, how many legs are there in total if you have 13 cockroachs, 2 jellyfishs, 12 lobsters, 10 birds, 4 scorpions, 10 shrimps, 11 leechs?
",350
"Your task is to count how many legs there are in total when given a list of animals.

Now, how many legs are there in total if you have 5 fireflys, 11 scorpions, 10 lions, 9 grasshoppers, 4 bees, 12 leechs?
",236
"Your task is to count how many legs there are in total when given a list of animals.

Now, how many legs are there in total if you have 10 lions, 8 insects, 9 dogs, 10 fireflys?
",184
"Your task is to count how many legs there are in total when given a list of animals.

Now, how many legs are there in total if you have 14 dogs, 15 elephants, 10 humans, 13 flatworms, 15 snakes, 7 starfishs, 6 birds, 3 beetles?
",201
"Your task is to count how many legs there are in total when given a list of animals.

Now, how many legs are there in total if you have 14 snakes, 6 crabs, 6 insects, 1 shrimp, 13 humans, 9 cats?
",168
"Your task is to count how many legs there are in total when given a list of animals.

Now, how many legs are there in total if you have 11 wasps, 11 dogs, 5 horses, 4 beetles, 3 lions, 1 human, 8 insects, 7 giraffes, 4 tigers?
",260
"Your task is to count how many legs there are in total when given a list of animals.

Now, how many legs are there in total if you have 1 chicken, 14 praying mantiss, 6 shrimps?
",146
"Your task is to count how many legs there are in total when given a list of animals.

Now, how many legs are there in total if you have 6 giraffes, 3 birds, 11 humans, 12 lobsters, 7 grasshoppers, 10 sheeps, 8 woodlouses, 4 wasps, 1 duck, 3 crabs?
",422
"Your task is to count how many legs there are in total when given a list of animals.

Now, how many legs are there in total if you have 5 praying mantiss, 5 elephants, 6 tigers, 12 leechs, 12 flatworms, 6 crabs?
",134
"Your task is to count how many legs there are in total when given a list of animals.

Now, how many legs are there in total if you have 15 tigers, 2 ants, 11 praying mantiss, 9 crickets?
",192
"Your task is to count how many legs there are in total when given a list of animals.

Now, how many legs are there in total if you have 9 elephants, 2 cows, 9 tigers?
",80
"Your task is to count how many legs there are in total when given a list of animals.

Now, how many legs are there in total if you have 15 chickens, 12 bees, 7 deers, 9 flatworms, 5 lions, 5 spiders?
",190
"Your task is to count how many legs there are in total when given a list of animals.

Now, how many legs are there in total if you have 6 cats, 13 wasps, 13 shrimps, 5 ants, 13 fireflys?
",340
"Your task is to count how many legs there are in total when given a list of animals.

Now, how many legs are there in total if you have 7 tigers, 4 cockroachs, 11 starfishs, 11 fireflys, 9 giraffes, 13 ducks, 3 deers, 14 leechs, 2 wasps, 9 flatworms?
",259
"Your task is to count how many legs there are in total when given a list of animals.

Now, how many legs are there in total if you have 2 crabs, 14 grasshoppers, 3 deers, 9 birds, 3 dogs, 5 praying mantiss?
",176
"Your task is to count how many legs there are in total when given a list of animals.

Now, how many legs are there in total if you have 1 woodlouse, 9 birds, 6 leechs, 2 butterflys, 12 cockroachs, 9 wasps, 5 lobsters, 13 cows, 15 sheeps?
",332
"Your task is to count how many legs there are in total when given a list of animals.

Now, how many legs are there in total if you have 2 horses, 3 giraffes, 7 lions, 12 praying mantiss, 5 wasps, 4 tigers?
",166
"Your task is to count how many legs there are in total when given a list of animals.

Now, how many legs are there in total if you have 9 starfishs, 15 birds, 12 deers, 2 cockroachs, 3 snakes, 3 woodlouses, 6 scorpions?
",225
"Your task is to count how many legs there are in total when given a list of animals.

Now, how many legs are there in total if you have 1 bird, 10 bees, 13 ants, 2 woodlouses, 6 spiders, 14 ducks, 8 butterflys?
",292
"Your task is to count how many legs there are in total when given a list of animals.

Now, how many legs are there in total if you have 5 ants, 2 lobsters, 15 humans, 13 crickets, 9 ducks, 15 woodlouses, 4 crabs, 1 spider, 8 cows?
",466
"Your task is to count how many legs there are in total when given a list of animals.

Now, how many legs are there in total if you have 5 tigers, 13 beetles, 9 lobsters, 5 scorpions?
",228
"Your task is to count how many legs there are in total when given a list of animals.

Now, how many legs are there in total if you have 4 cows, 10 elephants, 9 beetles?
",110
"Your task is to count how many legs there are in total when given a list of animals.

Now, how many legs are there in total if you have 15 crickets, 5 crabs, 11 flatworms?
",140
"Your task is to count how many legs there are in total when given a list of animals.

Now, how many legs are there in total if you have 6 grasshoppers, 9 flatworms, 8 cockroachs?
",84
"Your task is to count how many legs there are in total when given a list of animals.

Now, how many legs are there in total if you have 1 praying mantis, 5 deers, 15 fireflys, 5 butterflys, 10 insects, 11 spiders, 8 bees, 12 wasps, 9 birds, 2 jellyfishs?
",432
"Your task is to count how many legs there are in total when given a list of animals.

Now, how many legs are there in total if you have 4 snakes, 12 fireflys, 3 birds, 7 spiders, 8 crickets?
",182
"Your task is to count how many legs there are in total when given a list of animals.

Now, how many legs are there in total if you have 13 cats, 3 cockroachs, 4 wasps?
",94
"Your task is to count how many legs there are in total when given a list of animals.

Now, how many legs are there in total if you have 7 giraffes, 11 cockroachs, 9 cows, 1 ant, 2 insects, 11 lions, 7 butterflys?
",234
"Your task is to count how many legs there are in total when given a list of animals.

Now, how many legs are there in total if you have 13 leechs, 7 cows, 13 giraffes, 9 wasps, 15 tigers, 5 cats, 15 birds, 6 ducks, 4 humans, 7 shrimps?
",334
"Your task is to count how many legs there are in total when given a list of animals.

Now, how many legs are there in total if you have 12 crickets, 2 elephants, 6 beetles, 1 lion?
",120
"Your task is to count how many legs there are in total when given a list of animals.

Now, how many legs are there in total if you have 13 cows, 1 insect, 9 birds, 3 shrimps, 14 giraffes, 12 wasps, 5 leechs, 13 grasshoppers, 6 spiders?
",360
"Your task is to count how many legs there are in total when given a list of animals.

Now, how many legs are there in total if you have 4 sheeps, 2 starfishs, 11 snakes, 12 lobsters?
",146
"Your task is to count how many legs there are in total when given a list of animals.

Now, how many legs are there in total if you have 11 flatworms, 7 spiders, 5 humans, 10 ducks, 13 birds, 11 cats, 5 insects?
",186
"Your task is to count how many legs there are in total when given a list of animals.

Now, how many legs are there in total if you have 6 snakes, 13 lions, 2 cats, 14 woodlouses, 3 spiders?
",280
"Your task is to count how many legs there are in total when given a list of animals.

Now, how many legs are there in total if you have 8 ants, 11 flatworms, 1 starfish, 1 elephant, 2 humans?
",61
"Your task is to count how many legs there are in total when given a list of animals.

Now, how many legs are there in total if you have 13 scorpions, 11 tigers, 5 jellyfishs, 4 praying mantiss?
",172
"Your task is to count how many legs there are in total when given a list of animals.

Now, how many legs are there in total if you have 11 cows, 14 ants, 8 sea slugs, 9 cats, 15 birds, 11 crickets?
",260
"Your task is to count how many legs there are in total when given a list of animals.

Now, how many legs are there in total if you have 4 lobsters, 1 cat, 13 crickets?
",122
"Your task is to count how many legs there are in total when given a list of animals.

Now, how many legs are there in total if you have 8 birds, 2 woodlouses, 10 tigers, 8 giraffes?
",116
"Your task is to count how many legs there are in total when given a list of animals.

Now, how many legs are there in total if you have 4 scorpions, 13 butterflys, 7 cats, 6 wasps, 9 sheeps?
",210
"Your task is to count how many legs there are in total when given a list of animals.

Now, how many legs are there in total if you have 6 cockroachs, 8 humans, 8 praying mantiss, 7 cats, 7 cows, 14 sea slugs, 8 bees?
",204
"Your task is to count how many legs there are in total when given a list of animals.

Now, how many legs are there in total if you have 12 butterflys, 12 starfishs, 13 ducks, 1 chicken, 7 cats, 15 ants, 4 sea slugs, 8 horses, 1 jellyfish?
",310
"Your task is to count how many legs there are in total when given a list of animals.

Now, how many legs are there in total if you have 3 cows, 9 cockroachs, 6 starfishs, 4 butterflys, 9 jellyfishs, 15 flatworms, 6 woodlouses, 12 cats, 12 giraffes?
",300
"Your task is to count how many legs there are in total when given a list of animals.

Now, how many legs are there in total if you have 7 tigers, 10 woodlouses, 14 lobsters, 10 lions?
",348
"Your task is to count how many legs there are in total when given a list of animals.

Now, how many legs are there in total if you have 8 spiders, 9 lions, 6 jellyfishs, 8 tigers?
",132
"Your task is to count how many legs there are in total when given a list of animals.

Now, how many legs are there in total if you have 4 insects, 14 lions, 9 wasps, 14 grasshoppers?
",218
"Your task is to count how many legs there are in total when given a list of animals.

Now, how many legs are there in total if you have 15 insects, 10 beetles, 3 flatworms, 12 shrimps, 5 spiders, 13 lions, 6 birds, 2 fireflys?
",386
"Your task is to count how many legs there are in total when given a list of animals.

Now, how many legs are there in total if you have 1 praying mantis, 15 jellyfishs, 4 cows, 11 spiders, 6 beetles, 9 dogs?
",182
"Your task is to count how many legs there are in total when given a list of animals.

Now, how many legs are there in total if you have 7 shrimps, 10 insects, 9 butterflys, 2 giraffes, 7 crickets?
",234
"Your task is to count how many legs there are in total when given a list of animals.

Now, how many legs are there in total if you have 6 jellyfishs, 13 cats, 5 spiders, 11 crickets, 14 shrimps, 15 deers, 14 giraffes, 9 elephants, 2 cockroachs, 6 grasshoppers?
",498
"Your task is to count how many legs there are in total when given a list of animals.

Now, how many legs are there in total if you have 15 scorpions, 13 jellyfishs, 10 butterflys?
",180
"Your task is to count how many legs there are in total when given a list of animals.

Now, how many legs are there in total if you have 5 cockroachs, 11 ducks, 7 cats, 14 wasps, 8 bees, 3 starfishs, 15 dogs, 11 fireflys?
",353
"Your task is to count how many legs there are in total when given a list of animals.

Now, how many legs are there in total if you have 10 dogs, 3 birds, 14 deers, 3 praying mantiss?
",120
"Your task is to count how many legs there are in total when given a list of animals.

Now, how many legs are there in total if you have 9 giraffes, 1 crab, 7 woodlouses, 1 dog, 7 horses, 5 lobsters, 6 cats, 5 lions, 2 ducks?
",274
"Your task is to count how many legs there are in total when given a list of animals.

Now, how many legs are there in total if you have 2 lobsters, 11 fireflys, 1 bee, 7 leechs, 15 insects?
",182
"Your task is to count how many legs there are in total when given a list of animals.

Now, how many legs are there in total if you have 7 praying mantiss, 1 bird, 9 woodlouses, 11 giraffes?
",214
"Your task is to count how many legs there are in total when given a list of animals.

Now, how many legs are there in total if you have 10 deers, 4 humans, 5 shrimps, 4 ants, 15 scorpions, 12 lobsters, 4 cats, 2 insects, 6 crabs, 11 tigers?
",494
"Your task is to count how many legs there are in total when given a list of animals.

Now, how many legs are there in total if you have 10 crabs, 8 flatworms, 8 shrimps?
",180
"Your task is to count how many legs there are in total when given a list of animals.

Now, how many legs are there in total if you have 3 butterflys, 13 bees, 11 cats, 7 lobsters, 15 horses, 2 deers, 14 shrimps?
",418
"Your task is to count how many legs there are in total when given a list of animals.

Now, how many legs are there in total if you have 7 sea slugs, 5 praying mantiss, 9 flatworms, 2 cows?
",38
"Your task is to count how many legs there are in total when given a list of animals.

Now, how many legs are there in total if you have 14 sea slugs, 4 sheeps, 12 ducks, 12 bees, 6 lobsters, 10 butterflys, 10 horses, 7 giraffes, 14 praying mantiss, 10 chickens?
",404
"Your task is to count how many legs there are in total when given a list of animals.

Now, how many legs are there in total if you have 10 fireflys, 9 birds, 6 cockroachs, 9 humans, 8 insects, 5 dogs, 14 spiders, 1 leech, 10 horses, 3 scorpions?
",376
"Your task is to count how many legs there are in total when given a list of animals.

Now, how many legs are there in total if you have 13 lions, 14 chickens, 15 fireflys, 6 elephants, 6 cockroachs?
",230
"Your task is to count how many legs there are in total when given a list of animals.

Now, how many legs are there in total if you have 11 lobsters, 13 insects, 5 giraffes, 4 butterflys, 4 cows, 7 elephants, 2 crickets, 10 horses, 13 cockroachs?
",406
"Your task is to count how many legs there are in total when given a list of animals.

Now, how many legs are there in total if you have 7 cockroachs, 10 birds, 9 spiders, 2 bees?
",146
"Your task is to count how many legs there are in total when given a list of animals.

Now, how many legs are there in total if you have 11 chickens, 7 crickets, 15 scorpions, 13 ducks, 12 ants, 15 insects, 11 deers, 6 lions?
",440
"Your task is to count how many legs there are in total when given a list of animals.

Now, how many legs are there in total if you have 14 tigers, 6 fireflys, 6 lobsters?
",152
"Your task is to count how many legs there are in total when given a list of animals.

Now, how many legs are there in total if you have 1 cow, 10 cats, 8 lions?
",76
"Your task is to count how many legs there are in total when given a list of animals.

Now, how many legs are there in total if you have 8 beetles, 4 sea slugs, 10 crabs, 13 chickens, 14 dogs, 9 sheeps, 10 lobsters, 8 fireflys, 10 leechs?
",414
"Your task is to count how many legs there are in total when given a list of animals.

Now, how many legs are there in total if you have 5 shrimps, 4 cows, 2 horses?
",74
"Your task is to count how many legs there are in total when given a list of animals.

Now, how many legs are there in total if you have 13 fireflys, 11 cockroachs, 1 praying mantis, 15 snakes, 6 crabs, 3 bees?
",228
"Your task is to count how many legs there are in total when given a list of animals.

Now, how many legs are there in total if you have 3 spiders, 1 jellyfish, 8 lobsters, 1 cow, 15 beetles, 12 cockroachs, 6 birds, 7 dogs, 11 lions, 13 grasshoppers?
",432
"Your task is to count how many legs there are in total when given a list of animals.

Now, how many legs are there in total if you have 11 spiders, 2 scorpions, 10 tigers?
",144
"Your task is to count how many legs there are in total when given a list of animals.

Now, how many legs are there in total if you have 8 snakes, 13 bees, 3 cows, 6 tigers, 8 woodlouses, 14 wasps, 6 chickens, 1 flatworm?
",322
"Your task is to count how many legs there are in total when given a list of animals.

Now, how many legs are there in total if you have 13 scorpions, 10 lions, 9 birds, 6 snakes?
",162
"Your task is to count how many legs there are in total when given a list of animals.

Now, how many legs are there in total if you have 7 elephants, 10 bees, 3 shrimps?
",118
"Your task is to count how many legs there are in total when given a list of animals.

Now, how many legs are there in total if you have 11 cats, 7 tigers, 13 bees, 11 sea slugs, 7 shrimps?
",220
"Your task is to count how many legs there are in total when given a list of animals.

Now, how many legs are there in total if you have 9 scorpions, 7 giraffes, 8 birds, 10 insects?
",176
"Your task is to count how many legs there are in total when given a list of animals.

Now, how many legs are there in total if you have 5 scorpions, 5 grasshoppers, 7 dogs, 9 praying mantiss, 8 ducks, 12 bees, 6 chickens?
",252
"Your task is to count how many legs there are in total when given a list of animals.

Now, how many legs are there in total if you have 3 ants, 7 spiders, 10 elephants, 10 fireflys, 4 snakes?
",174
"Your task is to count how many legs there are in total when given a list of animals.

Now, how many legs are there in total if you have 7 leechs, 15 starfishs, 5 dogs, 3 sheeps, 7 ants, 2 lobsters, 3 chickens, 12 shrimps, 2 beetles, 2 sea slugs?
",307
"Your task is to count how many legs there are in total when given a list of animals.

Now, how many legs are there in total if you have 6 butterflys, 13 snakes, 1 elephant, 2 deers?
",48
"Your task is to count how many legs there are in total when given a list of animals.

Now, how many legs are there in total if you have 8 fireflys, 11 ducks, 3 shrimps?
",100
"Your task is to count how many legs there are in total when given a list of animals.

Now, how many legs are there in total if you have 9 ants, 10 leechs, 8 fireflys, 15 starfishs, 3 jellyfishs, 3 woodlouses, 2 sea slugs?
",219
"Your task is to count how many legs there are in total when given a list of animals.

Now, how many legs are there in total if you have 1 shrimp, 4 chickens, 10 grasshoppers, 12 flatworms, 10 crickets, 14 cockroachs, 14 lions, 3 crabs?
",308
"Your task is to count how many legs there are in total when given a list of animals.

Now, how many legs are there in total if you have 15 giraffes, 9 wasps, 7 butterflys, 9 ants, 15 insects, 8 praying mantiss?
",348
"Your task is to count how many legs there are in total when given a list of animals.

Now, how many legs are there in total if you have 9 fireflys, 7 birds, 11 crickets, 13 snakes, 3 elephants, 15 insects, 1 bee, 8 humans, 1 starfish, 15 horses?
",323
"Your task is to count how many legs there are in total when given a list of animals.

Now, how many legs are there in total if you have 15 giraffes, 2 butterflys, 1 crab, 14 cockroachs, 14 spiders?
",278
"Your task is to count how many legs there are in total when given a list of animals.

Now, how many legs are there in total if you have 3 dogs, 14 praying mantiss, 15 ducks, 1 jellyfish, 12 scorpions, 3 tigers?
",234
"Your task is to count how many legs there are in total when given a list of animals.

Now, how many legs are there in total if you have 12 praying mantiss, 2 dogs, 13 sheeps, 1 flatworm, 14 birds, 6 lobsters, 9 wasps?
",274
"Your task is to count how many legs there are in total when given a list of animals.

Now, how many legs are there in total if you have 4 crabs, 4 starfishs, 11 birds?
",82
"Your task is to count how many legs there are in total when given a list of animals.

Now, how many legs are there in total if you have 8 snakes, 6 dogs, 12 spiders, 2 ants, 3 giraffes, 11 deers?
",188
"Your task is to count how many legs there are in total when given a list of animals.

Now, how many legs are there in total if you have 9 wasps, 15 spiders, 12 woodlouses, 5 snakes, 14 cockroachs?
",426
"Your task is to count how many legs there are in total when given a list of animals.

Now, how many legs are there in total if you have 1 cow, 5 sea slugs, 3 beetles, 13 crabs, 1 starfish, 8 jellyfishs?
",157
"Your task is to count how many legs there are in total when given a list of animals.

Now, how many legs are there in total if you have 5 humans, 1 lobster, 7 cows, 10 birds, 5 bees, 7 giraffes, 1 lion, 4 jellyfishs?
",130
"Your task is to count how many legs there are in total when given a list of animals.

Now, how many legs are there in total if you have 10 crickets, 6 leechs, 8 chickens, 7 lobsters?
",146
"Your task is to count how many legs there are in total when given a list of animals.

Now, how many legs are there in total if you have 4 horses, 13 jellyfishs, 3 tigers, 6 crickets, 5 birds, 2 bees, 8 snakes, 13 crabs, 11 sea slugs?
",216
"Your task is to count how many legs there are in total when given a list of animals.

Now, how many legs are there in total if you have 2 birds, 2 ducks, 2 chickens, 9 praying mantiss?
",66
"Your task is to count how many legs there are in total when given a list of animals.

Now, how many legs are there in total if you have 12 dogs, 12 elephants, 11 fireflys, 4 spiders, 10 starfishs, 10 praying mantiss, 10 cats, 12 deers, 7 flatworms?
",392
"Your task is to count how many legs there are in total when given a list of animals.

Now, how many legs are there in total if you have 11 insects, 9 giraffes, 6 crickets, 5 shrimps, 12 lions, 5 woodlouses, 12 scorpions, 13 fireflys?
",480
"Your task is to count how many legs there are in total when given a list of animals.

Now, how many legs are there in total if you have 9 birds, 10 cows, 4 deers, 6 grasshoppers, 15 tigers, 2 sheeps, 1 horse?
",182
"Your task is to count how many legs there are in total when given a list of animals.

Now, how many legs are there in total if you have 15 grasshoppers, 1 firefly, 2 horses, 3 beetles, 6 jellyfishs, 14 ants, 10 dogs?
",246
"Your task is to count how many legs there are in total when given a list of animals.

Now, how many legs are there in total if you have 9 woodlouses, 6 shrimps, 11 crabs, 6 cats, 10 sea slugs, 15 jellyfishs, 11 wasps?
",386
"Your task is to count how many legs there are in total when given a list of animals.

Now, how many legs are there in total if you have 14 jellyfishs, 4 ants, 12 giraffes?
",72
"Your task is to count how many legs there are in total when given a list of animals.

Now, how many legs are there in total if you have 1 dog, 4 snakes, 8 grasshoppers, 6 cats, 15 birds, 13 sheeps, 6 chickens, 7 spiders, 8 starfishs, 4 crickets?
",290
"Your task is to count how many legs there are in total when given a list of animals.

Now, how many legs are there in total if you have 15 jellyfishs, 15 scorpions, 2 horses, 12 ducks, 1 shrimp, 13 crickets, 10 insects, 15 spiders?
",420
"Your task is to count how many legs there are in total when given a list of animals.

Now, how many legs are there in total if you have 7 cats, 3 fireflys, 6 crickets, 6 grasshoppers, 3 sea slugs?
",118
"Your task is to count how many legs there are in total when given a list of animals.

Now, how many legs are there in total if you have 15 birds, 2 fireflys, 6 grasshoppers, 13 giraffes, 2 jellyfishs, 1 cricket, 2 humans, 15 wasps, 10 tigers?
",270
"Your task is to count how many legs there are in total when given a list of animals.

Now, how many legs are there in total if you have 3 sheeps, 12 insects, 2 butterflys, 10 woodlouses, 6 lions, 13 birds, 6 ducks, 12 dogs, 3 cockroachs?
",364
"Your task is to count how many legs there are in total when given a list of animals.

Now, how many legs are there in total if you have 2 jellyfishs, 6 starfishs, 11 deers?
",74
"Your task is to count how many legs there are in total when given a list of animals.

Now, how many legs are there in total if you have 10 birds, 1 lion, 8 wasps, 5 cockroachs, 7 tigers, 11 praying mantiss, 6 leechs?
",196
"Your task is to count how many legs there are in total when given a list of animals.

Now, how many legs are there in total if you have 4 cows, 13 cats, 9 scorpions, 15 sea slugs, 13 cockroachs, 1 beetle, 9 humans, 9 giraffes?
",278
"Your task is to count how many legs there are in total when given a list of animals.

Now, how many legs are there in total if you have 1 praying mantis, 6 grasshoppers, 15 starfishs, 8 ducks, 11 spiders, 9 lobsters, 5 elephants, 6 ants?
",367
"Your task is to count how many legs there are in total when given a list of animals.

Now, how many legs are there in total if you have 9 dogs, 1 crab, 9 grasshoppers, 4 cockroachs, 14 crickets, 8 horses?
",240
"Your task is to count how many legs there are in total when given a list of animals.

Now, how many legs are there in total if you have 3 beetles, 7 leechs, 14 cows, 6 praying mantiss, 11 deers, 5 giraffes, 4 lions, 10 scorpions?
",270
"Your task is to count how many legs there are in total when given a list of animals.

Now, how many legs are there in total if you have 6 beetles, 2 snakes, 14 sea slugs, 11 shrimps, 4 ants, 14 insects, 14 cats, 15 crabs?
",460
"Your task is to count how many legs there are in total when given a list of animals.

Now, how many legs are there in total if you have 14 sheeps, 1 horse, 2 grasshoppers, 1 shrimp, 5 scorpions?
",122
"Your task is to count how many legs there are in total when given a list of animals.

Now, how many legs are there in total if you have 5 cats, 2 spiders, 8 tigers?
",68
"Your task is to count how many legs there are in total when given a list of animals.

Now, how many legs are there in total if you have 15 ducks, 4 elephants, 1 cow, 15 crabs, 1 firefly, 5 snakes, 6 lions, 4 tigers, 12 horses?
",294
"Your task is to count how many legs there are in total when given a list of animals.

Now, how many legs are there in total if you have 1 duck, 2 dogs, 15 elephants, 13 ants, 11 humans?
",170
"Your task is to count how many legs there are in total when given a list of animals.

Now, how many legs are there in total if you have 11 birds, 7 scorpions, 1 woodlouse, 6 butterflys, 10 jellyfishs, 11 sea slugs?
",128
"Your task is to count how many legs there are in total when given a list of animals.

Now, how many legs are there in total if you have 7 shrimps, 7 chickens, 11 butterflys, 12 giraffes?
",198
"Your task is to count how many legs there are in total when given a list of animals.

Now, how many legs are there in total if you have 14 cockroachs, 5 scorpions, 11 crickets?
",190
"Your task is to count how many legs there are in total when given a list of animals.

Now, how many legs are there in total if you have 15 cats, 11 bees, 5 horses, 12 deers?
",194
"Your task is to count how many legs there are in total when given a list of animals.

Now, how many legs are there in total if you have 12 horses, 12 butterflys, 11 dogs?
",164
"Your task is to count how many legs there are in total when given a list of animals.

Now, how many legs are there in total if you have 11 grasshoppers, 7 horses, 3 praying mantiss, 10 lobsters, 6 deers, 5 elephants, 3 jellyfishs, 3 snakes, 10 sea slugs, 5 lions?
",276
"Your task is to count how many legs there are in total when given a list of animals.

Now, how many legs are there in total if you have 7 cats, 9 jellyfishs, 6 horses, 1 firefly, 11 shrimps?
",168
"Your task is to count how many legs there are in total when given a list of animals.

Now, how many legs are there in total if you have 14 sheeps, 13 tigers, 14 jellyfishs?
",108
"Your task is to count how many legs there are in total when given a list of animals.

Now, how many legs are there in total if you have 11 tigers, 1 scorpion, 7 grasshoppers, 8 elephants?
",126
"Your task is to count how many legs there are in total when given a list of animals.

Now, how many legs are there in total if you have 2 grasshoppers, 6 ducks, 15 tigers?
",84
"Your task is to count how many legs there are in total when given a list of animals.

Now, how many legs are there in total if you have 7 bees, 12 humans, 15 cows, 12 elephants?
",174
"Your task is to count how many legs there are in total when given a list of animals.

Now, how many legs are there in total if you have 8 ants, 10 humans, 10 wasps, 2 starfishs, 12 cows?
",186
"Your task is to count how many legs there are in total when given a list of animals.

Now, how many legs are there in total if you have 1 crab, 11 beetles, 4 snakes, 10 flatworms, 7 fireflys?
",118
"Your task is to count how many legs there are in total when given a list of animals.

Now, how many legs are there in total if you have 10 woodlouses, 2 shrimps, 12 chickens, 12 ducks, 8 lobsters, 11 elephants, 5 horses, 11 tigers?
",396
"Your task is to count how many legs there are in total when given a list of animals.

Now, how many legs are there in total if you have 8 praying mantiss, 11 crickets, 9 snakes, 1 giraffe, 1 grasshopper, 4 chickens, 14 spiders, 7 cats, 10 leechs?
",272
"Your task is to count how many legs there are in total when given a list of animals.

Now, how many legs are there in total if you have 13 shrimps, 1 crab, 2 insects, 3 humans, 8 lions?
",190
"Your task is to count how many legs there are in total when given a list of animals.

Now, how many legs are there in total if you have 5 dogs, 5 ducks, 10 lions, 6 fireflys, 4 sheeps, 12 scorpions, 9 giraffes?
",254
"Your task is to count how many legs there are in total when given a list of animals.

Now, how many legs are there in total if you have 11 praying mantiss, 1 snake, 3 ants, 5 chickens, 3 cats, 15 spiders, 2 flatworms, 2 crickets, 10 scorpions?
",318
"Your task is to count how many legs there are in total when given a list of animals.

Now, how many legs are there in total if you have 1 human, 8 woodlouses, 4 butterflys, 6 leechs, 15 crabs, 6 dogs, 10 wasps, 1 chicken, 12 ants?
",446
"Your task is to count how many legs there are in total when given a list of animals.

Now, how many legs are there in total if you have 4 snakes, 12 crabs, 14 starfishs, 11 ants, 8 lions, 12 woodlouses?
",456
"Your task is to count how many legs there are in total when given a list of animals.

Now, how many legs are there in total if you have 7 wasps, 5 shrimps, 10 deers, 4 flatworms, 7 sea slugs?
",132
"Your task is to count how many legs there are in total when given a list of animals.

Now, how many legs are there in total if you have 13 elephants, 7 wasps, 3 cows, 5 birds, 7 shrimps, 8 dogs?
",218
"Your task is to count how many legs there are in total when given a list of animals.

Now, how many legs are there in total if you have 7 jellyfishs, 7 starfishs, 6 horses, 13 cats, 9 ants?
",165
"Your task is to count how many legs there are in total when given a list of animals.

Now, how many legs are there in total if you have 9 crabs, 15 elephants, 15 cows, 8 flatworms, 8 horses, 8 cockroachs, 5 chickens, 5 giraffes, 15 insects?
",410
"Your task is to count how many legs there are in total when given a list of animals.

Now, how many legs are there in total if you have 7 snakes, 13 praying mantiss, 9 deers, 10 ducks?
",134
"Your task is to count how many legs there are in total when given a list of animals.

Now, how many legs are there in total if you have 8 humans, 5 starfishs, 9 ducks, 12 elephants?
",107
"Your task is to count how many legs there are in total when given a list of animals.

Now, how many legs are there in total if you have 13 cockroachs, 2 humans, 5 deers, 12 ants, 13 wasps?
",252
"Your task is to count how many legs there are in total when given a list of animals.

Now, how many legs are there in total if you have 12 fireflys, 12 cows, 14 beetles, 2 butterflys, 14 scorpions, 7 humans, 9 wasps, 13 deers?
",448
"Your task is to count how many legs there are in total when given a list of animals.

Now, how many legs are there in total if you have 6 flatworms, 14 grasshoppers, 14 ants, 11 chickens, 13 insects, 4 beetles, 13 bees?
",370
"Your task is to count how many legs there are in total when given a list of animals.

Now, how many legs are there in total if you have 13 crickets, 1 cat, 15 flatworms, 4 sheeps, 6 insects, 6 tigers?
",158
"Your task is to count how many legs there are in total when given a list of animals.

Now, how many legs are there in total if you have 14 crabs, 6 fireflys, 9 tigers, 1 cricket, 10 scorpions?
",298
"Your task is to count how many legs there are in total when given a list of animals.

Now, how many legs are there in total if you have 11 ducks, 3 cats, 11 humans, 11 fireflys, 2 butterflys, 5 lions, 11 tigers, 5 flatworms, 9 leechs, 5 elephants?
",218
"Your task is to count how many legs there are in total when given a list of animals.

Now, how many legs are there in total if you have 15 shrimps, 14 dogs, 8 praying mantiss, 12 insects, 4 crickets, 7 sea slugs, 4 woodlouses, 11 elephants, 4 grasshoppers?
",474
"Your task is to count how many legs there are in total when given a list of animals.

Now, how many legs are there in total if you have 12 chickens, 11 spiders, 3 jellyfishs, 6 beetles?
",148
"Your task is to count how many legs there are in total when given a list of animals.

Now, how many legs are there in total if you have 14 fireflys, 10 woodlouses, 13 flatworms, 6 birds, 10 horses?
",276
"Your task is to count how many legs there are in total when given a list of animals.

Now, how many legs are there in total if you have 3 bees, 7 crabs, 4 shrimps?
",128
"Your task is to count how many legs there are in total when given a list of animals.

Now, how many legs are there in total if you have 4 woodlouses, 9 crabs, 15 giraffes, 13 cows, 11 beetles, 1 human, 5 leechs?
",326
"Your task is to count how many legs there are in total when given a list of animals.

Now, how many legs are there in total if you have 10 dogs, 10 tigers, 14 leechs, 11 woodlouses, 1 sea slug, 2 sheeps, 9 giraffes?
",278
"Your task is to count how many legs there are in total when given a list of animals.

Now, how many legs are there in total if you have 7 fireflys, 4 bees, 4 starfishs, 12 ducks, 7 cockroachs, 7 humans, 8 deers, 7 praying mantiss, 7 tigers?
",268
"Your task is to count how many legs there are in total when given a list of animals.

Now, how many legs are there in total if you have 10 wasps, 1 scorpion, 15 jellyfishs, 8 deers, 13 leechs?
",100
"Your task is to count how many legs there are in total when given a list of animals.

Now, how many legs are there in total if you have 3 dogs, 5 horses, 9 spiders, 5 cats, 12 ants, 9 chickens, 4 bees, 7 fireflys, 4 starfishs, 4 sheeps?
",316
"Your task is to count how many legs there are in total when given a list of animals.

Now, how many legs are there in total if you have 7 birds, 10 horses, 1 ant, 6 cows, 9 bees, 5 leechs, 4 cats?
",154
"Your task is to count how many legs there are in total when given a list of animals.

Now, how many legs are there in total if you have 5 dogs, 8 lobsters, 9 grasshoppers?
",154
"Your task is to count how many legs there are in total when given a list of animals.

Now, how many legs are there in total if you have 9 leechs, 7 crabs, 12 cockroachs, 15 butterflys, 7 wasps, 5 sea slugs, 6 bees, 5 grasshoppers?
",340
"Your task is to count how many legs there are in total when given a list of animals.

Now, how many legs are there in total if you have 11 jellyfishs, 2 cows, 3 ants, 7 praying mantiss, 6 fireflys, 1 chicken?
",106
"Your task is to count how many legs there are in total when given a list of animals.

Now, how many legs are there in total if you have 4 spiders, 4 sea slugs, 8 starfishs, 14 horses, 11 jellyfishs, 10 ducks, 1 insect, 12 beetles, 2 cows?
",234
"Your task is to count how many legs there are in total when given a list of animals.

Now, how many legs are there in total if you have 10 spiders, 10 tigers, 7 giraffes, 10 birds, 14 flatworms, 5 dogs?
",188
"Your task is to count how many legs there are in total when given a list of animals.

Now, how many legs are there in total if you have 7 insects, 3 shrimps, 15 cockroachs, 6 bees, 7 jellyfishs, 9 flatworms?
",198
"Your task is to count how many legs there are in total when given a list of animals.

Now, how many legs are there in total if you have 7 elephants, 11 lions, 11 sea slugs, 12 sheeps, 10 lobsters, 10 ants, 13 beetles, 1 scorpion, 10 fireflys?
",426
"Your task is to count how many legs there are in total when given a list of animals.

Now, how many legs are there in total if you have 3 butterflys, 8 sheeps, 2 giraffes?
",58
"Your task is to count how many legs there are in total when given a list of animals.

Now, how many legs are there in total if you have 1 cow, 1 wasp, 14 praying mantiss, 2 giraffes, 10 deers?
",142
"Your task is to count how many legs there are in total when given a list of animals.

Now, how many legs are there in total if you have 4 crickets, 15 giraffes, 5 flatworms, 13 horses, 3 sea slugs?
",136
"Your task is to count how many legs there are in total when given a list of animals.

Now, how many legs are there in total if you have 1 deer, 11 lions, 1 lobster?
",58
"Your task is to count how many legs there are in total when given a list of animals.

Now, how many legs are there in total if you have 2 lobsters, 13 tigers, 2 leechs, 8 woodlouses, 11 lions, 7 crickets, 9 butterflys?
",324
"Your task is to count how many legs there are in total when given a list of animals.

Now, how many legs are there in total if you have 9 shrimps, 5 jellyfishs, 13 woodlouses, 6 butterflys, 11 chickens, 13 cockroachs?
",408
"Your task is to count how many legs there are in total when given a list of animals.

Now, how many legs are there in total if you have 10 crickets, 15 tigers, 4 beetles, 9 snakes, 5 wasps, 12 lobsters, 11 flatworms, 1 cockroach?
",300
"Your task is to count how many legs there are in total when given a list of animals.

Now, how many legs are there in total if you have 8 fireflys, 8 giraffes, 12 crickets, 15 sheeps, 3 dogs, 9 beetles, 3 tigers, 3 bees?
",308
"Your task is to count how many legs there are in total when given a list of animals.

Now, how many legs are there in total if you have 9 humans, 8 shrimps, 13 dogs, 10 butterflys, 5 cockroachs, 5 crickets, 5 ducks, 12 insects?
",352
"Your task is to count how many legs there are in total when given a list of animals.

Now, how many legs are there in total if you have 6 praying mantiss, 13 deers, 3 humans?
",94
"Your task is to count how many legs there are in total when given a list of animals.

Now, how many legs are there in total if you have 13 lions, 5 cockroachs, 10 giraffes?
",122
"Your task is to count how many legs there are in total when given a list of animals.

Now, how many legs are there in total if you have 7 sheeps, 12 lobsters, 2 chickens, 11 wasps, 9 grasshoppers?
",272
"Your task is to count how many legs there are in total when given a list of animals.

Now, how many legs are there in total if you have 4 ducks, 15 humans, 6 wasps, 5 cows, 12 birds, 4 leechs?
",118
"Your task is to count how many legs there are in total when given a list of animals.

Now, how many legs are there in total if you have 4 dogs, 2 beetles, 1 bee, 2 tigers, 6 shrimps, 4 insects, 5 horses, 14 grasshoppers?
",230
"Your task is to count how many legs there are in total when given a list of animals.

Now, how many legs are there in total if you have 1 lobster, 5 flatworms, 14 giraffes, 14 cows, 12 beetles, 6 scorpions, 4 crickets?
",266
"Your task is to count how many legs there are in total when given a list of animals.

Now, how many legs are there in total if you have 8 butterflys, 3 beetles, 14 shrimps, 13 praying mantiss?
",284
"Your task is to count how many legs there are in total when given a list of animals.

Now, how many legs are there in total if you have 14 scorpions, 15 praying mantiss, 11 wasps, 14 sea slugs, 6 starfishs, 10 shrimps, 1 dog, 14 deers?
",458
"Your task is to count how many legs there are in total when given a list of animals.

Now, how many legs are there in total if you have 3 humans, 8 shrimps, 15 cows, 8 sea slugs, 1 crab, 3 wasps, 1 bird?
",176
"Your task is to count how many legs there are in total when given a list of animals.

Now, how many legs are there in total if you have 15 butterflys, 11 crabs, 15 praying mantiss?
",290
"Your task is to count how many legs there are in total when given a list of animals.

Now, how many legs are there in total if you have 3 beetles, 2 scorpions, 2 leechs?
",34
"Your task is to count how many legs there are in total when given a list of animals.

Now, how many legs are there in total if you have 3 beetles, 4 tigers, 4 woodlouses, 3 horses, 2 snakes, 9 scorpions, 3 deers, 6 lobsters?
",246
"Your task is to count how many legs there are in total when given a list of animals.

Now, how many legs are there in total if you have 2 horses, 3 butterflys, 13 dogs, 14 birds, 15 cows, 15 fireflys, 9 lobsters, 1 cockroach?
",352
"Your task is to count how many legs there are in total when given a list of animals.

Now, how many legs are there in total if you have 8 bees, 1 jellyfish, 5 spiders, 9 crickets?
",142
"Your task is to count how many legs there are in total when given a list of animals.

Now, how many legs are there in total if you have 9 woodlouses, 4 cats, 7 snakes, 6 birds, 5 praying mantiss, 6 giraffes?
",208
"Your task is to count how many legs there are in total when given a list of animals.

Now, how many legs are there in total if you have 7 ants, 6 giraffes, 14 dogs, 4 cows, 14 snakes, 5 cockroachs?
",168
"Your task is to count how many legs there are in total when given a list of animals.

Now, how many legs are there in total if you have 8 crickets, 5 beetles, 4 crabs, 9 cows, 4 elephants?
",170
"Your task is to count how many legs there are in total when given a list of animals.

Now, how many legs are there in total if you have 1 beetle, 7 cockroachs, 7 giraffes, 5 horses?
",96
"Your task is to count how many legs there are in total when given a list of animals.

Now, how many legs are there in total if you have 4 cats, 2 wasps, 12 spiders, 6 shrimps, 14 birds?
",212
"Your task is to count how many legs there are in total when given a list of animals.

Now, how many legs are there in total if you have 13 humans, 8 lobsters, 15 sea slugs, 10 shrimps, 1 cat?
",210
"Your task is to count how many legs there are in total when given a list of animals.

Now, how many legs are there in total if you have 4 flatworms, 7 sheeps, 11 butterflys, 1 ant?
",100
"Your task is to count how many legs there are in total when given a list of animals.

Now, how many legs are there in total if you have 7 crabs, 10 wasps, 15 humans, 1 leech, 9 ducks?
",178
"Your task is to count how many legs there are in total when given a list of animals.

Now, how many legs are there in total if you have 3 wasps, 4 snakes, 13 tigers, 15 woodlouses, 14 birds?
",308
"Your task is to count how many legs there are in total when given a list of animals.

Now, how many legs are there in total if you have 6 shrimps, 12 chickens, 1 horse, 8 beetles, 6 scorpions, 1 deer, 15 snakes?
",188
"Your task is to count how many legs there are in total when given a list of animals.

Now, how many legs are there in total if you have 2 leechs, 3 chickens, 4 shrimps, 13 ducks, 6 crabs, 9 grasshoppers, 13 dogs, 3 scorpions, 7 crickets?
",304
"Your task is to count how many legs there are in total when given a list of animals.

Now, how many legs are there in total if you have 15 jellyfishs, 10 shrimps, 2 dogs, 4 chickens, 3 ducks, 2 scorpions, 9 crickets, 1 grasshopper?
",198
"Your task is to count how many legs there are in total when given a list of animals.

Now, how many legs are there in total if you have 4 shrimps, 10 tigers, 7 cockroachs, 10 butterflys, 2 lions, 13 ants, 4 scorpions, 9 elephants?
",336
"Your task is to count how many legs there are in total when given a list of animals.

Now, how many legs are there in total if you have 8 beetles, 1 human, 13 fireflys, 12 bees?
",200
"Your task is to count how many legs there are in total when given a list of animals.

Now, how many legs are there in total if you have 5 snakes, 4 ants, 4 humans, 12 bees, 12 deers?
",152
"Your task is to count how many legs there are in total when given a list of animals.

Now, how many legs are there in total if you have 15 ants, 15 butterflys, 10 cows, 15 shrimps, 15 snakes, 13 beetles, 5 lions, 8 sheeps, 7 horses, 4 bees?
",552
"Your task is to count how many legs there are in total when given a list of animals.

Now, how many legs are there in total if you have 9 dogs, 4 horses, 13 sea slugs, 5 crickets, 15 shrimps, 15 insects, 6 spiders, 10 cows, 3 beetles, 15 wasps?
",518
"Your task is to count how many legs there are in total when given a list of animals.

Now, how many legs are there in total if you have 7 wasps, 12 flatworms, 9 beetles, 14 cockroachs, 9 starfishs, 10 crickets?
",285
"Your task is to count how many legs there are in total when given a list of animals.

Now, how many legs are there in total if you have 3 sheeps, 10 wasps, 11 lions, 11 sea slugs, 2 dogs, 2 ducks, 13 grasshoppers, 11 humans?
",228
"Your task is to count how many legs there are in total when given a list of animals.

Now, how many legs are there in total if you have 4 beetles, 7 starfishs, 8 ants, 14 snakes, 4 grasshoppers, 7 spiders, 12 sheeps, 11 scorpions?
",323
"Your task is to count how many legs there are in total when given a list of animals.

Now, how many legs are there in total if you have 3 birds, 9 ducks, 7 cats, 4 snakes?
",52
"Your task is to count how many legs there are in total when given a list of animals.

Now, how many legs are there in total if you have 15 shrimps, 12 fireflys, 3 wasps, 13 tigers, 12 sheeps, 15 lions, 14 spiders?
",512
"Your task is to count how many legs there are in total when given a list of animals.

Now, how many legs are there in total if you have 4 snakes, 1 shrimp, 4 tigers, 8 butterflys?
",74
"Your task is to count how many legs there are in total when given a list of animals.

Now, how many legs are there in total if you have 1 cat, 3 birds, 8 crabs, 9 snakes?
",90
"Your task is to count how many legs there are in total when given a list of animals.

Now, how many legs are there in total if you have 2 fireflys, 14 crabs, 15 scorpions, 8 jellyfishs, 6 cats, 14 spiders, 8 wasps, 4 horses, 4 lions, 1 flatworm?
",488
"Your task is to count how many legs there are in total when given a list of animals.

Now, how many legs are there in total if you have 1 wasp, 2 horses, 3 insects, 13 grasshoppers, 13 jellyfishs, 8 shrimps, 6 sheeps, 8 woodlouses, 15 dogs?
",386
"Your task is to count how many legs there are in total when given a list of animals.

Now, how many legs are there in total if you have 13 flatworms, 12 shrimps, 15 giraffes, 1 butterfly?
",186
"Your task is to count how many legs there are in total when given a list of animals.

Now, how many legs are there in total if you have 2 crickets, 13 dogs, 5 grasshoppers, 14 starfishs, 12 cows?
",212
"Your task is to count how many legs there are in total when given a list of animals.

Now, how many legs are there in total if you have 15 cows, 11 lions, 14 insects, 10 crabs, 11 leechs, 1 ant, 3 grasshoppers?
",312
"Your task is to count how many legs there are in total when given a list of animals.

Now, how many legs are there in total if you have 14 humans, 5 sea slugs, 5 dogs, 15 elephants, 14 birds, 4 leechs, 8 giraffes, 10 shrimps, 8 insects?
",316
"Your task is to count how many legs there are in total when given a list of animals.

Now, how many legs are there in total if you have 9 ducks, 6 elephants, 14 horses, 5 spiders, 2 crickets, 3 wasps, 3 tigers, 15 starfishs, 14 cats, 8 woodlouses?
",423
"Your task is to count how many legs there are in total when given a list of animals.

Now, how many legs are there in total if you have 4 birds, 8 cows, 7 ants, 11 woodlouses, 6 grasshoppers, 14 praying mantiss?
",356
"Your task is to count how many legs there are in total when given a list of animals.

Now, how many legs are there in total if you have 13 ants, 8 woodlouses, 14 shrimps, 1 butterfly, 13 scorpions, 4 crabs, 1 cat?
",484
"Your task is to count how many legs there are in total when given a list of animals.

Now, how many legs are there in total if you have 13 crabs, 9 beetles, 2 cows, 9 ducks, 11 fireflys, 11 chickens, 12 leechs?
",298
"Your task is to count how many legs there are in total when given a list of animals.

Now, how many legs are there in total if you have 14 beetles, 5 fireflys, 14 cockroachs, 13 ants, 13 butterflys, 2 leechs, 10 crickets, 4 cows, 9 praying mantiss, 6 sea slugs?
",484
"Your task is to count how many legs there are in total when given a list of animals.

Now, how many legs are there in total if you have 12 butterflys, 14 fireflys, 4 chickens, 7 shrimps?
",234
"Your task is to count how many legs there are in total when given a list of animals.

Now, how many legs are there in total if you have 8 snakes, 5 bees, 12 butterflys, 7 sea slugs, 7 scorpions?
",158
"Your task is to count how many legs there are in total when given a list of animals.

Now, how many legs are there in total if you have 1 scorpion, 2 spiders, 10 fireflys, 15 wasps, 1 leech, 6 flatworms, 13 cows, 11 ants?
",292
"Your task is to count how many legs there are in total when given a list of animals.

Now, how many legs are there in total if you have 15 giraffes, 13 grasshoppers, 1 shrimp, 15 wasps, 12 butterflys, 11 insects?
",376
"Your task is to count how many legs there are in total when given a list of animals.

Now, how many legs are there in total if you have 9 horses, 3 humans, 9 spiders, 9 cats, 10 chickens, 9 jellyfishs, 7 elephants, 3 flatworms, 10 sea slugs?
",198
"Your task is to count how many legs there are in total when given a list of animals.

Now, how many legs are there in total if you have 9 sheeps, 11 birds, 9 crabs, 5 leechs, 15 chickens, 8 giraffes, 3 scorpions, 10 butterflys?
",294
"Your task is to count how many legs there are in total when given a list of animals.

Now, how many legs are there in total if you have 1 sea slug, 11 spiders, 7 fireflys, 12 deers, 5 cows, 9 crabs, 13 ants, 15 horses?
",426
"Your task is to count how many legs there are in total when given a list of animals.

Now, how many legs are there in total if you have 8 ducks, 10 leechs, 3 butterflys, 9 bees, 13 woodlouses, 12 cockroachs, 15 humans, 15 flatworms?
",372
"Your task is to count how many legs there are in total when given a list of animals.

Now, how many legs are there in total if you have 3 cows, 7 flatworms, 13 cats, 15 leechs?
",64
"Your task is to count how many legs there are in total when given a list of animals.

Now, how many legs are there in total if you have 6 leechs, 9 giraffes, 5 tigers, 13 elephants, 10 cows?
",148
"Your task is to count how many legs there are in total when given a list of animals.

Now, how many legs are there in total if you have 11 cows, 14 cockroachs, 2 insects?
",140
"Your task is to count how many legs there are in total when given a list of animals.

Now, how many legs are there in total if you have 15 beetles, 1 bee, 10 tigers?
",136
"Your task is to count how many legs there are in total when given a list of animals.

Now, how many legs are there in total if you have 2 dogs, 13 praying mantiss, 4 lobsters, 10 jellyfishs, 12 crickets?
",198
"Your task is to count how many legs there are in total when given a list of animals.

Now, how many legs are there in total if you have 8 horses, 8 giraffes, 4 sea slugs, 9 butterflys, 5 birds, 13 fireflys, 10 starfishs, 14 leechs?
",256
"Your task is to count how many legs there are in total when given a list of animals.

Now, how many legs are there in total if you have 13 birds, 3 insects, 2 chickens, 8 spiders, 2 wasps, 2 leechs, 2 shrimps, 8 lions, 6 elephants?
",200
"Your task is to count how many legs there are in total when given a list of animals.

Now, how many legs are there in total if you have 2 jellyfishs, 12 leechs, 8 spiders, 1 sheep, 9 elephants?
",104
"Your task is to count how many legs there are in total when given a list of animals.

Now, how many legs are there in total if you have 2 sea slugs, 4 crabs, 2 crickets, 7 giraffes, 8 chickens, 5 butterflys?
",126
"Your task is to count how many legs there are in total when given a list of animals.

Now, how many legs are there in total if you have 3 tigers, 3 woodlouses, 14 wasps, 11 elephants?
",182
"Your task is to count how many legs there are in total when given a list of animals.

Now, how many legs are there in total if you have 13 cockroachs, 13 cats, 10 wasps, 14 chickens, 5 lobsters, 15 horses, 9 butterflys, 4 cows, 6 leechs, 6 lions?
",422
"Your task is to count how many legs there are in total when given a list of animals.

Now, how many legs are there in total if you have 2 crickets, 5 beetles, 6 wasps, 3 grasshoppers, 9 snakes, 6 starfishs, 5 jellyfishs, 7 leechs, 6 flatworms, 2 fireflys?
",138
"Your task is to count how many legs there are in total when given a list of animals.

Now, how many legs are there in total if you have 8 sea slugs, 6 lions, 5 scorpions, 3 wasps, 3 shrimps, 8 leechs, 12 fireflys, 13 ants, 8 flatworms, 12 cats?
",310
"Your task is to count how many legs there are in total when given a list of animals.

Now, how many legs are there in total if you have 12 butterflys, 7 lobsters, 12 ducks?
",166
"Your task is to count how many legs there are in total when given a list of animals.

Now, how many legs are there in total if you have 5 spiders, 2 starfishs, 13 crabs, 9 cats, 9 cows, 5 deers, 10 horses, 5 wasps, 15 tigers?
",402
"Your task is to count how many legs there are in total when given a list of animals.

Now, how many legs are there in total if you have 10 starfishs, 12 fireflys, 13 giraffes, 13 flatworms, 6 wasps, 9 grasshoppers, 13 woodlouses?
",446
"Your task is to count how many legs there are in total when given a list of animals.

Now, how many legs are there in total if you have 13 grasshoppers, 4 snakes, 13 ants?
",156
"Your task is to count how many legs there are in total when given a list of animals.

Now, how many legs are there in total if you have 4 deers, 15 praying mantiss, 5 insects?
",136
"Your task is to count how many legs there are in total when given a list of animals.

Now, how many legs are there in total if you have 12 chickens, 8 grasshoppers, 12 elephants, 9 humans, 11 scorpions?
",226
"Your task is to count how many legs there are in total when given a list of animals.

Now, how many legs are there in total if you have 6 chickens, 4 horses, 12 scorpions, 8 woodlouses, 2 giraffes, 10 jellyfishs, 15 lobsters, 7 starfishs, 6 cows, 5 deers?
",473
"Your task is to count how many legs there are in total when given a list of animals.

Now, how many legs are there in total if you have 14 lobsters, 10 tigers, 14 spiders, 15 snakes?
",292
"Your task is to count how many legs there are in total when given a list of animals.

Now, how many legs are there in total if you have 2 beetles, 12 shrimps, 15 cows, 7 chickens, 7 insects?
",248
"Your task is to count how many legs there are in total when given a list of animals.

Now, how many legs are there in total if you have 2 giraffes, 6 chickens, 14 cows, 3 spiders, 10 scorpions, 11 horses, 14 insects, 11 beetles, 10 woodlouses?
",514
"Your task is to count how many legs there are in total when given a list of animals.

Now, how many legs are there in total if you have 3 wasps, 6 ducks, 10 ants, 10 flatworms, 5 praying mantiss, 8 sea slugs, 5 cockroachs?
",150
"Your task is to count how many legs there are in total when given a list of animals.

Now, how many legs are there in total if you have 1 woodlouse, 5 deers, 4 shrimps, 2 humans, 2 tigers, 8 chickens, 10 jellyfishs?
",102
"Your task is to count how many legs there are in total when given a list of animals.

Now, how many legs are there in total if you have 11 praying mantiss, 1 cat, 15 lobsters, 15 crickets, 5 sea slugs?
",310
"Your task is to count how many legs there are in total when given a list of animals.

Now, how many legs are there in total if you have 1 leech, 6 bees, 6 cats, 10 beetles, 2 crabs, 13 ants, 6 fireflys, 3 woodlouses?
",296
"Your task is to count how many legs there are in total when given a list of animals.

Now, how many legs are there in total if you have 10 ducks, 15 giraffes, 4 beetles, 6 woodlouses, 3 elephants, 6 cows?
",224
"Your task is to count how many legs there are in total when given a list of animals.

Now, how many legs are there in total if you have 12 sheeps, 9 scorpions, 12 deers, 3 giraffes, 1 sea slug, 7 jellyfishs, 7 crickets, 4 cows?
",238
"Your task is to count how many legs there are in total when given a list of animals.

Now, how many legs are there in total if you have 8 ducks, 12 sheeps, 12 shrimps, 6 cats, 15 insects, 12 dogs, 4 crabs, 11 cows?
",430
"Your task is to count how many legs there are in total when given a list of animals.

Now, how many legs are there in total if you have 13 giraffes, 9 deers, 9 woodlouses, 5 horses, 8 ants, 3 cats, 5 birds, 7 crickets, 6 beetles, 9 shrimps?
",472
"Your task is to count how many legs there are in total when given a list of animals.

Now, how many legs are there in total if you have 6 starfishs, 6 woodlouses, 2 wasps, 12 birds?
",150
"Your task is to count how many legs there are in total when given a list of animals.

Now, how many legs are there in total if you have 10 lions, 4 starfishs, 9 tigers?
",96
"Your task is to count how many legs there are in total when given a list of animals.

Now, how many legs are there in total if you have 10 elephants, 6 birds, 14 fireflys, 10 butterflys?
",196
"Your task is to count how many legs there are in total when given a list of animals.

Now, how many legs are there in total if you have 5 tigers, 4 sea slugs, 8 lobsters, 15 dogs, 2 butterflys?
",172
"Your task is to count how many legs there are in total when given a list of animals.

Now, how many legs are there in total if you have 5 cockroachs, 2 butterflys, 10 dogs, 10 spiders, 9 cats, 9 humans, 13 lobsters, 2 chickens, 12 starfishs, 5 crickets?
",440
"Your task is to count how many legs there are in total when given a list of animals.

Now, how many legs are there in total if you have 5 bees, 12 jellyfishs, 13 praying mantiss, 10 starfishs, 10 flatworms?
",158
"Your task is to count how many legs there are in total when given a list of animals.

Now, how many legs are there in total if you have 9 snakes, 6 fireflys, 4 starfishs, 13 horses, 5 scorpions, 14 insects?
",232
"Your task is to count how many legs there are in total when given a list of animals.

Now, how many legs are there in total if you have 12 tigers, 7 shrimps, 12 insects, 4 starfishs, 15 praying mantiss, 9 lions, 9 leechs, 5 cows?
",356
"Your task is to count how many legs there are in total when given a list of animals.

Now, how many legs are there in total if you have 1 cat, 9 ducks, 15 shrimps, 13 scorpions, 8 starfishs, 8 humans, 15 praying mantiss, 13 cows?
",474
"Your task is to count how many legs there are in total when given a list of animals.

Now, how many legs are there in total if you have 2 wasps, 1 tiger, 14 butterflys, 3 ducks, 11 giraffes, 6 cockroachs, 2 humans, 7 shrimps?
",260
"Your task is to count how many legs there are in total when given a list of animals.

Now, how many legs are there in total if you have 8 tigers, 5 giraffes, 2 lobsters, 14 praying mantiss?
",156
"Your task is to count how many legs there are in total when given a list of animals.

Now, how many legs are there in total if you have 2 flatworms, 15 cats, 6 sea slugs, 3 ducks, 2 horses, 13 sheeps, 5 ants, 3 scorpions, 6 elephants, 6 starfishs?
",234
"Your task is to count how many legs there are in total when given a list of animals.

Now, how many legs are there in total if you have 10 tigers, 3 crabs, 10 ants?
",130
"Your task is to count how many legs there are in total when given a list of animals.

Now, how many legs are there in total if you have 7 butterflys, 6 cats, 7 beetles?
",108
"Your task is to count how many legs there are in total when given a list of animals.

Now, how many legs are there in total if you have 8 ducks, 5 sea slugs, 12 cows, 7 crickets, 6 butterflys, 10 ants?
",202
"Your task is to count how many legs there are in total when given a list of animals.

Now, how many legs are there in total if you have 11 fireflys, 14 crabs, 10 starfishs, 3 beetles, 3 humans, 1 cockroach, 1 tiger, 6 elephants, 13 insects?
",392
"Your task is to count how many legs there are in total when given a list of animals.

Now, how many legs are there in total if you have 13 grasshoppers, 1 snake, 6 starfishs, 15 beetles?
",198
"Your task is to count how many legs there are in total when given a list of animals.

Now, how many legs are there in total if you have 6 lions, 15 fireflys, 7 leechs, 5 praying mantiss?
",144
"Your task is to count how many legs there are in total when given a list of animals.

Now, how many legs are there in total if you have 6 fireflys, 14 birds, 4 ducks, 1 scorpion, 9 shrimps?
",170
"Your task is to count how many legs there are in total when given a list of animals.

Now, how many legs are there in total if you have 7 humans, 5 horses, 1 chicken, 3 crickets, 11 crabs, 12 ants, 15 starfishs, 15 scorpions?
",431
"Your task is to count how many legs there are in total when given a list of animals.

Now, how many legs are there in total if you have 11 grasshoppers, 5 tigers, 6 sea slugs, 13 crabs, 4 elephants, 5 snakes, 3 wasps, 4 humans, 3 leechs, 7 lions?
",286
"Your task is to count how many legs there are in total when given a list of animals.

Now, how many legs are there in total if you have 4 sea slugs, 13 butterflys, 6 cats, 7 tigers?
",130
"Your task is to count how many legs there are in total when given a list of animals.

Now, how many legs are there in total if you have 14 scorpions, 3 crabs, 12 spiders, 6 woodlouses, 4 snakes, 6 starfishs, 2 leechs, 10 giraffes?
",392
"Your task is to count how many legs there are in total when given a list of animals.

Now, how many legs are there in total if you have 5 bees, 10 cockroachs, 4 sea slugs, 1 shrimp, 3 praying mantiss, 2 woodlouses, 11 leechs, 13 cows?
",198
"Your task is to count how many legs there are in total when given a list of animals.

Now, how many legs are there in total if you have 11 elephants, 3 dogs, 9 crickets, 14 flatworms, 3 fireflys, 3 scorpions, 10 insects, 3 sea slugs, 13 sheeps?
",264
"Your task is to count how many legs there are in total when given a list of animals.

Now, how many legs are there in total if you have 13 praying mantiss, 10 flatworms, 5 leechs, 4 wasps, 6 shrimps, 12 starfishs, 6 crickets, 5 chickens?
",268
"Your task is to count how many legs there are in total when given a list of animals.

Now, how many legs are there in total if you have 2 sea slugs, 1 flatworm, 12 woodlouses, 10 lobsters, 3 horses, 8 deers, 10 ducks, 11 chickens, 1 spider, 12 jellyfishs?
",362
"Your task is to count how many legs there are in total when given a list of animals.

Now, how many legs are there in total if you have 5 scorpions, 6 ants, 5 sheeps, 2 crickets, 8 deers, 15 lions, 12 wasps?
",272
"Your task is to count how many legs there are in total when given a list of animals.

Now, how many legs are there in total if you have 15 starfishs, 10 praying mantiss, 3 fireflys, 2 tigers, 7 dogs, 10 butterflys, 11 giraffes, 8 crickets, 5 lions?
",361
"Your task is to count how many legs there are in total when given a list of animals.

Now, how many legs are there in total if you have 7 praying mantiss, 8 deers, 4 grasshoppers, 7 leechs, 15 beetles, 3 snakes, 13 sea slugs, 3 elephants, 4 ants, 13 humans?
",250
"Your task is to count how many legs there are in total when given a list of animals.

Now, how many legs are there in total if you have 15 fireflys, 11 crickets, 13 lobsters?
",286
"Your task is to count how many legs there are in total when given a list of animals.

Now, how many legs are there in total if you have 8 deers, 12 horses, 3 lobsters, 11 snakes, 3 cats, 7 humans, 12 starfishs, 15 birds, 2 beetles?
",238
"Your task is to count how many legs there are in total when given a list of animals.

Now, how many legs are there in total if you have 6 flatworms, 6 butterflys, 2 bees, 12 beetles, 14 scorpions, 5 dogs, 1 cockroach, 5 spiders, 6 snakes, 9 humans?
",316
"Your task is to count how many legs there are in total when given a list of animals.

Now, how many legs are there in total if you have 9 sheeps, 4 flatworms, 10 cats?
",76
"Your task is to count how many legs there are in total when given a list of animals.

Now, how many legs are there in total if you have 11 woodlouses, 7 bees, 7 ants, 6 fireflys, 7 cows, 3 insects, 10 crabs, 4 grasshoppers?
",444
"Your task is to count how many legs there are in total when given a list of animals.

Now, how many legs are there in total if you have 3 flatworms, 5 scorpions, 11 leechs?
",40
"Your task is to count how many legs there are in total when given a list of animals.

Now, how many legs are there in total if you have 14 sea slugs, 8 chickens, 5 giraffes, 3 starfishs, 8 elephants, 2 cows?
",91
"Your task is to count how many legs there are in total when given a list of animals.

Now, how many legs are there in total if you have 3 horses, 9 butterflys, 12 sea slugs, 11 cats?
",110
"Your task is to count how many legs there are in total when given a list of animals.

Now, how many legs are there in total if you have 10 scorpions, 14 crabs, 9 giraffes, 8 lobsters, 3 wasps, 8 jellyfishs, 9 butterflys, 14 starfishs, 14 shrimps, 2 insects?
",630
"Your task is to count how many legs there are in total when given a list of animals.

Now, how many legs are there in total if you have 4 cockroachs, 13 humans, 7 crabs, 7 crickets, 14 scorpions, 10 cows, 10 snakes, 4 beetles, 12 insects, 9 bees?
",464
"Your task is to count how many legs there are in total when given a list of animals.

Now, how many legs are there in total if you have 11 butterflys, 5 ants, 3 grasshoppers, 4 cows, 7 ducks, 5 shrimps, 8 scorpions, 4 beetles, 4 tigers, 6 crabs?
",358
"Your task is to count how many legs there are in total when given a list of animals.

Now, how many legs are there in total if you have 5 tigers, 6 butterflys, 6 horses, 7 sheeps, 9 birds, 5 sea slugs, 1 spider, 10 cats, 3 wasps, 10 insects?
",252
"Your task is to count how many legs there are in total when given a list of animals.

Now, how many legs are there in total if you have 1 giraffe, 7 humans, 9 dogs, 4 fireflys?
",78
"Your task is to count how many legs there are in total when given a list of animals.

Now, how many legs are there in total if you have 4 chickens, 1 scorpion, 5 birds, 13 crabs, 14 fireflys, 2 beetles, 15 woodlouses, 4 tigers, 7 butterflys, 2 flatworms?
",520
"Your task is to count how many legs there are in total when given a list of animals.

Now, how many legs are there in total if you have 11 woodlouses, 12 tigers, 11 ants, 1 cricket, 13 crabs, 4 flatworms, 13 sea slugs?
",404
"Your task is to count how many legs there are in total when given a list of animals.

Now, how many legs are there in total if you have 3 leechs, 13 insects, 10 beetles, 6 ants?
",174
"Your task is to count how many legs there are in total when given a list of animals.

Now, how many legs are there in total if you have 1 sheep, 6 snakes, 5 scorpions, 8 elephants, 10 starfishs, 2 tigers, 4 leechs, 8 lions, 4 humans?
",174
"Your task is to count how many legs there are in total when given a list of animals.

Now, how many legs are there in total if you have 14 flatworms, 8 chickens, 6 deers, 15 sea slugs, 10 crabs, 9 shrimps, 6 bees, 13 insects, 6 horses, 8 woodlouses?
",480
"Your task is to count how many legs there are in total when given a list of animals.

Now, how many legs are there in total if you have 6 sea slugs, 2 lobsters, 14 beetles, 9 deers, 15 snakes, 15 sheeps?
",200
"Your task is to count how many legs there are in total when given a list of animals.

Now, how many legs are there in total if you have 1 sheep, 9 bees, 11 crabs, 12 tigers, 5 chickens, 6 butterflys, 6 sea slugs, 2 cockroachs, 2 lobsters, 3 flatworms?
",294
"Your task is to count how many legs there are in total when given a list of animals.

Now, how many legs are there in total if you have 14 horses, 10 sea slugs, 8 grasshoppers, 12 tigers?
",152
"Your task is to count how many legs there are in total when given a list of animals.

Now, how many legs are there in total if you have 13 ducks, 7 woodlouses, 11 cats, 3 cockroachs, 7 chickens, 6 leechs?
",200
"Your task is to count how many legs there are in total when given a list of animals.

Now, how many legs are there in total if you have 7 grasshoppers, 10 lobsters, 10 wasps, 1 dog, 1 sea slug, 9 horses, 1 crab, 11 shrimps, 2 giraffes?
",370
"Your task is to count how many legs there are in total when given a list of animals.

Now, how many legs are there in total if you have 13 tigers, 6 praying mantiss, 15 wasps, 12 fireflys, 12 scorpions, 11 flatworms, 9 crickets?
",400
"Your task is to count how many legs there are in total when given a list of animals.

Now, how many legs are there in total if you have 6 lions, 2 scorpions, 10 lobsters, 12 jellyfishs, 15 sea slugs, 11 chickens, 12 fireflys?
",234
"Your task is to count how many legs there are in total when given a list of animals.

Now, how many legs are there in total if you have 8 chickens, 14 beetles, 7 ducks, 12 wasps, 9 dogs, 10 lobsters, 4 ants?
",346
"Your task is to count how many legs there are in total when given a list of animals.

Now, how many legs are there in total if you have 2 humans, 1 cat, 5 beetles, 12 cows, 13 dogs, 12 fireflys, 11 insects, 8 horses?
",308
"Your task is to count how many legs there are in total when given a list of animals.

Now, how many legs are there in total if you have 11 crickets, 9 humans, 12 giraffes, 6 snakes, 10 lions, 7 butterflys, 13 leechs?
",214
"Your task is to count how many legs there are in total when given a list of animals.

Now, how many legs are there in total if you have 15 flatworms, 12 giraffes, 6 tigers?
",72
"Your task is to count how many legs there are in total when given a list of animals.

Now, how many legs are there in total if you have 1 woodlouse, 14 shrimps, 13 sheeps, 10 flatworms, 8 elephants, 15 deers, 12 cats, 13 sea slugs?
",346
"Your task is to count how many legs there are in total when given a list of animals.

Now, how many legs are there in total if you have 6 shrimps, 6 butterflys, 13 flatworms, 6 deers, 14 insects, 15 leechs, 5 snakes?
",204
"Your task is to count how many legs there are in total when given a list of animals.

Now, how many legs are there in total if you have 4 horses, 5 tigers, 5 bees, 5 humans?
",76
"Your task is to count how many legs there are in total when given a list of animals.

Now, how many legs are there in total if you have 11 elephants, 6 starfishs, 2 beetles, 15 leechs, 5 butterflys, 8 sea slugs, 12 birds?
",140
"Your task is to count how many legs there are in total when given a list of animals.

Now, how many legs are there in total if you have 7 flatworms, 7 dogs, 14 humans, 11 ducks, 14 tigers, 1 cat, 13 starfishs?
",203
"Your task is to count how many legs there are in total when given a list of animals.

Now, how many legs are there in total if you have 10 deers, 12 elephants, 5 ants, 12 bees, 4 tigers, 15 horses, 12 spiders, 14 chickens?
",390
"Your task is to count how many legs there are in total when given a list of animals.

Now, how many legs are there in total if you have 14 sea slugs, 12 cats, 3 horses?
",60
"Your task is to count how many legs there are in total when given a list of animals.

Now, how many legs are there in total if you have 10 snakes, 13 crabs, 13 tigers, 9 starfishs, 5 grasshoppers, 10 cockroachs, 14 insects, 1 sheep, 9 lobsters, 8 shrimps?
",575
"Your task is to count how many legs there are in total when given a list of animals.

Now, how many legs are there in total if you have 3 ants, 7 bees, 3 leechs, 2 shrimps, 12 deers?
",128
"Your task is to count how many legs there are in total when given a list of animals.

Now, how many legs are there in total if you have 4 leechs, 15 sea slugs, 15 spiders, 12 deers, 13 cockroachs, 2 horses?
",254
"Your task is to count how many legs there are in total when given a list of animals.

Now, how many legs are there in total if you have 15 leechs, 2 giraffes, 14 bees, 5 dogs, 1 beetle, 9 horses, 14 lions, 7 ants, 5 jellyfishs?
",252
"Your task is to count how many legs there are in total when given a list of animals.

Now, how many legs are there in total if you have 11 dogs, 10 crabs, 9 lobsters, 12 fireflys, 6 jellyfishs, 10 flatworms, 10 chickens?
",326
"Your task is to count how many legs there are in total when given a list of animals.

Now, how many legs are there in total if you have 13 scorpions, 13 butterflys, 6 wasps, 13 praying mantiss, 4 tigers, 8 lions, 10 spiders, 10 chickens?
",444
"Your task is to count how many legs there are in total when given a list of animals.

Now, how many legs are there in total if you have 8 scorpions, 12 cockroachs, 10 woodlouses, 9 snakes?
",276
"Your task is to count how many legs there are in total when given a list of animals.

Now, how many legs are there in total if you have 5 cockroachs, 6 crabs, 3 bees, 15 wasps, 8 shrimps, 4 tigers, 8 crickets?
",342
"Your task is to count how many legs there are in total when given a list of animals.

Now, how many legs are there in total if you have 10 lions, 6 beetles, 1 praying mantis, 13 crabs, 11 snakes?
",212
"Your task is to count how many legs there are in total when given a list of animals.

Now, how many legs are there in total if you have 7 cats, 8 scorpions, 5 horses, 9 woodlouses, 4 shrimps?
",278
"Your task is to count how many legs there are in total when given a list of animals.

Now, how many legs are there in total if you have 3 ducks, 2 lions, 4 butterflys?
",38
"Your task is to count how many legs there are in total when given a list of animals.

Now, how many legs are there in total if you have 11 spiders, 5 leechs, 15 flatworms, 8 starfishs?
",128
"Your task is to count how many legs there are in total when given a list of animals.

Now, how many legs are there in total if you have 10 horses, 9 wasps, 4 snakes?
",94
"Your task is to count how many legs there are in total when given a list of animals.

Now, how many legs are there in total if you have 3 fireflys, 6 flatworms, 9 horses, 4 leechs, 1 shrimp, 10 crabs, 13 cockroachs, 7 spiders?
",298
"Your task is to count how many legs there are in total when given a list of animals.

Now, how many legs are there in total if you have 7 cats, 8 lions, 14 leechs, 15 grasshoppers, 9 humans, 4 tigers, 3 jellyfishs, 4 beetles, 5 sea slugs?
",208
"Your task is to count how many legs there are in total when given a list of animals.

Now, how many legs are there in total if you have 2 wasps, 15 elephants, 6 grasshoppers, 5 tigers, 9 humans, 15 bees, 12 crabs?
",356
"Your task is to count how many legs there are in total when given a list of animals.

Now, how many legs are there in total if you have 13 dogs, 7 fireflys, 14 bees, 12 ducks, 11 sea slugs, 14 woodlouses, 3 horses, 6 tigers, 3 crickets?
",452
"Your task is to count how many legs there are in total when given a list of animals.

Now, how many legs are there in total if you have 14 bees, 5 praying mantiss, 10 fireflys, 15 birds, 14 giraffes, 7 cats, 3 sea slugs, 1 human, 11 tigers, 3 chickens?
",340
"Your task is to count how many legs there are in total when given a list of animals.

Now, how many legs are there in total if you have 10 horses, 12 sheeps, 10 cows, 5 ducks, 6 flatworms, 2 wasps, 6 lobsters, 15 snakes, 14 spiders?
",322
"Your task is to count how many legs there are in total when given a list of animals.

Now, how many legs are there in total if you have 5 bees, 1 horse, 5 elephants, 15 snakes, 9 butterflys, 1 giraffe, 5 crickets, 13 wasps, 10 woodlouses?
",360
"Your task is to count how many legs there are in total when given a list of animals.

Now, how many legs are there in total if you have 15 birds, 9 grasshoppers, 15 ducks, 10 cats, 15 elephants, 10 humans?
",234
"Your task is to count how many legs there are in total when given a list of animals.

Now, how many legs are there in total if you have 1 flatworm, 7 spiders, 13 crabs, 12 chickens?
",210
"Your task is to count how many legs there are in total when given a list of animals.

Now, how many legs are there in total if you have 15 fireflys, 9 snakes, 13 starfishs, 6 insects, 2 praying mantiss, 11 cockroachs, 3 spiders, 11 lions, 10 woodlouses, 12 scorpions?
",573
"Your task is to count how many legs there are in total when given a list of animals.

Now, how many legs are there in total if you have 3 humans, 10 sea slugs, 3 crabs, 13 chickens, 3 dogs?
",74
"Your task is to count how many legs there are in total when given a list of animals.

Now, how many legs are there in total if you have 11 humans, 4 cockroachs, 6 snakes, 6 starfishs, 14 jellyfishs, 12 horses, 14 dogs, 3 elephants?
",192
"Your task is to count how many legs there are in total when given a list of animals.

Now, how many legs are there in total if you have 11 praying mantiss, 9 jellyfishs, 3 flatworms?
",66
"Your task is to count how many legs there are in total when given a list of animals.

Now, how many legs are there in total if you have 15 flatworms, 5 scorpions, 14 ducks, 5 grasshoppers, 11 dogs, 14 cockroachs, 10 jellyfishs, 2 lobsters, 7 chickens?
",260
"Your task is to count how many legs there are in total when given a list of animals.

Now, how many legs are there in total if you have 11 starfishs, 13 lobsters, 7 leechs, 3 elephants, 14 sheeps, 11 butterflys, 8 bees, 6 lions, 15 tigers, 14 horses?
",507
"Your task is to count how many legs there are in total when given a list of animals.

Now, how many legs are there in total if you have 3 cows, 8 ducks, 11 scorpions, 10 flatworms, 8 horses, 15 chickens, 2 beetles, 15 shrimps, 6 cats, 15 tigers?
",424
"Your task is to count how many legs there are in total when given a list of animals.

Now, how many legs are there in total if you have 5 lions, 10 woodlouses, 8 flatworms, 15 crickets, 3 tigers, 3 dogs, 5 ants, 9 cats?
",340
"Your task is to count how many legs there are in total when given a list of animals.

Now, how many legs are there in total if you have 14 sea slugs, 2 lobsters, 6 deers, 7 butterflys, 1 ant, 5 cockroachs, 8 jellyfishs, 12 cows, 11 leechs?
",170
"Your task is to count how many legs there are in total when given a list of animals.

Now, how many legs are there in total if you have 13 flatworms, 8 leechs, 8 elephants, 1 cricket, 15 lobsters, 12 shrimps?
",308
"Your task is to count how many legs there are in total when given a list of animals.

Now, how many legs are there in total if you have 7 birds, 2 cows, 4 praying mantiss?
",46
"Your task is to count how many legs there are in total when given a list of animals.

Now, how many legs are there in total if you have 4 elephants, 10 lions, 3 humans, 9 jellyfishs, 5 lobsters?
",112
"Your task is to count how many legs there are in total when given a list of animals.

Now, how many legs are there in total if you have 7 lobsters, 11 cows, 15 leechs, 4 sheeps, 1 horse, 6 tigers, 6 crabs, 15 butterflys, 6 ants?
",344
"Your task is to count how many legs there are in total when given a list of animals.

Now, how many legs are there in total if you have 11 sea slugs, 3 scorpions, 15 butterflys, 13 elephants, 6 flatworms, 2 birds, 7 sheeps, 2 starfishs, 8 snakes?
",208
"Your task is to count how many legs there are in total when given a list of animals.

Now, how many legs are there in total if you have 5 praying mantiss, 6 ants, 1 cockroach, 2 ducks, 5 deers, 13 butterflys, 1 jellyfish?
",174
"Your task is to count how many legs there are in total when given a list of animals.

Now, how many legs are there in total if you have 12 wasps, 1 cricket, 14 dogs, 11 lions, 2 beetles?
",190
"Your task is to count how many legs there are in total when given a list of animals.

Now, how many legs are there in total if you have 5 wasps, 9 shrimps, 2 starfishs, 13 sheeps, 10 lions, 10 crickets, 13 scorpions, 5 humans, 1 woodlouse, 6 butterflys?
",446
"Your task is to count how many legs there are in total when given a list of animals.

Now, how many legs are there in total if you have 11 lions, 14 dogs, 6 chickens, 4 butterflys, 7 sheeps, 12 jellyfishs, 5 beetles?
",194
"Your task is to count how many legs there are in total when given a list of animals.

Now, how many legs are there in total if you have 13 praying mantiss, 4 spiders, 4 sea slugs, 9 woodlouses?
",236
"Your task is to count how many legs there are in total when given a list of animals.

Now, how many legs are there in total if you have 6 birds, 12 sea slugs, 5 snakes, 1 flatworm, 8 chickens, 8 elephants, 2 lobsters?
",80
"Your task is to count how many legs there are in total when given a list of animals.

Now, how many legs are there in total if you have 4 ants, 4 grasshoppers, 14 deers, 7 cockroachs, 8 bees?
",194
"Your task is to count how many legs there are in total when given a list of animals.

Now, how many legs are there in total if you have 4 shrimps, 6 dogs, 10 insects, 1 cricket?
",130
"Your task is to count how many legs there are in total when given a list of animals.

Now, how many legs are there in total if you have 4 flatworms, 1 cockroach, 5 lobsters, 8 beetles, 1 sea slug, 11 starfishs, 6 giraffes, 12 ducks, 9 jellyfishs?
",207
"Your task is to count how many legs there are in total when given a list of animals.

Now, how many legs are there in total if you have 3 grasshoppers, 11 scorpions, 1 praying mantis?
",112
"Your task is to count how many legs there are in total when given a list of animals.

Now, how many legs are there in total if you have 12 insects, 9 cows, 3 scorpions, 6 wasps, 13 birds, 15 leechs?
",194
"Your task is to count how many legs there are in total when given a list of animals.

Now, how many legs are there in total if you have 12 humans, 8 praying mantiss, 11 flatworms, 13 woodlouses, 1 lion, 9 wasps, 4 spiders, 5 birds, 12 sheeps, 3 starfishs?
",417
"Your task is to count how many legs there are in total when given a list of animals.

Now, how many legs are there in total if you have 10 humans, 3 lobsters, 8 starfishs, 10 ants, 6 wasps, 6 praying mantiss?
",222
"Your task is to count how many legs there are in total when given a list of animals.

Now, how many legs are there in total if you have 13 crabs, 3 lobsters, 10 sea slugs, 5 flatworms, 3 jellyfishs?
",160
"Your task is to count how many legs there are in total when given a list of animals.

Now, how many legs are there in total if you have 5 bees, 10 insects, 15 cows, 11 wasps?
",216
"Your task is to count how many legs there are in total when given a list of animals.

Now, how many legs are there in total if you have 7 wasps, 8 woodlouses, 15 humans, 6 flatworms, 8 tigers, 8 crabs, 12 grasshoppers, 15 beetles, 3 elephants?
",470
"Your task is to count how many legs there are in total when given a list of animals.

Now, how many legs are there in total if you have 3 deers, 1 horse, 9 shrimps?
",106
"Your task is to count how many legs there are in total when given a list of animals.

Now, how many legs are there in total if you have 13 fireflys, 10 humans, 11 grasshoppers, 8 starfishs, 14 flatworms?
",204
"Your task is to count how many legs there are in total when given a list of animals.

Now, how many legs are there in total if you have 12 grasshoppers, 3 elephants, 14 shrimps, 15 insects?
",314
"Your task is to count how many legs there are in total when given a list of animals.

Now, how many legs are there in total if you have 7 deers, 5 praying mantiss, 9 dogs, 3 horses, 11 fireflys, 2 woodlouses?
",200
"Your task is to count how many legs there are in total when given a list of animals.

Now, how many legs are there in total if you have 2 cows, 13 flatworms, 11 shrimps, 15 scorpions, 9 crabs, 14 sheeps?
",384
"Your task is to count how many legs there are in total when given a list of animals.

Now, how many legs are there in total if you have 3 woodlouses, 15 dogs, 4 shrimps, 2 deers, 9 spiders?
",222
"Your task is to count how many legs there are in total when given a list of animals.

Now, how many legs are there in total if you have 6 fireflys, 2 insects, 13 starfishs?
",113
"Your task is to count how many legs there are in total when given a list of animals.

Now, how many legs are there in total if you have 15 birds, 1 leech, 15 spiders, 11 humans, 9 giraffes?
",208
"Your task is to count how many legs there are in total when given a list of animals.

Now, how many legs are there in total if you have 11 cockroachs, 3 lions, 10 crabs, 13 horses, 11 tigers, 15 starfishs, 9 birds?
",367
"Your task is to count how many legs there are in total when given a list of animals.

Now, how many legs are there in total if you have 5 beetles, 7 starfishs, 12 giraffes, 1 grasshopper, 4 crickets, 10 bees, 6 shrimps?
",263
"Your task is to count how many legs there are in total when given a list of animals.

Now, how many legs are there in total if you have 10 lions, 12 bees, 12 horses, 11 shrimps, 4 elephants, 8 giraffes?
",318
"Your task is to count how many legs there are in total when given a list of animals.

Now, how many legs are there in total if you have 9 beetles, 15 spiders, 11 dogs, 3 butterflys, 11 lobsters, 15 lions, 5 scorpions, 8 giraffes, 4 birds, 2 flatworms?
",486
"Your task is to count how many legs there are in total when given a list of animals.

Now, how many legs are there in total if you have 4 spiders, 10 birds, 15 humans, 7 giraffes, 10 chickens, 11 sheeps, 15 lions, 5 butterflys, 4 bees?
",288
"Your task is to count how many legs there are in total when given a list of animals.

Now, how many legs are there in total if you have 5 crabs, 8 grasshoppers, 14 bees, 6 jellyfishs, 12 deers, 3 insects?
",248
"Your task is to count how many legs there are in total when given a list of animals.

Now, how many legs are there in total if you have 8 starfishs, 14 jellyfishs, 4 deers, 3 lions, 1 scorpion, 7 crabs, 15 horses, 9 snakes?
",206
"Your task is to count how many legs there are in total when given a list of animals.

Now, how many legs are there in total if you have 7 butterflys, 3 lions, 5 dogs?
",74
"Your task is to count how many legs there are in total when given a list of animals.

Now, how many legs are there in total if you have 1 jellyfish, 5 birds, 8 tigers, 15 ducks, 6 leechs, 4 cats?
",88
"Your task is to count how many legs there are in total when given a list of animals.

Now, how many legs are there in total if you have 5 crabs, 3 elephants, 6 praying mantiss?
",98
"Your task is to count how many legs there are in total when given a list of animals.

Now, how many legs are there in total if you have 6 dogs, 9 praying mantiss, 11 spiders, 10 sea slugs, 7 sheeps, 2 shrimps?
",214
"Your task is to count how many legs there are in total when given a list of animals.

Now, how many legs are there in total if you have 8 praying mantiss, 14 woodlouses, 2 leechs, 4 lions, 2 crabs, 14 beetles, 2 humans, 11 jellyfishs?
",368
"Your task is to count how many legs there are in total when given a list of animals.

Now, how many legs are there in total if you have 15 spiders, 6 ants, 10 wasps, 8 woodlouses, 10 praying mantiss, 13 bees, 4 fireflys?
",490
"Your task is to count how many legs there are in total when given a list of animals.

Now, how many legs are there in total if you have 15 wasps, 12 jellyfishs, 11 starfishs, 12 ducks, 8 leechs, 4 spiders, 3 chickens, 3 birds, 7 horses?
",241
"Your task is to count how many legs there are in total when given a list of animals.

Now, how many legs are there in total if you have 8 deers, 11 crickets, 7 shrimps, 9 woodlouses, 5 crabs?
",344
"Your task is to count how many legs there are in total when given a list of animals.

Now, how many legs are there in total if you have 1 cow, 7 grasshoppers, 5 flatworms, 4 snakes, 4 starfishs, 12 woodlouses, 5 spiders, 15 elephants, 9 ducks, 2 ants?
",364
"Your task is to count how many legs there are in total when given a list of animals.

Now, how many legs are there in total if you have 7 sea slugs, 14 fireflys, 2 elephants, 12 shrimps, 11 ducks?
",234
"Your task is to count how many legs there are in total when given a list of animals.

Now, how many legs are there in total if you have 6 crickets, 1 beetle, 13 woodlouses, 5 chickens?
",234
"Your task is to count how many legs there are in total when given a list of animals.

Now, how many legs are there in total if you have 5 shrimps, 11 ducks, 1 woodlouse, 7 snakes, 5 jellyfishs, 3 chickens, 15 butterflys?
",182
"Your task is to count how many legs there are in total when given a list of animals.

Now, how many legs are there in total if you have 12 tigers, 13 giraffes, 3 horses, 12 spiders, 15 ducks, 8 cats, 4 flatworms, 7 insects?
",312
"Your task is to count how many legs there are in total when given a list of animals.

Now, how many legs are there in total if you have 5 chickens, 3 butterflys, 15 bees, 1 praying mantis, 12 ducks, 10 horses?
",188
"Your task is to count how many legs there are in total when given a list of animals.

Now, how many legs are there in total if you have 4 giraffes, 12 lions, 9 spiders, 9 beetles, 8 horses, 2 humans?
",226
"Your task is to count how many legs there are in total when given a list of animals.

Now, how many legs are there in total if you have 11 starfishs, 9 spiders, 5 wasps, 9 woodlouses, 4 birds, 5 ducks?
",301
"Your task is to count how many legs there are in total when given a list of animals.

Now, how many legs are there in total if you have 13 sheeps, 2 insects, 12 deers, 5 butterflys, 8 cockroachs, 3 humans, 15 wasps, 1 beetle, 13 cats, 7 dogs?
",372
"Your task is to count how many legs there are in total when given a list of animals.

Now, how many legs are there in total if you have 2 bees, 15 starfishs, 5 crabs, 13 cats?
",189
"Your task is to count how many legs there are in total when given a list of animals.

Now, how many legs are there in total if you have 15 cockroachs, 4 crabs, 12 humans?
",154
"Your task is to count how many legs there are in total when given a list of animals.

Now, how many legs are there in total if you have 1 cricket, 8 cats, 6 woodlouses, 8 shrimps, 4 lions, 11 ants, 8 praying mantiss, 3 beetles?
",350
"Your task is to count how many legs there are in total when given a list of animals.

Now, how many legs are there in total if you have 13 chickens, 1 starfish, 6 lions, 11 insects, 1 ant?
",127
"Your task is to count how many legs there are in total when given a list of animals.

Now, how many legs are there in total if you have 11 bees, 6 crabs, 3 horses, 6 jellyfishs, 2 wasps, 10 tigers?
",190
"Your task is to count how many legs there are in total when given a list of animals.

Now, how many legs are there in total if you have 12 lions, 7 starfishs, 7 cockroachs, 7 flatworms, 7 humans, 14 beetles, 10 ducks, 12 grasshoppers, 5 praying mantiss?
",345
"Your task is to count how many legs there are in total when given a list of animals.

Now, how many legs are there in total if you have 13 shrimps, 15 grasshoppers, 10 ducks, 11 crabs, 10 woodlouses, 9 lions, 14 ants, 7 starfishs?
",645
"Your task is to count how many legs there are in total when given a list of animals.

Now, how many legs are there in total if you have 2 birds, 12 flatworms, 9 bees, 15 cockroachs, 11 butterflys, 5 ducks, 4 fireflys, 10 praying mantiss, 2 scorpions?
",324
"Your task is to count how many legs there are in total when given a list of animals.

Now, how many legs are there in total if you have 14 butterflys, 15 cats, 3 grasshoppers, 11 praying mantiss?
",228
"Your task is to count how many legs there are in total when given a list of animals.

Now, how many legs are there in total if you have 5 giraffes, 13 sea slugs, 11 birds, 9 woodlouses, 2 jellyfishs, 5 praying mantiss, 8 crickets, 4 tigers?
",262
"Your task is to count how many legs there are in total when given a list of animals.

Now, how many legs are there in total if you have 4 ducks, 12 dogs, 4 snakes?
",56
"Your task is to count how many legs there are in total when given a list of animals.

Now, how many legs are there in total if you have 8 flatworms, 8 spiders, 9 humans, 14 insects, 7 starfishs, 1 horse, 7 cows?
",233
"Your task is to count how many legs there are in total when given a list of animals.

Now, how many legs are there in total if you have 7 insects, 12 praying mantiss, 3 grasshoppers?
",132
"Your task is to count how many legs there are in total when given a list of animals.

Now, how many legs are there in total if you have 3 praying mantiss, 3 starfishs, 1 giraffe, 11 horses?
",81
"Your task is to count how many legs there are in total when given a list of animals.

Now, how many legs are there in total if you have 2 humans, 11 birds, 14 crabs, 9 grasshoppers, 2 lobsters, 8 leechs, 6 dogs, 15 chickens, 9 wasps, 15 cats?
",408
"Your task is to count how many legs there are in total when given a list of animals.

Now, how many legs are there in total if you have 10 bees, 6 lions, 14 chickens, 9 crabs, 12 jellyfishs, 5 cows, 13 giraffes, 15 sea slugs, 10 deers, 14 beetles?
",398
"Your task is to count how many legs there are in total when given a list of animals.

Now, how many legs are there in total if you have 6 jellyfishs, 1 bee, 1 lobster?
",16
"Your task is to count how many legs there are in total when given a list of animals.

Now, how many legs are there in total if you have 2 cows, 10 humans, 5 butterflys, 7 horses, 15 ants?
",176
"Your task is to count how many legs there are in total when given a list of animals.

Now, how many legs are there in total if you have 10 jellyfishs, 14 cockroachs, 5 ants, 8 tigers, 4 dogs?
",162
"Your task is to count how many legs there are in total when given a list of animals.

Now, how many legs are there in total if you have 14 sheeps, 5 humans, 2 elephants, 15 butterflys, 12 ants?
",236
"Your task is to count how many legs there are in total when given a list of animals.

Now, how many legs are there in total if you have 5 bees, 4 sea slugs, 10 leechs, 8 cats, 13 cows, 2 lions?
",122
"Your task is to count how many legs there are in total when given a list of animals.

Now, how many legs are there in total if you have 11 spiders, 15 flatworms, 12 cockroachs?
",160
"Your task is to count how many legs there are in total when given a list of animals.

Now, how many legs are there in total if you have 13 woodlouses, 7 starfishs, 9 deers, 15 birds, 2 crabs?
",303
"Your task is to count how many legs there are in total when given a list of animals.

Now, how many legs are there in total if you have 2 woodlouses, 11 crabs, 15 cats, 15 dogs, 15 lobsters, 4 jellyfishs, 10 shrimps, 8 tigers?
",540
"Your task is to count how many legs there are in total when given a list of animals.

Now, how many legs are there in total if you have 10 wasps, 11 beetles, 4 praying mantiss, 13 shrimps, 9 dogs, 11 spiders, 1 crab, 10 butterflys, 3 lions, 5 ants?
",516
"Your task is to count how many legs there are in total when given a list of animals.

Now, how many legs are there in total if you have 13 scorpions, 1 cat, 5 flatworms?
",108
"Your task is to count how many legs there are in total when given a list of animals.

Now, how many legs are there in total if you have 12 wasps, 4 elephants, 6 jellyfishs, 8 tigers, 11 spiders, 8 sea slugs, 2 bees, 4 ducks?
",228
"Your task is to count how many legs there are in total when given a list of animals.

Now, how many legs are there in total if you have 3 birds, 12 chickens, 10 praying mantiss, 4 ducks?
",98
"Your task is to count how many legs there are in total when given a list of animals.

Now, how many legs are there in total if you have 8 sea slugs, 6 cockroachs, 6 spiders, 11 humans, 1 tiger, 7 lions, 9 cats, 10 woodlouses, 1 ant, 4 insects?
",344
"Your task is to count how many legs there are in total when given a list of animals.

Now, how many legs are there in total if you have 1 insect, 5 chickens, 12 cows, 6 sea slugs, 13 bees, 11 dogs, 7 birds?
",200
"Your task is to count how many legs there are in total when given a list of animals.

Now, how many legs are there in total if you have 10 snakes, 7 chickens, 9 dogs, 7 starfishs, 14 leechs, 8 praying mantiss, 1 shrimp, 9 ants, 2 deers, 14 giraffes?
",261
"Your task is to count how many legs there are in total when given a list of animals.

Now, how many legs are there in total if you have 9 dogs, 11 sea slugs, 5 ants, 13 spiders, 1 duck, 11 butterflys?
",238
"Your task is to count how many legs there are in total when given a list of animals.

Now, how many legs are there in total if you have 11 flatworms, 7 cows, 1 ant, 12 butterflys, 14 sheeps, 9 cockroachs, 13 humans, 13 leechs?
",242
"Your task is to count how many legs there are in total when given a list of animals.

Now, how many legs are there in total if you have 2 deers, 11 sea slugs, 9 sheeps, 10 wasps?
",104
"Your task is to count how many legs there are in total when given a list of animals.

Now, how many legs are there in total if you have 2 bees, 9 scorpions, 1 cockroach, 12 deers, 12 horses, 11 woodlouses, 8 leechs, 4 humans, 1 firefly?
",354
"Your task is to count how many legs there are in total when given a list of animals.

Now, how many legs are there in total if you have 15 lobsters, 3 bees, 4 leechs, 14 dogs, 2 snakes, 4 praying mantiss, 3 scorpions?
",272
"Your task is to count how many legs there are in total when given a list of animals.

Now, how many legs are there in total if you have 14 butterflys, 13 ducks, 2 elephants, 5 deers, 4 fireflys, 7 jellyfishs, 13 birds?
",188
"Your task is to count how many legs there are in total when given a list of animals.

Now, how many legs are there in total if you have 14 woodlouses, 2 elephants, 11 praying mantiss, 1 lobster, 5 scorpions, 5 cats, 10 leechs, 15 starfishs?
",415
"Your task is to count how many legs there are in total when given a list of animals.

Now, how many legs are there in total if you have 11 scorpions, 11 tigers, 6 deers, 13 giraffes?
",208
"Your task is to count how many legs there are in total when given a list of animals.

Now, how many legs are there in total if you have 13 cows, 2 flatworms, 12 lions, 10 cockroachs, 4 chickens?
",168
"Your task is to count how many legs there are in total when given a list of animals.

Now, how many legs are there in total if you have 10 flatworms, 6 ducks, 8 insects?
",60
"Your task is to count how many legs there are in total when given a list of animals.

Now, how many legs are there in total if you have 14 shrimps, 14 humans, 10 cows, 6 insects, 3 lobsters, 9 crabs, 4 tigers?
",380
"Your task is to count how many legs there are in total when given a list of animals.

Now, how many legs are there in total if you have 11 snakes, 6 dogs, 6 giraffes, 9 ducks?
",66
"Your task is to count how many legs there are in total when given a list of animals.

Now, how many legs are there in total if you have 1 crab, 10 woodlouses, 12 leechs, 11 cows, 2 ducks, 6 fireflys, 3 butterflys, 1 spider?
",260
"Your task is to count how many legs there are in total when given a list of animals.

Now, how many legs are there in total if you have 13 wasps, 9 ants, 3 spiders, 3 deers, 3 scorpions, 10 dogs, 13 cats, 9 cows?
",320
"Your task is to count how many legs there are in total when given a list of animals.

Now, how many legs are there in total if you have 5 wasps, 11 ducks, 8 lions, 7 scorpions, 3 lobsters, 3 sheeps, 11 leechs, 8 praying mantiss, 11 cockroachs, 11 cats?
",340
"Your task is to count how many legs there are in total when given a list of animals.

Now, how many legs are there in total if you have 15 beetles, 2 fireflys, 15 elephants, 13 ants, 10 snakes, 9 humans?
",258
"Your task is to count how many legs there are in total when given a list of animals.

Now, how many legs are there in total if you have 10 ducks, 15 woodlouses, 8 cats?
",262
"Your task is to count how many legs there are in total when given a list of animals.

Now, how many legs are there in total if you have 5 dogs, 5 tigers, 6 sea slugs, 15 flatworms, 15 butterflys, 3 crabs, 15 jellyfishs?
",160
"Your task is to count how many legs there are in total when given a list of animals.

Now, how many legs are there in total if you have 10 butterflys, 8 snakes, 2 spiders, 4 sheeps, 12 birds, 9 insects, 13 woodlouses, 8 chickens, 8 horses, 10 dogs?
",440
"Your task is to count how many legs there are in total when given a list of animals.

Now, how many legs are there in total if you have 13 ants, 4 scorpions, 3 lobsters, 13 horses, 9 dogs?
",228
"Your task is to count how many legs there are in total when given a list of animals.

Now, how many legs are there in total if you have 14 horses, 2 tigers, 7 praying mantiss, 4 bees, 1 wasp, 11 chickens, 11 scorpions, 2 starfishs, 14 woodlouses, 5 fireflys?
",482
"Your task is to count how many legs there are in total when given a list of animals.

Now, how many legs are there in total if you have 7 elephants, 4 crickets, 12 beetles, 11 horses, 3 grasshoppers?
",186
"Your task is to count how many legs there are in total when given a list of animals.

Now, how many legs are there in total if you have 15 woodlouses, 14 crabs, 3 beetles, 15 cows, 11 grasshoppers, 5 scorpions, 6 starfishs, 5 lobsters?
",614
"Your task is to count how many legs there are in total when given a list of animals.

Now, how many legs are there in total if you have 5 lobsters, 1 giraffe, 4 chickens, 4 crabs, 7 horses, 12 beetles, 2 wasps, 2 cats?
",222
"Your task is to count how many legs there are in total when given a list of animals.

Now, how many legs are there in total if you have 3 ants, 9 snakes, 3 horses, 4 butterflys, 8 leechs, 8 giraffes, 15 scorpions?
",206
"Your task is to count how many legs there are in total when given a list of animals.

Now, how many legs are there in total if you have 14 sea slugs, 9 grasshoppers, 2 scorpions, 13 jellyfishs, 10 crabs, 12 insects?
",242
"Your task is to count how many legs there are in total when given a list of animals.

Now, how many legs are there in total if you have 2 woodlouses, 2 sheeps, 7 cats?
",64
"Your task is to count how many legs there are in total when given a list of animals.

Now, how many legs are there in total if you have 8 fireflys, 9 woodlouses, 1 spider, 2 sheeps, 3 lobsters?
",220
"Your task is to count how many legs there are in total when given a list of animals.

Now, how many legs are there in total if you have 8 shrimps, 12 lions, 7 scorpions, 10 starfishs, 3 insects, 11 ducks, 3 snakes?
",274
"Your task is to count how many legs there are in total when given a list of animals.

Now, how many legs are there in total if you have 15 crabs, 13 snakes, 9 lobsters?
",240
"Your task is to count how many legs there are in total when given a list of animals.

Now, how many legs are there in total if you have 7 cats, 8 cows, 9 tigers, 9 butterflys, 7 woodlouses, 8 insects, 3 fireflys, 15 flatworms?
",314
"Your task is to count how many legs there are in total when given a list of animals.

Now, how many legs are there in total if you have 9 bees, 10 crickets, 8 insects, 2 tigers, 15 grasshoppers, 12 lobsters, 11 spiders, 11 flatworms, 4 sea slugs, 9 beetles?
",522
"Your task is to count how many legs there are in total when given a list of animals.

Now, how many legs are there in total if you have 1 human, 3 scorpions, 4 insects?
",50
"Your task is to count how many legs there are in total when given a list of animals.

Now, how many legs are there in total if you have 10 lobsters, 1 duck, 14 beetles, 14 tigers, 9 cats, 5 elephants, 11 praying mantiss, 5 deers, 3 wasps, 5 leechs?
",402
"Your task is to count how many legs there are in total when given a list of animals.

Now, how many legs are there in total if you have 9 woodlouses, 1 starfish, 9 cats, 15 grasshoppers, 5 wasps, 6 praying mantiss, 9 snakes?
",323
"Your task is to count how many legs there are in total when given a list of animals.

Now, how many legs are there in total if you have 8 starfishs, 11 woodlouses, 12 crabs, 2 cows, 12 ducks, 14 bees, 7 birds, 13 ants, 1 cockroach?
",528
"Your task is to count how many legs there are in total when given a list of animals.

Now, how many legs are there in total if you have 4 tigers, 9 elephants, 14 wasps, 5 leechs?
",136
"Your task is to count how many legs there are in total when given a list of animals.

Now, how many legs are there in total if you have 15 cows, 11 butterflys, 10 cockroachs, 11 sea slugs, 14 bees, 14 giraffes?
",326
"Your task is to count how many legs there are in total when given a list of animals.

Now, how many legs are there in total if you have 14 leechs, 4 sheeps, 11 tigers?
",60
"Your task is to count how many legs there are in total when given a list of animals.

Now, how many legs are there in total if you have 2 praying mantiss, 15 chickens, 15 beetles, 3 birds, 3 snakes?
",138
"Your task is to count how many legs there are in total when given a list of animals.

Now, how many legs are there in total if you have 7 lobsters, 5 leechs, 1 bird?
",72
"Your task is to count how many legs there are in total when given a list of animals.

Now, how many legs are there in total if you have 8 flatworms, 10 grasshoppers, 1 lion, 9 chickens, 4 scorpions, 10 elephants, 1 ant, 2 lobsters, 9 cats, 1 snake?
",216
"Your task is to count how many legs there are in total when given a list of animals.

Now, how many legs are there in total if you have 13 elephants, 9 giraffes, 7 cats, 1 deer, 2 grasshoppers?
",132
"Your task is to count how many legs there are in total when given a list of animals.

Now, how many legs are there in total if you have 6 ducks, 15 scorpions, 4 spiders, 1 cricket, 11 flatworms?
",170
"Your task is to count how many legs there are in total when given a list of animals.

Now, how many legs are there in total if you have 14 elephants, 14 horses, 5 lobsters, 2 deers, 15 sheeps, 8 birds, 15 dogs, 4 ants, 4 sea slugs?
",330
"Your task is to count how many legs there are in total when given a list of animals.

Now, how many legs are there in total if you have 8 bees, 15 wasps, 3 spiders, 7 lobsters?
",232
"Your task is to count how many legs there are in total when given a list of animals.

Now, how many legs are there in total if you have 14 woodlouses, 12 wasps, 12 bees, 4 horses?
",356
"Your task is to count how many legs there are in total when given a list of animals.

Now, how many legs are there in total if you have 4 grasshoppers, 2 crickets, 7 crabs, 6 beetles, 9 dogs, 8 woodlouses, 6 flatworms, 14 tigers, 13 ducks, 14 chickens?
",400
"Your task is to count how many legs there are in total when given a list of animals.

Now, how many legs are there in total if you have 4 fireflys, 8 dogs, 13 giraffes?
",108
"Your task is to count how many legs there are in total when given a list of animals.

Now, how many legs are there in total if you have 14 jellyfishs, 9 grasshoppers, 5 bees, 10 shrimps, 11 chickens, 9 humans, 3 sheeps, 12 crabs, 1 duck, 13 cockroachs?
",436
"Your task is to count how many legs there are in total when given a list of animals.

Now, how many legs are there in total if you have 11 leechs, 12 crickets, 1 sea slug, 4 bees, 1 bird, 3 chickens, 7 deers?
",132
"Your task is to count how many legs there are in total when given a list of animals.

Now, how many legs are there in total if you have 12 horses, 9 crabs, 13 beetles?
",216
"Your task is to count how many legs there are in total when given a list of animals.

Now, how many legs are there in total if you have 11 humans, 14 leechs, 13 ducks, 11 grasshoppers, 5 flatworms, 6 lions, 1 elephant, 9 cockroachs, 5 praying mantiss?
",226
"Your task is to count how many legs there are in total when given a list of animals.

Now, how many legs are there in total if you have 6 shrimps, 15 jellyfishs, 10 butterflys, 3 deers?
",132
"Your task is to count how many legs there are in total when given a list of animals.

Now, how many legs are there in total if you have 2 grasshoppers, 5 ants, 9 sea slugs, 2 starfishs, 9 tigers, 3 cats?
",100
"Your task is to count how many legs there are in total when given a list of animals.

Now, how many legs are there in total if you have 3 cows, 2 elephants, 15 spiders, 1 insect, 11 cats, 8 humans, 4 ducks, 13 tigers?
",266
"Your task is to count how many legs there are in total when given a list of animals.

Now, how many legs are there in total if you have 5 wasps, 7 shrimps, 15 flatworms, 10 cockroachs, 10 woodlouses, 9 crickets, 2 lobsters?
",374
"Your task is to count how many legs there are in total when given a list of animals.

Now, how many legs are there in total if you have 8 deers, 2 lions, 15 elephants, 5 crickets, 9 crabs, 11 scorpions, 5 beetles, 12 cows, 10 snakes, 2 ants?
",398
"Your task is to count how many legs there are in total when given a list of animals.

Now, how many legs are there in total if you have 3 insects, 7 giraffes, 6 cows, 10 shrimps, 12 deers, 10 leechs?
",218
"Your task is to count how many legs there are in total when given a list of animals.

Now, how many legs are there in total if you have 11 wasps, 13 cockroachs, 9 chickens, 8 dogs, 4 sea slugs, 15 snakes, 2 shrimps, 10 crabs, 15 sheeps, 12 scorpions?
",470
"Your task is to count how many legs there are in total when given a list of animals.

Now, how many legs are there in total if you have 13 shrimps, 1 praying mantis, 14 tigers, 13 elephants, 12 dogs, 9 horses, 6 fireflys, 6 bees?
",400
"Your task is to count how many legs there are in total when given a list of animals.

Now, how many legs are there in total if you have 5 shrimps, 7 crabs, 2 bees, 2 praying mantiss, 12 snakes, 13 cockroachs, 9 grasshoppers, 12 wasps?
",348
"Your task is to count how many legs there are in total when given a list of animals.

Now, how many legs are there in total if you have 3 scorpions, 9 sheeps, 14 birds, 11 praying mantiss, 1 bee, 12 snakes, 6 starfishs, 3 flatworms, 8 ants, 6 humans?
",250
"Your task is to count how many legs there are in total when given a list of animals.

Now, how many legs are there in total if you have 9 cockroachs, 13 woodlouses, 6 starfishs, 3 dogs, 3 chickens, 11 grasshoppers, 10 shrimps?
",450
"Your task is to count how many legs there are in total when given a list of animals.

Now, how many legs are there in total if you have 6 cats, 13 giraffes, 13 cows, 8 deers, 14 sheeps, 7 scorpions, 7 fireflys, 14 jellyfishs, 4 starfishs?
",334
"Your task is to count how many legs there are in total when given a list of animals.

Now, how many legs are there in total if you have 13 sheeps, 9 jellyfishs, 9 starfishs, 11 shrimps?
",207
"Your task is to count how many legs there are in total when given a list of animals.

Now, how many legs are there in total if you have 1 grasshopper, 13 sea slugs, 5 ants, 2 jellyfishs, 9 horses?
",72
"Your task is to count how many legs there are in total when given a list of animals.

Now, how many legs are there in total if you have 3 snakes, 4 ants, 1 grasshopper, 15 horses, 1 insect, 8 scorpions, 12 giraffes, 2 leechs, 2 butterflys, 5 spiders?
",260
"Your task is to count how many legs there are in total when given a list of animals.

Now, how many legs are there in total if you have 12 grasshoppers, 1 snake, 9 giraffes, 5 shrimps, 10 crabs, 9 lobsters?
",348
"Your task is to count how many legs there are in total when given a list of animals.

Now, how many legs are there in total if you have 14 spiders, 15 lions, 6 bees, 3 tigers, 10 humans, 7 starfishs, 14 birds, 12 dogs, 2 crabs, 3 chickens?
",377
"Your task is to count how many legs there are in total when given a list of animals.

Now, how many legs are there in total if you have 5 fireflys, 9 beetles, 15 giraffes, 6 insects, 6 wasps, 12 grasshoppers?
",288
"Your task is to count how many legs there are in total when given a list of animals.

Now, how many legs are there in total if you have 13 humans, 9 elephants, 13 deers, 15 horses, 6 cockroachs, 12 chickens, 1 jellyfish, 1 spider?
",242
"Your task is to count how many legs there are in total when given a list of animals.

Now, how many legs are there in total if you have 12 leechs, 5 humans, 9 scorpions, 14 ducks, 9 snakes, 4 wasps, 9 ants, 11 butterflys, 14 lions, 13 lobsters?
",440
"Your task is to count how many legs there are in total when given a list of animals.

Now, how many legs are there in total if you have 9 starfishs, 12 sheeps, 6 fireflys, 5 woodlouses, 7 ants, 15 flatworms, 8 spiders?
",305
"Your task is to count how many legs there are in total when given a list of animals.

Now, how many legs are there in total if you have 11 flatworms, 7 snakes, 11 praying mantiss?
",66
"Your task is to count how many legs there are in total when given a list of animals.

Now, how many legs are there in total if you have 4 leechs, 14 butterflys, 8 ducks, 3 lions, 8 lobsters, 8 spiders, 12 flatworms, 9 giraffes?
",292
"Your task is to count how many legs there are in total when given a list of animals.

Now, how many legs are there in total if you have 14 sheeps, 4 starfishs, 12 butterflys, 11 elephants, 9 birds, 13 bees?
",288
"Your task is to count how many legs there are in total when given a list of animals.

Now, how many legs are there in total if you have 13 lobsters, 2 chickens, 8 starfishs, 15 lions, 13 cats, 13 birds, 11 grasshoppers, 2 ducks, 8 elephants?
",414
"Your task is to count how many legs there are in total when given a list of animals.

Now, how many legs are there in total if you have 3 ants, 5 sheeps, 14 cats, 4 beetles, 12 lobsters?
",238
"Your task is to count how many legs there are in total when given a list of animals.

Now, how many legs are there in total if you have 7 birds, 14 grasshoppers, 12 ants, 11 sheeps, 14 bees, 9 beetles, 5 woodlouses?
",422
"Your task is to count how many legs there are in total when given a list of animals.

Now, how many legs are there in total if you have 15 jellyfishs, 15 scorpions, 5 woodlouses, 6 ants, 11 birds, 7 bees?
",290
"Your task is to count how many legs there are in total when given a list of animals.

Now, how many legs are there in total if you have 15 shrimps, 6 dogs, 15 cows?
",234
"Your task is to count how many legs there are in total when given a list of animals.

Now, how many legs are there in total if you have 13 beetles, 1 bee, 4 spiders, 10 elephants, 5 lions, 5 ants, 2 flatworms?
",206
"Your task is to count how many legs there are in total when given a list of animals.

Now, how many legs are there in total if you have 12 jellyfishs, 8 grasshoppers, 6 birds, 13 flatworms, 8 dogs, 2 ducks, 7 starfishs, 1 human, 8 crickets, 15 cats?
",241
"Your task is to count how many legs there are in total when given a list of animals.

Now, how many legs are there in total if you have 2 horses, 3 lobsters, 6 insects, 5 crabs, 5 scorpions, 9 shrimps, 10 bees, 1 flatworm, 1 firefly?
",320
"Your task is to count how many legs there are in total when given a list of animals.

Now, how many legs are there in total if you have 14 wasps, 13 sheeps, 4 sea slugs, 11 woodlouses?
",290
"Your task is to count how many legs there are in total when given a list of animals.

Now, how many legs are there in total if you have 5 humans, 1 snake, 14 butterflys, 14 starfishs, 11 flatworms, 5 spiders, 11 scorpions, 5 giraffes, 15 grasshoppers?
",402
"Your task is to count how many legs there are in total when given a list of animals.

Now, how many legs are there in total if you have 11 scorpions, 12 ants, 15 horses?
",220
"Your task is to count how many legs there are in total when given a list of animals.

Now, how many legs are there in total if you have 11 fireflys, 1 shrimp, 1 starfish, 13 scorpions, 1 spider, 1 lion, 10 crabs, 14 sheeps?
",353
"Your task is to count how many legs there are in total when given a list of animals.

Now, how many legs are there in total if you have 1 snake, 15 cats, 11 beetles, 11 giraffes, 15 dogs, 14 grasshoppers, 1 human, 7 ants, 12 crabs, 14 sheeps?
",534
"Your task is to count how many legs there are in total when given a list of animals.

Now, how many legs are there in total if you have 7 woodlouses, 4 horses, 1 snake, 2 leechs, 2 grasshoppers, 13 ants, 6 lobsters?
",264
"Your task is to count how many legs there are in total when given a list of animals.

Now, how many legs are there in total if you have 8 crabs, 4 cats, 14 insects, 2 giraffes, 3 tigers, 11 birds, 1 elephant, 14 lions, 9 chickens?
",300
"Your task is to count how many legs there are in total when given a list of animals.

Now, how many legs are there in total if you have 8 snakes, 5 dogs, 15 crabs?
",170
"Your task is to count how many legs there are in total when given a list of animals.

Now, how many legs are there in total if you have 12 leechs, 15 crickets, 12 fireflys, 15 tigers, 5 lobsters, 3 flatworms, 13 wasps?
",350
"Your task is to count how many legs there are in total when given a list of animals.

Now, how many legs are there in total if you have 10 shrimps, 12 lions, 6 tigers, 6 chickens, 1 elephant, 5 crickets, 10 giraffes, 3 cats, 2 birds?
",274
"Your task is to count how many legs there are in total when given a list of animals.

Now, how many legs are there in total if you have 3 wasps, 5 dogs, 1 elephant?
",42
"Your task is to count how many legs there are in total when given a list of animals.

Now, how many legs are there in total if you have 6 fireflys, 6 praying mantiss, 9 beetles, 12 flatworms, 5 ants, 4 snakes, 4 elephants?
",172
"Your task is to count how many legs there are in total when given a list of animals.

Now, how many legs are there in total if you have 5 horses, 7 starfishs, 15 cows, 12 praying mantiss?
",187
"Your task is to count how many legs there are in total when given a list of animals.

Now, how many legs are there in total if you have 3 insects, 6 lions, 5 spiders, 8 humans, 1 scorpion, 10 fireflys, 5 sheeps, 9 dogs, 11 grasshoppers, 1 ant?
",294
"Your task is to count how many legs there are in total when given a list of animals.

Now, how many legs are there in total if you have 8 crickets, 4 ants, 13 chickens, 12 humans, 5 starfishs, 4 birds, 12 spiders?
",251
"Your task is to count how many legs there are in total when given a list of animals.

Now, how many legs are there in total if you have 9 jellyfishs, 13 giraffes, 3 sheeps, 2 leechs, 8 lions?
",96
"Your task is to count how many legs there are in total when given a list of animals.

Now, how many legs are there in total if you have 4 beetles, 13 ducks, 2 lions?
",58
"Your task is to count how many legs there are in total when given a list of animals.

Now, how many legs are there in total if you have 11 insects, 13 praying mantiss, 10 scorpions, 2 beetles?
",236
"Your task is to count how many legs there are in total when given a list of animals.

Now, how many legs are there in total if you have 13 flatworms, 8 spiders, 4 scorpions?
",96
"Your task is to count how many legs there are in total when given a list of animals.

Now, how many legs are there in total if you have 12 sheeps, 13 cows, 8 sea slugs, 9 cockroachs, 1 spider?
",162
"Your task is to count how many legs there are in total when given a list of animals.

Now, how many legs are there in total if you have 13 crickets, 12 ducks, 10 cats, 11 starfishs, 3 shrimps, 9 jellyfishs, 2 praying mantiss, 1 sheep, 1 butterfly, 7 insects?
",291
"Your task is to count how many legs there are in total when given a list of animals.

Now, how many legs are there in total if you have 9 snakes, 12 lions, 2 jellyfishs, 13 cockroachs?
",126
"Your task is to count how many legs there are in total when given a list of animals.

Now, how many legs are there in total if you have 10 grasshoppers, 10 horses, 14 insects, 9 humans, 5 sheeps, 6 scorpions?
",270
"Your task is to count how many legs there are in total when given a list of animals.

Now, how many legs are there in total if you have 5 cows, 11 praying mantiss, 15 scorpions, 3 grasshoppers, 6 beetles, 4 starfishs?
",280
"Your task is to count how many legs there are in total when given a list of animals.

Now, how many legs are there in total if you have 9 fireflys, 12 shrimps, 12 cats, 1 lion, 10 elephants, 12 bees?
",338
"Your task is to count how many legs there are in total when given a list of animals.

Now, how many legs are there in total if you have 15 ducks, 10 lions, 5 cows, 7 crabs, 10 sheeps, 1 cat, 2 crickets?
",216
"Your task is to count how many legs there are in total when given a list of animals.

Now, how many legs are there in total if you have 13 spiders, 9 elephants, 1 lion?
",144
"Your task is to count how many legs there are in total when given a list of animals.

Now, how many legs are there in total if you have 3 scorpions, 15 snakes, 5 tigers, 15 horses, 8 wasps, 13 birds, 14 humans, 4 jellyfishs?
",206
"Your task is to count how many legs there are in total when given a list of animals.

Now, how many legs are there in total if you have 10 woodlouses, 15 sheeps, 4 flatworms?
",200
"Your task is to count how many legs there are in total when given a list of animals.

Now, how many legs are there in total if you have 6 cats, 11 ducks, 13 sheeps, 15 beetles, 11 dogs, 5 spiders, 12 fireflys, 10 grasshoppers, 15 woodlouses?
",614
"Your task is to count how many legs there are in total when given a list of animals.

Now, how many legs are there in total if you have 12 giraffes, 4 insects, 10 scorpions?
",152
"Your task is to count how many legs there are in total when given a list of animals.

Now, how many legs are there in total if you have 5 insects, 10 jellyfishs, 10 wasps?
",90
"Your task is to count how many legs there are in total when given a list of animals.

Now, how many legs are there in total if you have 12 snakes, 13 chickens, 3 cows?
",38
"Your task is to count how many legs there are in total when given a list of animals.

Now, how many legs are there in total if you have 2 leechs, 14 dogs, 8 cats, 9 sea slugs, 2 shrimps, 6 humans?
",120
"Your task is to count how many legs there are in total when given a list of animals.

Now, how many legs are there in total if you have 6 horses, 3 scorpions, 6 deers, 13 lions?
",124
"Your task is to count how many legs there are in total when given a list of animals.

Now, how many legs are there in total if you have 11 birds, 5 grasshoppers, 8 woodlouses, 11 spiders, 10 cows, 3 dogs, 4 wasps, 7 beetles?
",370
"Your task is to count how many legs there are in total when given a list of animals.

Now, how many legs are there in total if you have 3 giraffes, 1 ant, 1 starfish, 11 beetles, 7 scorpions, 10 horses, 4 bees, 10 butterflys, 15 spiders, 11 flatworms?
",389
"Your task is to count how many legs there are in total when given a list of animals.

Now, how many legs are there in total if you have 1 praying mantis, 3 cats, 8 cockroachs?
",66
"Your task is to count how many legs there are in total when given a list of animals.

Now, how many legs are there in total if you have 6 chickens, 9 jellyfishs, 13 giraffes?
",64
"Your task is to count how many legs there are in total when given a list of animals.

Now, how many legs are there in total if you have 7 grasshoppers, 14 sheeps, 10 crabs, 11 scorpions, 8 sea slugs, 7 flatworms, 13 butterflys, 14 bees, 6 giraffes, 5 insects?
",502
"Your task is to count how many legs there are in total when given a list of animals.

Now, how many legs are there in total if you have 15 ants, 2 leechs, 13 lobsters, 8 bees, 8 horses, 7 sea slugs, 12 chickens?
",324
"Your task is to count how many legs there are in total when given a list of animals.

Now, how many legs are there in total if you have 13 cats, 7 chickens, 10 leechs, 13 grasshoppers, 6 crabs?
",204
"Your task is to count how many legs there are in total when given a list of animals.

Now, how many legs are there in total if you have 1 bee, 7 deers, 8 wasps, 8 cows, 5 sea slugs, 9 scorpions, 12 lions?
",234
"Your task is to count how many legs there are in total when given a list of animals.

Now, how many legs are there in total if you have 9 cockroachs, 7 crickets, 3 leechs, 8 humans, 3 dogs, 15 ants, 8 cows?
",246
"Your task is to count how many legs there are in total when given a list of animals.

Now, how many legs are there in total if you have 15 horses, 6 spiders, 3 humans, 14 deers, 10 sea slugs?
",170
"Your task is to count how many legs there are in total when given a list of animals.

Now, how many legs are there in total if you have 7 lobsters, 13 ants, 10 woodlouses?
",288
"Your task is to count how many legs there are in total when given a list of animals.

Now, how many legs are there in total if you have 13 wasps, 15 lions, 9 sea slugs, 5 grasshoppers, 7 humans, 13 crickets?
",260
"Your task is to count how many legs there are in total when given a list of animals.

Now, how many legs are there in total if you have 4 snakes, 9 cows, 13 birds, 5 cats, 9 leechs, 9 insects, 9 deers, 9 chickens, 5 lions, 12 woodlouses?
",378
"Your task is to count how many legs there are in total when given a list of animals.

Now, how many legs are there in total if you have 12 jellyfishs, 6 shrimps, 7 grasshoppers, 8 cats, 5 starfishs, 14 deers, 8 dogs, 13 crickets?
",325
"Your task is to count how many legs there are in total when given a list of animals.

Now, how many legs are there in total if you have 4 tigers, 10 butterflys, 9 insects, 14 jellyfishs, 11 beetles, 9 birds, 11 shrimps, 15 scorpions?
",444
"Your task is to count how many legs there are in total when given a list of animals.

Now, how many legs are there in total if you have 9 ducks, 9 grasshoppers, 4 jellyfishs, 7 tigers, 13 beetles, 2 lobsters, 10 fireflys?
",258
"Your task is to count how many legs there are in total when given a list of animals.

Now, how many legs are there in total if you have 13 scorpions, 11 sea slugs, 12 insects, 3 wasps, 9 lions?
",230
"Your task is to count how many legs there are in total when given a list of animals.

Now, how many legs are there in total if you have 9 crabs, 5 shrimps, 3 elephants, 15 butterflys, 1 snake, 3 chickens, 10 beetles, 4 flatworms?
",308
"Your task is to count how many legs there are in total when given a list of animals.

Now, how many legs are there in total if you have 6 grasshoppers, 8 lobsters, 9 bees, 4 birds, 10 jellyfishs?
",178
"Your task is to count how many legs there are in total when given a list of animals.

Now, how many legs are there in total if you have 13 woodlouses, 13 leechs, 1 deer, 3 grasshoppers, 11 spiders, 13 dogs, 9 lobsters?
",434
"Your task is to count how many legs there are in total when given a list of animals.

Now, how many legs are there in total if you have 11 deers, 4 beetles, 14 lobsters, 5 sea slugs, 3 birds, 6 cats?
",238
"Your task is to count how many legs there are in total when given a list of animals.

Now, how many legs are there in total if you have 10 horses, 13 chickens, 1 starfish, 9 crickets, 14 bees, 10 sea slugs, 9 sheeps?
",245
"Your task is to count how many legs there are in total when given a list of animals.

Now, how many legs are there in total if you have 7 deers, 8 jellyfishs, 14 cockroachs, 9 cats, 11 birds, 13 elephants, 9 bees, 13 spiders, 2 shrimps, 8 giraffes?
",432
"Your task is to count how many legs there are in total when given a list of animals.

Now, how many legs are there in total if you have 11 snakes, 13 grasshoppers, 8 leechs, 6 dogs, 5 sea slugs, 1 giraffe, 11 bees?
",172
"Your task is to count how many legs there are in total when given a list of animals.

Now, how many legs are there in total if you have 10 bees, 6 spiders, 10 giraffes?
",148
"Your task is to count how many legs there are in total when given a list of animals.

Now, how many legs are there in total if you have 6 cockroachs, 11 tigers, 3 elephants?
",92
"Your task is to count how many legs there are in total when given a list of animals.

Now, how many legs are there in total if you have 13 starfishs, 8 giraffes, 10 woodlouses, 4 sheeps, 3 beetles, 15 bees, 11 jellyfishs, 2 birds, 12 humans?
",389
"Your task is to count how many legs there are in total when given a list of animals.

Now, how many legs are there in total if you have 8 birds, 7 lions, 12 crabs, 15 lobsters, 4 snakes, 11 cockroachs?
",380
"Your task is to count how many legs there are in total when given a list of animals.

Now, how many legs are there in total if you have 10 woodlouses, 6 butterflys, 1 firefly, 11 beetles?
",248
"Your task is to count how many legs there are in total when given a list of animals.

Now, how many legs are there in total if you have 7 lions, 14 butterflys, 11 flatworms, 1 grasshopper, 12 insects, 15 cats, 3 humans, 2 snakes, 5 lobsters?
",306
"Your task is to count how many legs there are in total when given a list of animals.

Now, how many legs are there in total if you have 10 woodlouses, 10 tigers, 6 deers, 13 birds?
",230
"Your task is to count how many legs there are in total when given a list of animals.

Now, how many legs are there in total if you have 2 horses, 8 flatworms, 1 starfish, 5 crickets, 3 insects, 1 butterfly?
",67
"Your task is to count how many legs there are in total when given a list of animals.

Now, how many legs are there in total if you have 14 fireflys, 12 butterflys, 2 crickets, 2 starfishs, 8 chickens?
",194
"Your task is to count how many legs there are in total when given a list of animals.

Now, how many legs are there in total if you have 15 butterflys, 14 crabs, 12 wasps, 10 snakes, 6 grasshoppers, 11 sheeps, 3 beetles, 3 shrimps?
",430
"Your task is to count how many legs there are in total when given a list of animals.

Now, how many legs are there in total if you have 15 crickets, 15 scorpions, 13 leechs, 10 crabs, 5 grasshoppers, 7 starfishs, 12 cows?
",423
"Your task is to count how many legs there are in total when given a list of animals.

Now, how many legs are there in total if you have 10 starfishs, 12 praying mantiss, 4 shrimps, 7 scorpions, 9 elephants, 15 bees, 5 humans, 8 wasps, 4 jellyfishs, 12 leechs?
",402
"Your task is to count how many legs there are in total when given a list of animals.

Now, how many legs are there in total if you have 6 dogs, 6 wasps, 3 insects, 15 leechs, 3 ants?
",96
"Your task is to count how many legs there are in total when given a list of animals.

Now, how many legs are there in total if you have 1 leech, 9 cockroachs, 10 crickets, 4 woodlouses, 2 humans, 4 starfishs, 9 praying mantiss, 6 cows?
",272
"Your task is to count how many legs there are in total when given a list of animals.

Now, how many legs are there in total if you have 1 giraffe, 7 insects, 14 crabs, 7 sea slugs, 1 ant, 7 woodlouses, 11 dogs, 11 humans, 3 bees, 9 starfishs?
",419
"Your task is to count how many legs there are in total when given a list of animals.

Now, how many legs are there in total if you have 10 lions, 5 cockroachs, 13 praying mantiss, 14 scorpions, 14 sheeps, 3 cats?
",328
"Your task is to count how many legs there are in total when given a list of animals.

Now, how many legs are there in total if you have 5 jellyfishs, 10 lobsters, 5 sea slugs?
",100
"Your task is to count how many legs there are in total when given a list of animals.

Now, how many legs are there in total if you have 9 bees, 7 ants, 7 shrimps, 6 praying mantiss, 12 wasps, 13 spiders, 12 starfishs?
",438
"Your task is to count how many legs there are in total when given a list of animals.

Now, how many legs are there in total if you have 1 cow, 15 ants, 1 dog?
",98
"Your task is to count how many legs there are in total when given a list of animals.

Now, how many legs are there in total if you have 2 birds, 3 insects, 5 beetles, 3 starfishs, 11 leechs?
",67
"Your task is to count how many legs there are in total when given a list of animals.

Now, how many legs are there in total if you have 1 sheep, 11 shrimps, 6 horses, 2 bees, 8 chickens?
",166
"Your task is to count how many legs there are in total when given a list of animals.

Now, how many legs are there in total if you have 1 cow, 5 dogs, 12 sea slugs, 14 cockroachs, 6 birds, 11 ducks?
",142
"Your task is to count how many legs there are in total when given a list of animals.

Now, how many legs are there in total if you have 4 butterflys, 4 lobsters, 14 cows, 2 leechs, 9 beetles, 5 dogs, 12 elephants, 3 spiders?
",266
"Your task is to count how many legs there are in total when given a list of animals.

Now, how many legs are there in total if you have 4 fireflys, 1 woodlouse, 12 jellyfishs?
",38
"Your task is to count how many legs there are in total when given a list of animals.

Now, how many legs are there in total if you have 4 snakes, 9 dogs, 12 butterflys, 6 giraffes, 12 birds, 2 wasps, 10 jellyfishs, 6 beetles?
",204
"Your task is to count how many legs there are in total when given a list of animals.

Now, how many legs are there in total if you have 12 flatworms, 3 scorpions, 15 grasshoppers, 11 humans, 5 lions?
",156
"Your task is to count how many legs there are in total when given a list of animals.

Now, how many legs are there in total if you have 2 cats, 6 dogs, 14 jellyfishs, 8 beetles, 14 giraffes, 8 chickens, 3 ants, 10 wasps, 14 lobsters?
",370
"Your task is to count how many legs there are in total when given a list of animals.

Now, how many legs are there in total if you have 1 lion, 2 butterflys, 14 humans, 9 giraffes, 11 scorpions?
",168
"Your task is to count how many legs there are in total when given a list of animals.

Now, how many legs are there in total if you have 15 leechs, 13 insects, 13 woodlouses, 10 birds, 13 fireflys, 15 scorpions?
",478
"Your task is to count how many legs there are in total when given a list of animals.

Now, how many legs are there in total if you have 7 sheeps, 12 humans, 5 sea slugs, 2 insects, 4 bees, 1 cricket?
",94
"Your task is to count how many legs there are in total when given a list of animals.

Now, how many legs are there in total if you have 5 ants, 14 chickens, 7 beetles, 7 lobsters, 14 praying mantiss?
",254
"Your task is to count how many legs there are in total when given a list of animals.

Now, how many legs are there in total if you have 2 cats, 10 spiders, 6 dogs?
",112
"Your task is to count how many legs there are in total when given a list of animals.

Now, how many legs are there in total if you have 4 jellyfishs, 12 fireflys, 7 chickens, 5 giraffes, 5 horses?
",126
"Your task is to count how many legs there are in total when given a list of animals.

Now, how many legs are there in total if you have 6 flatworms, 7 elephants, 5 praying mantiss?
",58
"Your task is to count how many legs there are in total when given a list of animals.

Now, how many legs are there in total if you have 6 giraffes, 13 shrimps, 1 cockroach, 6 fireflys, 4 ducks, 11 tigers, 13 lobsters, 4 insects, 5 beetles, 6 bees?
",468
"Your task is to count how many legs there are in total when given a list of animals.

Now, how many legs are there in total if you have 11 bees, 4 starfishs, 7 sea slugs, 12 butterflys?
",158
"Your task is to count how many legs there are in total when given a list of animals.

Now, how many legs are there in total if you have 12 crabs, 6 dogs, 1 sea slug, 13 chickens?
",170
"Your task is to count how many legs there are in total when given a list of animals.

Now, how many legs are there in total if you have 2 bees, 15 scorpions, 3 crickets?
",150
"Your task is to count how many legs there are in total when given a list of animals.

Now, how many legs are there in total if you have 3 birds, 5 shrimps, 14 ducks, 7 dogs, 4 butterflys?
",136
"Your task is to count how many legs there are in total when given a list of animals.

Now, how many legs are there in total if you have 15 snakes, 14 crabs, 10 tigers, 15 flatworms?
",180
"Your task is to count how many legs there are in total when given a list of animals.

Now, how many legs are there in total if you have 10 sea slugs, 6 cats, 9 praying mantiss, 11 ants?
",144
"Your task is to count how many legs there are in total when given a list of animals.

Now, how many legs are there in total if you have 11 spiders, 5 ants, 1 starfish, 3 lions, 15 bees, 2 leechs, 9 humans, 15 butterflys?
",333
"Your task is to count how many legs there are in total when given a list of animals.

Now, how many legs are there in total if you have 15 beetles, 11 woodlouses, 4 scorpions, 8 sea slugs, 2 bees, 13 starfishs, 15 elephants, 4 fireflys, 15 crickets?
",527
"Your task is to count how many legs there are in total when given a list of animals.

Now, how many legs are there in total if you have 14 birds, 11 grasshoppers, 11 fireflys, 11 leechs, 6 bees, 14 ducks, 2 crickets?
",236
"Your task is to count how many legs there are in total when given a list of animals.

Now, how many legs are there in total if you have 5 dogs, 8 tigers, 2 cockroachs, 6 jellyfishs, 15 leechs, 9 praying mantiss, 2 insects, 5 cats, 12 starfishs, 11 ducks?
",232
"Your task is to count how many legs there are in total when given a list of animals.

Now, how many legs are there in total if you have 8 lobsters, 15 dogs, 8 leechs, 11 cows?
",184
"Your task is to count how many legs there are in total when given a list of animals.

Now, how many legs are there in total if you have 9 tigers, 14 humans, 12 crickets, 5 shrimps, 2 sheeps?
",194
"Your task is to count how many legs there are in total when given a list of animals.

Now, how many legs are there in total if you have 1 ant, 1 chicken, 14 ducks?
",36
"Your task is to count how many legs there are in total when given a list of animals.

Now, how many legs are there in total if you have 15 beetles, 14 horses, 7 scorpions, 15 spiders, 7 snakes, 2 sea slugs, 3 giraffes, 7 woodlouses, 1 cow?
",436
"Your task is to count how many legs there are in total when given a list of animals.

Now, how many legs are there in total if you have 7 insects, 8 praying mantiss, 3 crickets, 1 leech, 10 fireflys, 6 shrimps, 11 dogs, 8 crabs?
",352
"Your task is to count how many legs there are in total when given a list of animals.

Now, how many legs are there in total if you have 10 tigers, 6 cockroachs, 7 jellyfishs, 5 humans, 13 cats, 5 ants, 13 shrimps, 15 cows, 5 leechs, 11 horses?
",402
"Your task is to count how many legs there are in total when given a list of animals.

Now, how many legs are there in total if you have 15 cockroachs, 5 sheeps, 15 crickets, 12 beetles, 13 cats, 12 sea slugs, 1 scorpion, 6 dogs, 10 ducks, 14 fireflys?
",460
"Your task is to count how many legs there are in total when given a list of animals.

Now, how many legs are there in total if you have 7 cows, 9 sea slugs, 10 praying mantiss, 4 cockroachs, 8 butterflys, 13 sheeps, 14 woodlouses, 4 beetles, 9 leechs, 15 crabs?
",582
"Your task is to count how many legs there are in total when given a list of animals.

Now, how many legs are there in total if you have 6 grasshoppers, 7 shrimps, 12 starfishs, 1 elephant, 1 bee, 10 flatworms, 6 insects, 10 ducks, 1 dog, 7 butterflys?
",278
"Your task is to count how many legs there are in total when given a list of animals.

Now, how many legs are there in total if you have 8 leechs, 11 elephants, 4 ducks, 4 shrimps, 14 bees, 1 ant?
",182
"Your task is to count how many legs there are in total when given a list of animals.

Now, how many legs are there in total if you have 13 ducks, 4 beetles, 7 cats, 7 birds, 7 sheeps, 12 starfishs?
",180
"Your task is to count how many legs there are in total when given a list of animals.

Now, how many legs are there in total if you have 15 butterflys, 5 dogs, 10 woodlouses, 10 spiders?
",330
"Your task is to count how many legs there are in total when given a list of animals.

Now, how many legs are there in total if you have 3 flatworms, 9 fireflys, 11 tigers, 10 cows, 12 ducks, 6 wasps, 6 birds, 9 grasshoppers, 7 praying mantiss, 14 insects?
",390
"Your task is to count how many legs there are in total when given a list of animals.

Now, how many legs are there in total if you have 11 beetles, 10 flatworms, 13 chickens?
",92
"Your task is to count how many legs there are in total when given a list of animals.

Now, how many legs are there in total if you have 2 scorpions, 15 insects, 5 woodlouses?
",176
"Your task is to count how many legs there are in total when given a list of animals.

Now, how many legs are there in total if you have 11 shrimps, 7 elephants, 13 sheeps, 12 starfishs?
",250
"Your task is to count how many legs there are in total when given a list of animals.

Now, how many legs are there in total if you have 11 lions, 14 beetles, 10 birds?
",148
"Your task is to count how many legs there are in total when given a list of animals.

Now, how many legs are there in total if you have 6 snakes, 7 leechs, 15 spiders, 14 lions, 2 praying mantiss, 5 crickets, 2 flatworms, 13 humans, 1 elephant, 10 grasshoppers?
",308
"Your task is to count how many legs there are in total when given a list of animals.

Now, how many legs are there in total if you have 4 leechs, 9 flatworms, 13 insects, 8 woodlouses, 4 giraffes, 13 lions, 11 elephants, 2 dogs, 4 birds?
",318
"Your task is to count how many legs there are in total when given a list of animals.

Now, how many legs are there in total if you have 1 leech, 8 grasshoppers, 7 butterflys, 14 cats, 5 cows, 10 woodlouses?
",306
"Your task is to count how many legs there are in total when given a list of animals.

Now, how many legs are there in total if you have 7 lobsters, 6 bees, 15 humans, 13 flatworms, 13 wasps?
",214
"Your task is to count how many legs there are in total when given a list of animals.

Now, how many legs are there in total if you have 2 cats, 3 grasshoppers, 4 flatworms, 4 ants, 11 cows, 3 deers, 15 starfishs?
",181
"Your task is to count how many legs there are in total when given a list of animals.

Now, how many legs are there in total if you have 8 spiders, 14 praying mantiss, 5 elephants, 15 lobsters, 4 cockroachs?
",342
"Your task is to count how many legs there are in total when given a list of animals.

Now, how many legs are there in total if you have 5 starfishs, 15 cats, 4 sheeps, 14 flatworms, 4 beetles, 12 sea slugs?
",125
"Your task is to count how many legs there are in total when given a list of animals.

Now, how many legs are there in total if you have 10 fireflys, 1 beetle, 9 horses, 14 ants?
",186
"Your task is to count how many legs there are in total when given a list of animals.

Now, how many legs are there in total if you have 12 flatworms, 10 wasps, 13 ants, 5 bees, 15 scorpions, 11 cockroachs, 1 lion, 2 crabs, 7 deers?
",406
"Your task is to count how many legs there are in total when given a list of animals.

Now, how many legs are there in total if you have 1 wasp, 10 horses, 7 ants, 6 lions, 3 crickets, 14 scorpions, 11 butterflys, 11 giraffes?
",352
"Your task is to count how many legs there are in total when given a list of animals.

Now, how many legs are there in total if you have 7 jellyfishs, 13 ducks, 15 chickens, 3 scorpions?
",80
"Your task is to count how many legs there are in total when given a list of animals.

Now, how many legs are there in total if you have 5 shrimps, 3 tigers, 3 chickens, 6 sheeps, 4 ducks, 6 leechs, 4 giraffes, 4 praying mantiss, 3 fireflys, 8 flatworms?
",158
"Your task is to count how many legs there are in total when given a list of animals.

Now, how many legs are there in total if you have 14 cockroachs, 9 ants, 8 insects, 9 scorpions, 14 lions, 2 leechs?
",314
"Your task is to count how many legs there are in total when given a list of animals.

Now, how many legs are there in total if you have 7 sea slugs, 9 wasps, 9 scorpions, 4 starfishs, 4 humans?
",154
"Your task is to count how many legs there are in total when given a list of animals.

Now, how many legs are there in total if you have 7 giraffes, 10 spiders, 4 cats, 14 insects, 12 sheeps?
",256
"Your task is to count how many legs there are in total when given a list of animals.

Now, how many legs are there in total if you have 9 praying mantiss, 3 cockroachs, 10 fireflys, 2 beetles, 8 grasshoppers?
",192
"Your task is to count how many legs there are in total when given a list of animals.

Now, how many legs are there in total if you have 5 lobsters, 5 deers, 8 giraffes, 2 jellyfishs, 15 cockroachs, 15 fireflys, 3 sheeps, 3 crabs, 14 cats?
",380
"Your task is to count how many legs there are in total when given a list of animals.

Now, how many legs are there in total if you have 1 cockroach, 14 lobsters, 15 starfishs, 13 flatworms, 7 grasshoppers, 5 insects, 11 wasps?
",359
"Your task is to count how many legs there are in total when given a list of animals.

Now, how many legs are there in total if you have 12 cockroachs, 9 bees, 12 insects, 9 ants, 5 birds, 3 humans, 4 lobsters, 15 dogs, 15 grasshoppers?
",458
"Your task is to count how many legs there are in total when given a list of animals.

Now, how many legs are there in total if you have 6 cows, 7 starfishs, 9 horses, 12 grasshoppers, 10 tigers, 4 giraffes, 5 insects, 9 crabs, 12 beetles, 6 spiders?
",463
"Your task is to count how many legs there are in total when given a list of animals.

Now, how many legs are there in total if you have 6 fireflys, 7 cows, 10 crabs, 4 snakes?
",164
"Your task is to count how many legs there are in total when given a list of animals.

Now, how many legs are there in total if you have 15 insects, 10 scorpions, 10 birds, 9 elephants?
",226
"Your task is to count how many legs there are in total when given a list of animals.

Now, how many legs are there in total if you have 13 praying mantiss, 7 chickens, 11 snakes, 15 insects?
",182
"Your task is to count how many legs there are in total when given a list of animals.

Now, how many legs are there in total if you have 4 cows, 5 sea slugs, 10 beetles, 10 lobsters, 6 tigers, 9 cats, 1 ant, 10 snakes?
",242
"Your task is to count how many legs there are in total when given a list of animals.

Now, how many legs are there in total if you have 15 fireflys, 15 cows, 7 shrimps, 13 grasshoppers, 8 ducks, 7 sheeps, 14 cats, 8 praying mantiss, 9 beetles, 4 tigers?
",516
"Your task is to count how many legs there are in total when given a list of animals.

Now, how many legs are there in total if you have 7 bees, 7 beetles, 14 scorpions, 3 snakes, 12 fireflys, 10 praying mantiss, 5 spiders?
",368
"Your task is to count how many legs there are in total when given a list of animals.

Now, how many legs are there in total if you have 10 ants, 4 beetles, 4 deers, 8 praying mantiss, 5 cockroachs?
",178
"Your task is to count how many legs there are in total when given a list of animals.

Now, how many legs are there in total if you have 3 praying mantiss, 11 humans, 3 elephants?
",52
"Your task is to count how many legs there are in total when given a list of animals.

Now, how many legs are there in total if you have 7 ducks, 4 birds, 7 wasps, 9 horses, 9 grasshoppers, 2 beetles, 10 lobsters, 3 butterflys, 8 fireflys?
",332
"Your task is to count how many legs there are in total when given a list of animals.

Now, how many legs are there in total if you have 9 beetles, 2 crabs, 15 woodlouses, 5 flatworms?
",284
"Your task is to count how many legs there are in total when given a list of animals.

Now, how many legs are there in total if you have 14 cats, 15 leechs, 14 jellyfishs, 12 spiders, 2 starfishs, 10 birds, 4 cows?
",198
"Your task is to count how many legs there are in total when given a list of animals.

Now, how many legs are there in total if you have 3 woodlouses, 9 grasshoppers, 1 snake?
",96
"Your task is to count how many legs there are in total when given a list of animals.

Now, how many legs are there in total if you have 2 shrimps, 15 flatworms, 5 starfishs, 13 praying mantiss, 5 ducks, 7 jellyfishs, 13 horses?
",185
"Your task is to count how many legs there are in total when given a list of animals.

Now, how many legs are there in total if you have 9 fireflys, 10 leechs, 1 bird, 15 lobsters?
",206
"Your task is to count how many legs there are in total when given a list of animals.

Now, how many legs are there in total if you have 14 snakes, 4 shrimps, 5 tigers, 3 sheeps, 10 insects, 3 sea slugs, 5 fireflys, 1 elephant, 9 ants?
",220
"Your task is to count how many legs there are in total when given a list of animals.

Now, how many legs are there in total if you have 1 shrimp, 1 ant, 12 spiders, 4 lobsters, 13 grasshoppers, 8 butterflys, 2 chickens, 10 wasps, 14 fireflys?
",426
"Your task is to count how many legs there are in total when given a list of animals.

Now, how many legs are there in total if you have 8 cockroachs, 4 starfishs, 2 ducks?
",72
"Your task is to count how many legs there are in total when given a list of animals.

Now, how many legs are there in total if you have 12 elephants, 12 scorpions, 2 dogs, 4 starfishs, 14 birds, 8 grasshoppers, 13 snakes, 8 cockroachs?
",296
"Your task is to count how many legs there are in total when given a list of animals.

Now, how many legs are there in total if you have 12 giraffes, 8 shrimps, 6 grasshoppers, 14 ducks, 7 praying mantiss, 11 tigers, 5 scorpions, 9 wasps, 2 spiders, 15 leechs?
",388
"Your task is to count how many legs there are in total when given a list of animals.

Now, how many legs are there in total if you have 8 insects, 9 birds, 1 crab, 2 tigers?
",84
"Your task is to count how many legs there are in total when given a list of animals.

Now, how many legs are there in total if you have 5 grasshoppers, 7 flatworms, 3 woodlouses, 12 giraffes, 4 birds?
",128
